law,n,prev,sd_eta,b0,reps,seed,m_eta,folds,n_eff_mean,n_eff_median,n_eff_sd,n_eff_min,n_eff_max,S,one_class_share,same_penalty_CD,same_penalty_CDind,ml_nonconvergence_share,LL_A,LLse_A,BR_A,BRse_A,sdb_A,fix_share_A,LL_B,LLse_B,BR_B,BRse_B,sdb_B,fix_share_B,LL_C,LLse_C,BR_C,BRse_C,sdb_C,fix_share_C,LL_D,LLse_D,BR_D,BRse_D,sdb_D,fix_share_D,LL_Dind,LLse_Dind,BR_Dind,BRse_Dind,sdb_Dind,fix_share_Dind,LL_E,LLse_E,BR_E,BRse_E,sdb_E,fix_share_E,rep_beats_A_B,rep_beats_A_C,rep_beats_A_D,rep_beats_A_E,LL_D_minus_C,LL_D_minus_C_se,LL_Dind_minus_C,LL_Dind_minus_C_se,LL_oracle
project,25,0.05,0.5,0.7,500,"[20260825, 0]",-4.311952668984809,3,0.038773140400855,0.03828132388602735,0.010464918731929423,0.009226121002546083,0.07548591142810643,0.003489582636076951,0.292,1.0,1.0,0.82,0.3473956891042351,0.009887106282878491,0.049308554619769955,0.00012541583936762137,0.0,1.0,0.3567934857538339,0.009619318751406989,0.049622323366350134,0.00012102586413815983,1.4221901788327498,0.0,0.3473956891042351,0.009887106282878491,0.049308554619769955,0.00012541583936762137,0.0,1.0,0.3473956891042351,0.009887106282878491,0.049308554619769955,0.00012541583936762137,0.0,1.0,0.3473956891042351,0.009887106282878491,0.049308554619769955,0.00012541583936762137,0.0,1.0,0.34740155545358037,0.00988694791221203,0.04930137605062623,0.00012459482252456035,0.08628175662175083,0.972,0.194,0.0,0.0,0.016,0.0,0.0,0.0,0.0,0.3473956891042351
project,25,0.05,0.5,1.0,500,"[20260825, 1]",-3.061543533844686,3,0.1349659767643791,0.13454002218836983,0.03426911365604813,0.05343353274477839,0.24545295250665267,0.0,0.264,1.0,0.994,0.728,0.33291682459329425,0.009619838146551476,0.04931014755585728,0.00017727639594119736,0.0,1.0,0.3336078759851177,0.00960610822677204,0.049199734886885615,0.00018838872482827647,1.5532163155625396,0.0,0.33291745689537117,0.009619824374972582,0.04931050544090137,0.00017729399300189257,0.0035495369774384573,0.998,0.33291745689537117,0.009619824374972582,0.04931050544090137,0.00017729399300189257,0.0035495369774384573,0.998,0.3330509671214102,0.009617673437857162,0.049342567986001055,0.0001815426622318178,0.04810114243187883,0.996,0.33296178772161483,0.009619011504439015,0.049315471983426104,0.00017806535475841024,0.08349613397501746,0.984,0.254,0.0,0.0,0.002,0.0,0.0,0.00013351022603899315,0.00012554842149042615,0.33291682459329425
project,25,0.05,0.5,1.25,500,"[20260825, 2]",-2.483918386274661,3,0.23377487929883176,0.2339189845214336,0.060026261581803644,0.07910307186352719,0.4089428699659436,0.014610929956176985,0.31,1.0,0.996,0.644,0.3538756325487999,0.010121394028662674,0.04906337162642706,0.00011117488434278625,0.0,1.0,0.3568461836396349,0.010030539496809127,0.049228600530737,0.00011405448438242271,1.7738335191274568,0.0,0.353832868674205,0.010122622579830137,0.04905653799239687,0.00011114453502127738,0.02420592203364068,0.996,0.353832868674205,0.010122622579830137,0.04905653799239687,0.00011114453502127738,0.02420592203364068,0.996,0.3538756325487999,0.010121394028662674,0.04906337162642706,0.00011117488434278625,0.0,1.0,0.3539659607961328,0.010119103741911972,0.04907503728191221,0.00011219975438557376,0.14653258489504586,0.972,0.172,0.004,0.004,0.01,0.0,0.0,4.2763874594950956e-05,4.212210509014871e-05,0.3538756325487999
project,25,0.05,0.5,1.5,500,"[20260825, 3]",-2.102520055507088,3,0.33368187566234586,0.3260845534265562,0.09021907996820128,0.09540636743173889,0.7098093685831172,0.08342046891558647,0.262,0.998,0.988,0.508,0.3305229586832557,0.009628520704635548,0.04911569135097122,0.00014100111593079556,0.0,1.0,0.33647478273718184,0.00947047782680496,0.049844539196326025,0.0001646482048288579,1.9348628978335478,0.0,0.33054046279156146,0.00962812776715067,0.049130525579746905,0.00014182425564095486,0.20072014506148794,0.99,0.330540661168899,0.009628123242253539,0.04913049802406799,0.0001418231281283744,0.20072082908788216,0.992,0.3305207751323325,0.009628570939620348,0.04911592496109514,0.00014101060187350409,0.012940080433821007,0.998,0.33065319523644604,0.009625132783478723,0.04912369592454006,0.0001408422931129127,0.1419092004352948,0.952,0.168,0.004,0.002,0.0,1.9837733755162513e-07,1.9837733755162508e-07,-1.968765922894944e-05,1.394561002469465e-05,0.3305229586832557
project,25,0.05,0.5,2.0,500,"[20260825, 4]",-1.6324268561004902,3,0.5256591535314219,0.5272527297406724,0.14359550102650748,0.18118035156122678,1.099890162808651,0.5256591535314219,0.252,0.986,0.976,0.466,0.324438821661606,0.009542099825760864,0.04900510560811579,0.00015743967060812065,0.0,1.0,0.33410763047168246,0.009465827710332907,0.050376640123636976,0.00030991513586285755,2.4909092221428573,0.0,0.3245401500515132,0.009539892545470845,0.04905746567407954,0.00016086503017476156,0.3777553923094094,0.98,0.3244154729423335,0.009542617959720029,0.04900625430249826,0.00015750122318784304,0.15352463412292264,0.994,0.3244754652896062,0.009541381797752648,0.04902911269546084,0.00015962924947715738,0.18955835569702428,0.996,0.3256980984099051,0.009550572067228445,0.049183213940939,0.0001986153345029746,0.3484723651681883,0.942,0.174,0.01,0.006,0.006,-0.00012467710917968383,8.107962012710192e-05,-6.468476190697636e-05,8.734874240260112e-05,0.324438821661606
project,25,0.05,1.0,0.7,500,"[20260825, 5]",-4.476604898044034,3,0.08319249158477832,0.08336388679651166,0.01657555536922487,0.04187798980819715,0.12556971083725285,0.007487324242630051,0.282,1.0,0.99,0.726,0.34132611654073036,0.009825335400837278,0.049596112128763095,0.0001723436928213733,0.0,1.0,0.35117037824302977,0.009583486996331181,0.049783384351640377,0.00017090742489132133,1.4257153809658072,0.0,0.34136718527997495,0.009824356873795754,0.04959260305958975,0.00017231164764129386,0.03385632929584866,0.994,0.34136718527997495,0.009824356873795754,0.04959260305958975,0.00017231164764129386,0.03385632929584866,0.994,0.34139411161560934,0.00982369968514366,0.049605080186921724,0.00017257469886241398,0.06942937087039679,0.992,0.3430903650553696,0.009805499262512948,0.04973136360171259,0.00017904423564388288,0.31924548852472556,0.89,0.192,0.004,0.004,0.046,0.0,0.0,2.6926335634461175e-05,2.9551794565504167e-05,0.34132611654073036
project,25,0.05,1.0,1.0,500,"[20260825, 6]",-3.2648537122009804,3,0.2656809622969097,0.2673917078354756,0.05191456922739918,0.11601863554112786,0.4253925297744369,0.0,0.28,1.0,0.986,0.56,0.33662027735292654,0.009906801421750362,0.04911539347892707,0.00016928252559972125,0.0,1.0,0.339244012487331,0.009835747715335257,0.04892674975173269,0.00017249569485807025,1.5949657594246578,0.0,0.3367032253459777,0.009904731924424093,0.049130306864470064,0.00016998204732260363,0.07749637454972189,0.99,0.3367032253459777,0.009904731924424093,0.049130306864470064,0.00016998204732260363,0.07749637454972189,0.99,0.3366800098870925,0.009905535878760193,0.04913538727154412,0.0001717833515460921,0.06029574759811636,0.994,0.3369952688717209,0.009896848073346837,0.049110807164344336,0.00016290857576151346,0.1978708908559841,0.916,0.184,0.0,0.0,0.018,0.0,0.0,-2.321545888515203e-05,6.137630892854495e-05,0.33662027735292654
project,25,0.05,1.0,1.25,500,"[20260825, 7]",-2.7117669384803307,3,0.46720565299336875,0.46158371628049444,0.09134230708416652,0.22803624035081968,0.7884633717318145,0.029200353312085547,0.264,0.998,0.982,0.438,0.3266172155369538,0.00977913997086074,0.04879233155828153,0.00013896459466721146,0.0,1.0,0.33371256285393847,0.009657103088158536,0.04933129300489794,0.00018311762746295847,1.6793691967609947,0.0,0.3266646675917953,0.009778083498808439,0.04880276094919241,0.0001395917863747925,0.10458252796101897,0.992,0.32664796210379216,0.009778519196089741,0.04879867105806809,0.00013958790578806688,0.04923825795929788,0.994,0.3267842658518007,0.009775372155274856,0.04884965015005332,0.0001432440476052518,0.2324661367938932,0.986,0.3273462437055622,0.009771175513055372,0.04885648330071012,0.00014784688860333093,0.17472175196784354,0.954,0.124,0.0,0.0,0.002,-1.670548800314986e-05,1.670548800314986e-05,0.00011959826000531004,8.146951099187546e-05,0.3266172155369538
project,25,0.05,1.0,1.5,500,"[20260825, 8]",-2.349989241166856,3,0.6734326436265919,0.6818674442638002,0.13545647147674003,0.2778604657107393,1.02449570496593,0.16835816090664799,0.246,0.986,0.982,0.402,0.3171683722668358,0.009571147986355976,0.04879315278931344,0.00013816547224911567,0.0,1.0,0.32520807977508537,0.009383124645895947,0.04996610749923537,0.00024071084805941394,1.8755483050845974,0.0,0.3171932876211525,0.009570482707450555,0.04881712292951038,0.0001403516881091394,0.3775016016636084,0.986,0.317147265086621,0.009571596035729157,0.048815008581254246,0.00014270020189892705,0.19239058113819274,0.992,0.31726636645332745,0.009569445235056116,0.048849456971194714,0.00014710242849828563,0.18700834287781493,0.994,0.3177646100459199,0.009558446305299558,0.04894150271910578,0.00015648472335955086,0.25575335811425787,0.926,0.162,0.006,0.002,0.008,-4.602253453146527e-05,0.00010385205777132345,7.30788321749562e-05,0.000161214408743415,0.3171683722668358
project,25,0.05,1.0,2.0,500,"[20260825, 9]",-1.9090928648345549,3,1.0098928541962544,1.0007765922754275,0.19782288958649671,0.506830247025881,1.571035620694001,1.0098928541962544,0.254,0.982,0.976,0.404,0.3199226287583322,0.00971338024180979,0.04878860445125963,0.00018113394136914061,0.0,1.0,0.33593183116625414,0.009606887126554223,0.05132071954185771,0.00047260112516253974,3.702836742150264,0.0,0.32018694525998165,0.009711252614892835,0.0489340103267758,0.0002364664017987883,0.7300966406883665,0.98,0.3199141153874623,0.0097135447385204,0.04881104804192118,0.00018504232405879736,0.12716623341053093,0.994,0.31999531704664247,0.009711735788504247,0.04886352821326372,0.00019157559654267754,0.2567198018241375,0.992,0.3236243872539484,0.009768790892943496,0.049488005426239864,0.0003299236256375662,1.7179470445911311,0.9,0.198,0.006,0.004,0.016,-0.00027282987251939087,0.00015221182495092118,-0.0001916282133391688,0.0001637181520611062,0.3199226287583322
project,25,0.05,2.0,0.7,500,"[20260825, 10]",-4.9568426581977825,3,0.1347996609441755,0.13462736744430215,0.023939980540936576,0.07076277336874605,0.20684755953091571,0.012131969484975798,0.28,1.0,0.992,0.602,0.33487848137375337,0.009962408764641576,0.04947267213769039,0.0002462032389981836,0.0,1.0,0.34303859622890304,0.00979188740876326,0.04934028887459155,0.00021579495860456134,1.4174373819872335,0.0,0.334876808265685,0.009962448854415128,0.04946581564924978,0.00024601657642848513,0.031823900521228354,0.998,0.334876808265685,0.009962448854415128,0.04946581564924978,0.00024601657642848513,0.031823900521228354,0.998,0.33488447664774174,0.009962375579521603,0.04946728300408975,0.0002460898821295336,0.024796852405662467,0.994,0.3367686790905773,0.00993651998207771,0.04963189930081006,0.00026211466139283756,0.28594850006690087,0.83,0.218,0.002,0.002,0.076,0.0,0.0,7.66838205675785e-06,1.4142862924968736e-05,0.33487848137375337
project,25,0.05,2.0,1.0,500,"[20260825, 11]",-3.8181857296691097,3,0.4117366401155178,0.4123939649019628,0.07465033697579651,0.18889332485823304,0.6266678439054171,0.0,0.326,1.0,0.986,0.528,0.35283869575083177,0.010537420030405639,0.04890552626196336,0.00017666482958034896,0.0,1.0,0.35680670459207137,0.010414451750422654,0.04874995492576435,0.00014641933364224305,1.5313558395299989,0.0,0.3529476060132232,0.010534870546216461,0.048940270644555944,0.00018500993409279747,0.07521056560490083,0.992,0.3529476060132232,0.010534870546216461,0.048940270644555944,0.00018500993409279747,0.07521056560490083,0.992,0.3529501648839266,0.010534293820637485,0.04891933429225733,0.000176953277471167,0.10074775718940378,0.99,0.35315670386134124,0.010528246931116604,0.0489156602481761,0.00017665556626047664,0.1332182014534163,0.944,0.138,0.004,0.004,0.006,0.0,0.0,2.558870703418592e-06,4.716431053225524e-05,0.35283869575083177
project,25,0.05,2.0,1.25,500,"[20260825, 12]",-3.306124814942307,3,0.6739161757901737,0.6716714873380107,0.12563055817574842,0.3013562504647239,1.0416164174617497,0.04211976098688586,0.284,0.996,0.988,0.418,0.32969612201032933,0.010199721833313148,0.048668015140560544,0.00018358801074309878,0.0,1.0,0.33863881013339114,0.009963306735980653,0.0500474159262356,0.0002549567218640277,1.6560965699425638,0.0,0.3298280004644553,0.010196363743415949,0.04870620662609127,0.00018485326933468353,0.18809121043347238,0.992,0.3297881937279168,0.010197452377218577,0.04869463683910707,0.0001846906651840993,0.15146937659614923,0.994,0.32978049930156683,0.010197434518847113,0.04869087719175525,0.00018388580116439232,0.17843225150976227,0.992,0.33022030802932195,0.01018572200631343,0.04872843973084866,0.00018118793260484133,0.2651561856712333,0.93,0.104,0.0,0.0,0.006,-3.9806736538572975e-05,3.0193039974509943e-05,-4.7501162888566653e-05,0.00010318764526963717,0.32969612201032933
project,25,0.05,2.0,1.5,500,"[20260825, 13]",-2.9745754381296035,3,0.9264911939428714,0.9255873236529215,0.16017082213928077,0.48780011639683946,1.4003159776680514,0.23162279848571785,0.278,0.994,0.982,0.35,0.3249638315406925,0.01018418939086315,0.04846721379061417,0.0002001131534477418,0.0,1.0,0.334939056228138,0.00996127697837443,0.050272495000709995,0.0003268330176409082,1.8925375345517501,0.0,0.32546697616830406,0.010175770343162185,0.04858765457777676,0.0002179023442835398,0.4917463903650768,0.988,0.32513339483714065,0.010180533019838173,0.048545462838360184,0.00021254244684042146,0.23996336121170897,0.992,0.32511326513821154,0.010180949752182767,0.048537415198646065,0.00020691346789498323,0.21140082105330654,0.992,0.3256193635509933,0.010168704761386302,0.048595291126942206,0.00020532390307885786,0.35373607332092144,0.922,0.222,0.002,0.002,0.016,-0.000333581331163368,0.0002309338727313988,-0.00035371103009249896,0.0002518997142897358,0.3249638315406925
project,25,0.05,2.0,2.0,500,"[20260825, 14]",-2.575125163117998,3,1.3567705000906736,1.3636909577072058,0.23930130542936512,0.5494916708148787,2.1528321437640776,1.3567705000906736,0.242,0.984,0.972,0.314,0.3030626190914195,0.009831030866409036,0.047796501358629534,0.00020647258112056513,0.0,1.0,0.3431982891074044,0.010155295785929018,0.052800255430713164,0.0005354294743364853,5.176164758252628,0.0,0.30443443905395057,0.009820053413926388,0.04808133940118448,0.000238692999231413,0.9078040143165679,0.976,0.30319355604426257,0.009827979458849995,0.04790276353158656,0.00021103884939127068,0.3695874471148518,0.978,0.3032342601815926,0.009827259393800738,0.047919979544835484,0.00021484445747755378,0.35325328829157315,0.98,0.3115353293025588,0.009863078028367127,0.049149886264304186,0.0003425520613456302,2.4173020169129904,0.856,0.304,0.008,0.01,0.03,-0.0012408830096880114,0.0006302742402161371,-0.0012001788723578581,0.0006397787357981271,0.3030626190914195
project,25,0.2,0.5,0.7,500,"[20260825, 15]",-2.2025547884420567,3,0.30355575270493784,0.2986148054982894,0.08830101475119677,0.06298800683452932,0.635563956489414,0.027320017743444412,0.002,0.99,0.944,0.222,0.5186914249946752,0.0047286174425460485,0.16356166505996766,0.00033288850460806105,0.0,1.0,0.5462107036683562,0.005232695183970021,0.16862320814343498,0.0005531607261493729,1.2957944835482575,0.0,0.520508379162997,0.004832346336440472,0.16391023386065157,0.00037846291961936697,0.2984532022937924,0.96,0.5206229659276606,0.004854107557004624,0.16393359173918054,0.00040302257738922487,0.2892695447236705,0.966,0.5206899939064121,0.004837880176551491,0.16389299055834827,0.00038006734869615083,0.32793766504100796,0.958,0.5226501982477991,0.004807694861290219,0.1647926763944329,0.0004307765075079163,0.4661527969162957,0.776,0.192,0.006,0.006,0.09,0.00011458676466339501,0.0004167320460484747,0.00018161474341507334,0.00035349982214107615,0.5186914249946752
project,25,0.2,0.5,1.0,500,"[20260825, 16]",-1.5804345981935155,3,0.5349968534083634,0.5262129429268116,0.145729598118003,0.13217054905668224,0.9652471743711126,0.0,0.0,0.976,0.916,0.058,0.507482765236209,0.0014118904574540762,0.16236125307629687,0.0003908831486903463,0.0,1.0,0.5504594805659856,0.003746151591940555,0.16895775049789427,0.0007010407905454327,2.3240244633185294,0.0,0.5104234802591415,0.0019976459812363944,0.16299235597517991,0.00048007707064661007,0.4760171680062047,0.954,0.509732138830048,0.0019890554628642578,0.16284956070005097,0.0004768170626773148,0.36310284290888334,0.972,0.5094623521996355,0.0014795058282845086,0.16275710303446111,0.000410999200480983,0.5141124014773126,0.936,0.5150541657530676,0.0021950192874588136,0.1643263768999039,0.0005433191524704172,0.754369588659277,0.754,0.054,0.002,0.002,0.006,-0.0006913414290935719,0.00027207904122981567,-0.0009611280595060431,0.0015314279925353457,0.507482765236209
project,25,0.2,0.5,1.25,500,"[20260825, 17]",-1.295789273423448,3,0.7100254082136491,0.7065510754283366,0.19140587287074906,0.23335798589778847,1.2779069422043783,0.04437658801335307,0.002,0.974,0.934,0.022,0.5062856287017649,0.004722275545097465,0.16089553587486208,0.0003641349723200432,0.0,1.0,0.5515930480041652,0.00582296264642223,0.16735584132333287,0.0006564592995284182,3.048984755005337,0.0,0.509439253115185,0.004848562726245133,0.1613106280777432,0.000399378158811423,1.017768127887601,0.95,0.5071749918643134,0.004734186422790366,0.1611064199416052,0.0003910955751671479,0.40644280410805694,0.956,0.5074863245116323,0.004763750785752294,0.16125488741662425,0.0004252148574673976,0.35377495481093235,0.97,0.5185880875247413,0.005032192196480354,0.16300812791807545,0.0004994559660909927,1.6816527133888235,0.716,0.134,0.008,0.008,0.02,-0.002264261250871605,0.0009566438131184978,-0.0019529286035526634,0.0012421635263972406,0.5062856287017649
project,25,0.2,0.5,1.5,500,"[20260825, 18]",-1.1096286510716924,3,0.8318683044323318,0.8394745252317806,0.22207662522551033,0.14118748607053802,1.493104311321855,0.20796707610808296,0.008,0.968,0.934,0.026,0.5168439167229717,0.009169257644682766,0.16000248746009305,0.000425112572918735,0.0,1.0,0.5572289972331144,0.009918183579464916,0.1656258664228143,0.0007692163266417803,2.934092993207634,0.0,0.5204829668608626,0.009333533207935315,0.16067027431659664,0.00057034622580118,0.9935311418009536,0.95,0.5178884259904099,0.00918489802526129,0.1603268565004525,0.0004898755197036887,0.44589163819814254,0.958,0.5177125305910125,0.00917891995601053,0.16030591743884248,0.000471643749272136,0.38973633259795365,0.964,0.5257946959226225,0.009376177172999427,0.16172323134634997,0.000598096994857975,1.3219961465513295,0.716,0.21,0.022,0.018,0.06,-0.00259454087045282,0.00138007748688824,-0.0027704362698501212,0.0016744661994683384,0.5168439167229717
project,25,0.2,0.5,2.0,500,"[20260825, 19]",-0.8835253306520889,3,1.0250876034832885,1.0303431712215063,0.2793785011364966,0.22037639811445012,1.794676282607074,1.0250876034832885,0.008,0.968,0.914,0.04,0.5089711859133019,0.009179466762095833,0.15798641997248375,0.0004179600786778521,0.0,1.0,0.5413025918847588,0.009709369083151552,0.16188788699630255,0.0006120020376412794,3.622646575186088,0.0,0.5119177076383691,0.009229921489547344,0.15851302022137814,0.00047131012632766687,1.2349744246540917,0.942,0.5094848880605986,0.009179508930877678,0.15822270008688863,0.00043195504789320034,0.5482523869104914,0.954,0.5093041352667625,0.009179504864139534,0.15818535273801848,0.0004254276366002231,0.5115296150934706,0.938,0.5161337387086676,0.00927260106916327,0.15930385788890722,0.0005139732154804434,1.9195512122043974,0.696,0.4,0.026,0.022,0.138,-0.0024328195777705217,0.0009464847329169421,-0.002613572371606557,0.0010296037970260073,0.5089711859133019
project,25,0.2,1.0,0.7,500,"[20260825, 20]",-2.351380169303612,3,0.6604905000483425,0.6579919586211107,0.12903815013274378,0.33246287225587384,1.0430019067051652,0.05944414500435084,0.002,0.998,0.928,0.068,0.5087510430981204,0.004824739744078698,0.1617292782445061,0.0005058693237982344,0.0,1.0,0.5395215471157224,0.005604165565598189,0.16524412116318854,0.00059541555225949,1.2401985202464958,0.0,0.5103474049808681,0.004839086000520586,0.1620569610410821,0.0005161844117756354,0.2493420100062377,0.954,0.5103912120767393,0.004840579698881176,0.16206506381035685,0.0005162798442733457,0.2653266966628815,0.954,0.5093829791350747,0.004828764153740264,0.16179846788379273,0.000505075501072385,0.1810393958653889,0.956,0.5117444902069298,0.00485312489232633,0.1625870369581854,0.0005417450037118341,0.32081528665293113,0.752,0.298,0.008,0.008,0.134,4.3807095871289724e-05,4.3807095871289724e-05,-0.0009644258457933425,0.0005143541658655588,0.5087510430981204
project,25,0.2,1.0,1.0,500,"[20260825, 21]",-1.7670506613041779,3,1.1457359149546178,1.1400857596543394,0.23136325503232602,0.4831211818048312,2.016810067294086,0.0,0.004,0.984,0.932,0.008,0.49240572167394625,0.0066084486874412995,0.15661185395229166,0.00044500221812460476,0.0,1.0,0.5480738310594532,0.008627868119091978,0.16310026223366483,0.0006871561292337519,2.839116621389751,0.0,0.4963282799900166,0.00683674885876259,0.15710684827898483,0.00048477299872808625,0.8457042934230269,0.962,0.4945135977010032,0.0066341453172973006,0.1569935744801013,0.0004684153502906493,0.4177851450935614,0.966,0.49423860810112774,0.006626873304528672,0.15697081592569476,0.00046092511935154866,0.3853027323434418,0.95,0.5114757212981788,0.007495175912319883,0.15893073569111021,0.0005804682869985317,1.7231446021105428,0.69,0.062,0.002,0.004,0.028,-0.0018146822890133655,0.0013441271906946969,-0.0020896718888888262,0.0016027762210215066,0.49240572167394625
project,25,0.2,1.0,1.25,500,"[20260825, 22]",-1.5067987346554537,3,1.4547756602156756,1.4684338810112147,0.28741987205641906,0.5503885675813113,2.260937038852569,0.09092347876347973,0.006,0.968,0.918,0.018,0.4867197935829523,0.008046826567620525,0.15417436822083763,0.0004463696906246087,0.0,1.0,0.5298112842521998,0.008920530954047032,0.15992559670497536,0.0006613981248943929,2.4994518085816564,0.0,0.4919833688294507,0.008205764294381405,0.154650298394184,0.00046514693822918667,1.0994926965338179,0.934,0.4884187558651744,0.008054284550927777,0.1544241760390894,0.00045396454401271346,0.4593021485265809,0.948,0.4877070424537346,0.00805259659455852,0.15440280101784085,0.00045734621894355477,0.32131464122231157,0.968,0.49924115479048303,0.00821349016706491,0.1562678074329177,0.0005318689868712543,1.297288951037349,0.716,0.16,0.004,0.0,0.02,-0.003564612964276282,0.001391155730140174,-0.004276326375716166,0.0015959617042215076,0.4867197935829523
project,25,0.2,1.0,1.5,500,"[20260825, 23]",-1.3403534774864876,3,1.6473757821484225,1.644917908102057,0.3211318646436644,0.6152510891823584,2.635814604291883,0.4118439455371056,0.004,0.982,0.932,0.026,0.47439477336721436,0.0066842048489845875,0.15176580992898522,0.0004928126360967421,0.0,1.0,0.5167043672137347,0.008017288974710119,0.15662341106727504,0.0006952414256381656,2.8089827509702188,0.0,0.4775550238535081,0.006779164386654512,0.15232129459204133,0.0005305982508297556,0.809100304659182,0.948,0.4762533422884213,0.006699667718746403,0.15216118457579564,0.0005172935967341026,0.5595251385173253,0.952,0.4763080758281549,0.006714488131419085,0.15217780119325164,0.0005362446021757058,0.5382357277183452,0.95,0.4877700558958308,0.007034639630358867,0.15372804546942798,0.0006062958963898957,1.5909297531563673,0.748,0.288,0.02,0.016,0.048,-0.001301681565086838,0.0009169989499079068,-0.0012469480253532548,0.0012860146354193845,0.47439477336721436
project,25,0.2,1.0,2.0,500,"[20260825, 24]",-1.14389674484319,3,1.9868078764975894,1.9688186684765674,0.41440951596189335,0.7017283305269094,3.2553963148861027,1.9868078764975894,0.004,0.962,0.874,0.022,0.46095127732997676,0.006656995456017506,0.1479064905992289,0.0004150263563986681,0.0,1.0,0.5006039044486719,0.008176963230721894,0.15244173199633596,0.0006597256158639836,3.3008048588893413,0.0,0.4660572808271392,0.00686883094692897,0.14852828169065452,0.00046101142522830444,1.518828758209249,0.89,0.46144010258084983,0.006663397063791123,0.14817120192090463,0.000432034783370115,0.6250281969188045,0.906,0.4615180409050262,0.006664851326606057,0.14819137280658853,0.0004306905045570593,0.5797850721680088,0.912,0.4734555765287218,0.00700015755929506,0.14983712032479957,0.0005307168592228252,2.0868129592429443,0.622,0.458,0.06,0.056,0.174,-0.004617178246289338,0.0016280397086935476,-0.00453923992211309,0.0016971170656492557,0.46095127732997676
project,25,0.2,2.0,0.7,500,"[20260825, 25]",-2.7980161007021005,3,1.0995816142758008,1.1032671165195338,0.1847678758379933,0.5557693430428031,1.7632983472763841,0.0989623452848221,0.0,0.99,0.928,0.006,0.46915579714960426,0.00148304984308621,0.15279432371887997,0.0004824424491086056,0.0,1.0,0.5269491087837029,0.007120456865278935,0.15774567253478441,0.0006456037933540201,2.2146049380037405,0.0,0.4746705820660318,0.0024561976587240118,0.15337646021341667,0.0005216649462414549,0.5245041766253156,0.938,0.4720172417186887,0.001792192984042819,0.15315770534461542,0.0005085040312951782,0.3028962285309109,0.94,0.4729794181008608,0.0018852534141231914,0.1533389346874219,0.0005132284543761645,0.3610481683483646,0.944,0.48579479144004073,0.0035459202448303857,0.15448326080112632,0.0005541032367427592,0.9208826373529314,0.606,0.294,0.018,0.018,0.188,-0.0026533403473431153,0.0013540901214902086,-0.0016911639651709487,0.001786531181299598,0.46915579714960426
project,25,0.2,2.0,1.0,500,"[20260825, 26]",-2.28779348968638,3,1.7678138006719344,1.7591774388172299,0.2979659666251465,0.828337043084917,2.7754105479202753,0.0,0.0,0.98,0.924,0.018,0.44219966957912615,0.0015958154271707833,0.1461984930917339,0.0004966328652169762,0.0,1.0,0.5206477955975771,0.00968209651256075,0.15291262083818355,0.0008131876144449325,2.907332994645501,0.0,0.45525737476692457,0.006743638534667585,0.14711698542572435,0.0006376316131462875,1.0538319360238158,0.958,0.4485231495998003,0.003133169980483172,0.14692830447228322,0.0006018725865255946,0.5088593123278116,0.954,0.4498661213137144,0.0031323936995301524,0.14724942581734388,0.000611442085615595,0.5609307785958331,0.94,0.4667525283621417,0.005473227295280297,0.14884335920485617,0.0006893665685014762,1.2013515644655295,0.718,0.086,0.0,0.0,0.024,-0.006734225167124255,0.0040678433655167105,-0.005391253453210197,0.004344689528510067,0.44219966957912615
project,25,0.2,2.0,1.25,500,"[20260825, 27]",-2.06951304393189,3,2.150956322194741,2.140196295975131,0.37279450594772706,1.2278820439120801,3.4843055252784536,0.1344347701371713,0.0,0.986,0.912,0.004,0.4241813364853467,0.0014376446988252402,0.14135539336142605,0.0004952510241818086,0.0,1.0,0.482618925830067,0.006597828282796552,0.14745670983847498,0.0007164329099214362,2.463186408451043,0.0,0.4280502089468139,0.002076232076211943,0.141792292303343,0.0005139952385537235,0.6859526297477495,0.936,0.4266060984170797,0.001608306715584743,0.14180692463579692,0.000510242278374859,0.4206259995551878,0.944,0.4265299815863742,0.0016139422824055579,0.14165210777430634,0.0005068700929216068,0.45032723949932496,0.938,0.44318236045923937,0.0034684768976009166,0.14362810889452077,0.0005801793946158253,1.3938047981056718,0.726,0.212,0.012,0.008,0.038,-0.001444110529734163,0.0012432059123294625,-0.0015202273604397161,0.0012874787097687625,0.4241813364853467
project,25,0.2,2.0,1.5,500,"[20260825, 28]",-1.933992773298046,3,2.4423110743988174,2.4285637471071757,0.43942653505921486,1.2667124014852253,3.960710386009907,0.6105777685997044,0.004,0.98,0.902,0.028,0.42361669737040647,0.006815090944563979,0.13830649111629453,0.0005136484823118298,0.0,1.0,0.49009779228548656,0.010473234346728857,0.14381320966045502,0.0007419601841258306,3.1809590100801444,0.0,0.43026256621161996,0.0071482773847046715,0.1390301731015216,0.0005492273465738288,1.096238530776959,0.922,0.426180161122811,0.0068573797847249806,0.13876766429629414,0.0005349360589196708,0.5304398955670131,0.924,0.4271959673638244,0.006877846402321028,0.13887791529947188,0.0005377251248998256,0.6275033708801917,0.926,0.4454633066654978,0.007873745118278219,0.14051241200234893,0.0006119408025682442,1.9108254005328342,0.686,0.352,0.028,0.032,0.092,-0.004082405088808967,0.0018403197922849041,-0.0030665988477955155,0.0020883795158752995,0.42361669737040647
project,25,0.2,2.0,2.0,500,"[20260825, 29]",-1.7793643819034308,3,2.7790643023774413,2.75450350454768,0.47445538158117506,1.322243790344674,4.214292359891343,2.7790643023774413,0.0,0.952,0.836,0.03,0.397066504948751,0.001437807116047712,0.13222314592363613,0.0004766425984690394,0.0,1.0,0.46044323383196467,0.008433697082893722,0.13607396951751144,0.0007443304769260122,3.644253580297223,0.0,0.4125099471606256,0.0051182940746108945,0.13331101617675659,0.0005808758832640001,1.7035764285518866,0.864,0.40126665339204026,0.0019758926584777124,0.1328261194322888,0.000533810241676604,0.8660598808758756,0.874,0.39907959938175613,0.001759942536232164,0.13239559693317993,0.00050786557755878,0.7510532995672168,0.864,0.41889315292442664,0.004393197310506073,0.13409204020394516,0.000614603186283297,2.1751358962605045,0.596,0.524,0.064,0.062,0.21,-0.011243293768585311,0.003861107833740139,-0.013430347778869482,0.0044629374551923146,0.397066504948751
project,25,0.5,0.5,0.7,500,"[20260825, 30]",-0.5562295204540288,3,1.3237221763180156,1.299742276408315,0.3921362677091093,0.37371476149998867,2.7712850772763735,0.11913499586862143,0.0,1.0,0.846,0.0,0.6968579156839134,0.0016496209592673646,0.2502332277497069,0.0006464919336572581,0.0,1.0,0.7396429790499296,0.005232334989043756,0.2606888042305202,0.0010120396594382299,1.2854422601256326,0.0,0.700291538007614,0.00188155918293165,0.25146591394989354,0.0007054369007386691,0.31832219791598365,0.91,0.700291538007614,0.00188155918293165,0.25146591394989354,0.0007054369007386691,0.31832219791598365,0.91,0.7002733220943532,0.0018871317154534606,0.2513908455353537,0.0006998777302724691,0.33435501740075385,0.888,0.7135186277522155,0.003468916238359893,0.25443535991238264,0.0008549744875782614,0.7789012725928566,0.61,0.298,0.012,0.012,0.124,0.0,0.0,-1.821591326067029e-05,0.0007643057159754517,0.6968579156839134
project,25,0.5,0.5,1.0,500,"[20260825, 31]",-0.4134940666589879,3,1.4961226484456929,1.4878892280930152,0.4239524343698589,0.4161904345791191,2.6570141445034445,0.0,0.0,0.996,0.9,0.0,0.6732178396857291,0.0015534816268939766,0.23993872923696324,0.0006200700156880185,0.0,1.0,0.7151089489961805,0.007149057786392778,0.2488625598785434,0.0009106885336025593,1.3829513688253599,0.0,0.6762345648426537,0.0022885901220728237,0.24061045630510097,0.0006505948709769527,0.2698720322433538,0.93,0.6761822418198431,0.0022834914256466264,0.24060719591577617,0.0006512663481505561,0.2667972170081059,0.932,0.6764512474026824,0.0017634608602392875,0.24093919863884763,0.0006544865109029575,0.34967675673235266,0.926,0.6892408112551013,0.0043035294964228026,0.24305713766934206,0.0007737623895728542,0.8188590465615099,0.682,0.07,0.002,0.002,0.022,-5.2323022810601525e-05,4.0864191700121225e-05,0.00021668256002877696,0.0013412774326412198,0.6732178396857291
project,25,0.5,0.5,1.25,500,"[20260825, 32]",-0.3514573112771153,3,1.5399943692020697,1.5141105969024324,0.44684793088012087,0.412834599775307,2.9009329041597254,0.09624964807512935,0.0,0.992,0.898,0.0,0.6610162217235636,0.0015165463023307222,0.23442792719987113,0.0006168801879864492,0.0,1.0,0.7040113376651177,0.005130519059743233,0.24331912946108356,0.000950507030021597,1.4834245205501337,0.0,0.6663594473282007,0.0021339440822026076,0.23562990448873383,0.0006769105803125726,0.5154397698121672,0.918,0.6664132996691623,0.0021388340668562133,0.23563088103354574,0.0006776090543849386,0.5207949637269226,0.918,0.6649069577834861,0.0018801582563838747,0.23554385756354104,0.0006820203543927116,0.4131640748405853,0.932,0.6782792123126412,0.0033526689155861196,0.23783985550278147,0.0007710654719110263,1.0017775120785886,0.674,0.188,0.008,0.008,0.058,5.385234096150349e-05,0.0001462789560663097,-0.0014524895447147104,0.0014825763828213584,0.6610162217235636
project,25,0.5,0.5,1.5,500,"[20260825, 33]",-0.31311678010205346,3,1.600374075777109,1.5657741624178483,0.4486907901435525,0.3937847479808775,2.92250244123503,0.40009351894427725,0.0,0.994,0.87,0.0,0.6455321928148683,0.0013205965658073702,0.22753646165083954,0.0005742437182101322,0.0,1.0,0.6752461148120429,0.004188159312655637,0.2331566463085344,0.0007904005645348792,1.2849030717520245,0.0,0.6470718891820224,0.0014230619044923731,0.22788037555225668,0.0005962495250379802,0.41856897320095665,0.888,0.6469487182855403,0.0014238214076491096,0.22784572304208603,0.0005965746306392194,0.4048352046413213,0.886,0.6473975191197396,0.0014365573542595117,0.22800668565120458,0.0005979320064719169,0.40935122171180416,0.906,0.656250989758917,0.003089391885702371,0.22923845733275572,0.0006788646139256119,0.8651289844022092,0.596,0.326,0.06,0.066,0.148,-0.00012317089648214452,9.22651157204265e-05,0.00032562993771708326,0.0003960116190980193,0.6455321928148683
project,25,0.5,0.5,2.0,500,"[20260825, 34]",-0.27085934328121364,3,1.6436789933688811,1.6296678646039124,0.4839259377137071,0.4162197402509342,3.152119851370827,1.6436789933688811,0.0,0.982,0.814,0.002,0.6272856134629611,0.0014623677303070358,0.2193035724090158,0.0006652088477135794,0.0,1.0,0.6521947666311897,0.007046640710533042,0.21744514651591004,0.0007994236470857208,2.109150793674319,0.0,0.6306260265399293,0.0024698870450142497,0.21884985631170276,0.0006787894981598007,0.8477547449928124,0.856,0.630127964367388,0.0023355228374326935,0.21881748519399616,0.000672377381117777,0.7958473610136231,0.854,0.6294019103506888,0.002255516214241382,0.21879922817790104,0.0006752902719160073,0.731287837215985,0.864,0.6357132081898191,0.0032305229362781414,0.2178205278848527,0.0007010220288112895,1.5497829721365488,0.514,0.622,0.096,0.096,0.352,-0.0004980621725412408,0.0006783540465117439,-0.0012241161892405242,0.0010198677629029138,0.6272856134629611
project,25,0.5,1.0,0.7,500,"[20260825, 35]",-0.6528986815334421,3,2.9773753371487683,2.9835569297958218,0.5845497965327112,1.4983282120125105,4.732775164504328,0.26796378034338925,0.0,0.998,0.862,0.0,0.6563799563367942,0.001446532579012535,0.22990325782499607,0.0005198136427704933,0.0,1.0,0.6910987826702434,0.005444392514638487,0.23803684907714381,0.0009460311556204162,0.7480589134927602,0.0,0.6609189721019747,0.0023722573937281334,0.23143933856017151,0.0006815957003573119,0.24283608183864858,0.89,0.6607252243975703,0.0023613289918855973,0.23141337482167496,0.0006804535203026646,0.23795650711994545,0.892,0.6606606109483989,0.002375082839552216,0.23132775374909054,0.0006882206657569391,0.22115713205238052,0.902,0.6700296605566807,0.004186272899623724,0.23338186094027913,0.0008059126648307239,0.4507524937280653,0.584,0.424,0.044,0.044,0.224,-0.0001937477044043454,0.00019374770440434543,-0.0002583611535757828,0.0007460781213097543,0.6563799563367942
project,25,0.5,1.0,1.0,500,"[20260825, 36]",-0.5417186865624273,3,3.2783247121339967,3.301419141323144,0.6560724452184622,1.2785217352797613,4.9459751737112745,0.0,0.0,0.998,0.91,0.0,0.6053716302038565,0.0015613503878211886,0.20907577321539605,0.0005451323105197984,0.0,1.0,0.6436641161919406,0.005998663459087716,0.216314152435235,0.0007161652809899651,1.032669367767845,0.0,0.6075894909279766,0.0018349017983436981,0.2095218143950164,0.0005639172419361281,0.2291032971210968,0.946,0.6068771522366995,0.001622750703513371,0.20944857092695054,0.0005535772451260213,0.16208792836669272,0.946,0.6075420638212133,0.0016778888926121476,0.20970985284226523,0.0005632015383891494,0.16841363246281368,0.946,0.6190370839848413,0.003998671930772782,0.21135889442261518,0.0006286705239631695,0.6655775643641779,0.658,0.062,0.0,0.0,0.02,-0.0007123386912771594,0.0007123386912771593,-4.7427106763415774e-05,0.001025385842815642,0.6053716302038565
project,25,0.5,1.0,1.25,500,"[20260825, 37]",-0.5006514993098714,3,3.3545810154090296,3.3585703365457524,0.6847222658693278,1.5530383327180382,5.476483863556835,0.20966131346306435,0.0,0.998,0.914,0.008,0.5732941728352411,0.0014398998337285763,0.19580785596725342,0.0005404203541840183,0.0,1.0,0.6276428859210309,0.010269250893347017,0.20129812022399243,0.0007464702554411845,1.5792444432385455,0.0,0.5809189545977737,0.0036183367293607014,0.19643270129595988,0.0005954157999222204,0.4089262620090433,0.93,0.5809139416978659,0.00361816963582052,0.19642864595114043,0.0005949696026791952,0.40892056388348635,0.928,0.5820188920920899,0.004103226227898754,0.19643129906373255,0.000592592616971241,0.42491221401961493,0.92,0.5894549359926659,0.003815416533884737,0.19766135807233154,0.0006357808143635123,0.7405070541797669,0.628,0.266,0.006,0.008,0.108,-5.012899907789636e-06,5.012899907789636e-06,0.001099937494316211,0.0017313900916492077,0.5732941728352411
project,25,0.5,1.0,1.5,500,"[20260825, 38]",-0.47940359392504506,3,3.3487968049355583,3.357289176057713,0.6654628662321075,1.3236060941338077,5.320055623569726,0.8371992012338896,0.0,1.0,0.884,0.0,0.5479734897646308,0.00133280943537821,0.18508635082726804,0.0005525533454693542,0.0,1.0,0.5849817500187006,0.006251495602822907,0.1874008691759723,0.0006853567223066829,1.3034772862927446,0.0,0.5499962380487068,0.0016525480531061505,0.18510798585684177,0.0005589052954386325,0.3856194145481306,0.914,0.5499962380487068,0.0016525480531061505,0.18510798585684177,0.0005589052954386325,0.3856194145481306,0.914,0.5512477205960199,0.00191719207267572,0.18523984675740648,0.0005630421559398217,0.4167356902633388,0.918,0.5630409542740646,0.003645326787611337,0.18570503744089603,0.0005951718392760834,0.8853592415417205,0.56,0.458,0.036,0.036,0.228,0.0,0.0,0.001251482547313143,0.0010323889387016869,0.5479734897646308
project,25,0.5,1.0,2.0,500,"[20260825, 39]",-0.46261150412711916,3,3.451942300546406,3.4443418347387667,0.685194184293996,1.3980967888955411,5.495639106751517,3.451942300546406,0.0,0.994,0.822,0.004,0.5088168812284347,0.0011094308874276286,0.16803225920604298,0.0004965099421559146,0.0,1.0,0.5359381278622505,0.008837496954885248,0.16128226252530037,0.0006007265222266662,2.1591661385149123,0.0,0.5160655291457134,0.004126055135674461,0.16705427607735499,0.0005290687684488336,0.865410427562711,0.842,0.5137091638023735,0.002937003290028751,0.16701905978468806,0.0005260125504269799,0.6868021854257655,0.842,0.5123897600269078,0.0028459130490007326,0.16696773938364834,0.000528179686511336,0.6378259303056455,0.84,0.5112514409607885,0.004213131654158947,0.16307423517877975,0.0005617541372985683,1.1363652209149815,0.4,0.724,0.12,0.118,0.47,-0.0023563653433398266,0.0018829588058039588,-0.0036757691188054175,0.0020630960970703387,0.5088168812284347
project,25,0.5,2.0,0.7,500,"[20260825, 40]",-0.9726227905201128,3,5.15516678597692,5.210003570072623,0.9091538908939637,2.604076008428185,7.413880400789706,0.46396501073792296,0.0,0.998,0.886,0.002,0.5684519619164528,0.0019179418658630276,0.1880224437127056,0.00046347819855862004,0.0,1.0,0.6086439404396815,0.01071307709736388,0.19343865967170426,0.0009070093536415194,1.4264104850368593,0.0,0.577719942685221,0.005686400374174092,0.18920394515436867,0.000708472243877014,0.37101260900984223,0.92,0.5766379585505521,0.005016259400198358,0.18918049770224132,0.0007051507407111204,0.27429013274671415,0.92,0.5758613744484706,0.004331583598603559,0.18928219781563427,0.0007049284261859319,0.2649619004086635,0.898,0.5774962157583261,0.005734547225478538,0.1900118089018361,0.000779352133704581,0.3044790682297582,0.522,0.55,0.05,0.05,0.348,-0.0010819841346690034,0.0010819841346690034,-0.0018585682367504004,0.0029585090564776353,0.5684519619164528
project,25,0.5,2.0,1.0,500,"[20260825, 41]",-0.9252230082542383,3,5.3195804140427745,5.389161762310238,0.8723937306368387,2.7273676996926253,7.428861682731744,0.0,0.0,0.994,0.922,0.01,0.4798847125766473,0.002100557143392279,0.1556106059997908,0.0004697642614106176,0.0,1.0,0.548196229221994,0.011302384569654952,0.16216455839824206,0.0006554319483623437,2.0570299513224044,0.0,0.4855065936380262,0.004315280054550735,0.15607336129012794,0.0004920442433121378,0.2853949792852764,0.948,0.485208410504149,0.003909263238948771,0.15606556236498942,0.0004907099772652462,0.1975461584376267,0.95,0.4849577175609476,0.0038486624965971762,0.1560149443570002,0.0004819512873925386,0.19476805676812098,0.954,0.49099021611378296,0.0027093391595317024,0.15747224029414966,0.0005139007112174135,0.3199612774351711,0.666,0.086,0.002,0.002,0.03,-0.00029818313387720266,0.000560577508457604,-0.0005488760770785362,0.0008363752816123078,0.4798847125766473
project,25,0.5,2.0,1.25,500,"[20260825, 42]",-0.9186285232061429,3,5.27670519650816,5.26019972937371,0.9019216618027515,1.7716834095516096,7.6926456089654005,0.32979407478176,0.0,0.978,0.918,0.026,0.4262339744344811,0.0015784099504813284,0.13572000087196448,0.00045518210622588756,0.0,1.0,0.5420927704049668,0.015397517885736157,0.14021126077327065,0.0006601193945556446,3.0399700032574817,0.0,0.4475004510532346,0.00558628112267941,0.13644228376074716,0.0004909334351356481,0.7462783960991546,0.912,0.4414433659029877,0.004106583845209269,0.1362533963574257,0.00047683159835726076,0.49012863936006906,0.91,0.4378267298186619,0.0035603445035975925,0.1361336461060925,0.00046893097830384586,0.44101998589230906,0.908,0.4506928261722741,0.005738901784055675,0.1368276834331572,0.0005152606858637529,0.7549775165514454,0.662,0.304,0.014,0.016,0.12,-0.006057085150246887,0.002729527089974589,-0.009673721234572772,0.003510757250758559,0.4262339744344811
project,25,0.5,2.0,1.5,500,"[20260825, 43]",-0.920720315453506,3,5.2799323674628384,5.327879232168492,0.935044173349387,2.269720524922953,7.844506020068675,1.3199830918657096,0.0,0.972,0.866,0.064,0.3870933977816426,0.0011297928460004747,0.12122242306518607,0.0004061165090964538,0.0,1.0,0.5163634579814809,0.015866456453766845,0.12347058357884075,0.000652137567121624,4.93058389987218,0.0,0.41839301296857184,0.0070490457352160195,0.12143725503328587,0.0004169374098237278,1.0679649884854967,0.862,0.4096310063348721,0.0056130817280542105,0.1211912055372158,0.0004043287078968898,0.6595193962025313,0.862,0.4100545353232025,0.005388830781614547,0.12129889401846586,0.00040870425469758043,0.6898751560678885,0.86,0.40273902342494705,0.004437280156367683,0.1209836983566276,0.0004723928911583899,0.9103148483328556,0.56,0.51,0.048,0.05,0.278,-0.008762006633699745,0.002539215996377021,-0.008338477645369333,0.0040142317290124685,0.3870933977816426
project,25,0.5,2.0,2.0,500,"[20260825, 44]",-0.9294694599534736,3,5.201436120392782,5.195944946491747,0.9065503587622589,2.4969807926185608,7.720251755724149,5.201436120392782,0.0,0.94,0.71,0.152,0.3427258028227875,0.001157751557915924,0.10410066063647225,0.00046016664992956283,0.0,1.0,0.5077251143561781,0.015844273362555457,0.0999762100930875,0.0007415780861080033,6.699321589835166,0.0,0.3657543528883825,0.0053936594586839305,0.10152044466981382,0.000522377663461927,1.6118295255575192,0.672,0.35332284511541545,0.0037636338656207957,0.10109667781593658,0.000499668884221353,1.0179532593495686,0.674,0.3499615042195901,0.003570565176059975,0.10081591382815337,0.00048423324931845004,0.96907713112505,0.666,0.3387983738966119,0.003156875528247439,0.09897269284386957,0.0005771933581140948,1.3285657102946478,0.408,0.578,0.198,0.208,0.464,-0.012431507772967006,0.003031137556132628,-0.015792848668792346,0.0044406429295992976,0.3427258028227875
project,50,0.05,0.5,0.7,500,"[20260825, 45]",-4.311952668984809,3,0.07679851927793228,0.07649920717437506,0.014300733031367453,0.028750312201761923,0.11793276670262913,0.006911866735013907,0.092,1.0,0.986,0.7,0.24969095506868244,0.006297433629863336,0.04839479335572194,7.171596314993558e-05,0.0,1.0,0.25932484201290784,0.006171792878547747,0.04884131484570521,8.358525730043796e-05,0.9690864557188855,0.0,0.2497548077373097,0.006297511633189919,0.04841574282477233,8.019260198102771e-05,0.1106607078024292,0.992,0.2497548077373097,0.006297511633189919,0.04841574282477233,8.019260198102771e-05,0.1106607078024292,0.992,0.24980150560653702,0.006296996093274154,0.048422681489515326,8.055309783008972e-05,0.14473171442274405,0.986,0.24971893214158145,0.0062969739149528955,0.04838352196594023,7.002893602083684e-05,0.18566087659401287,0.928,0.232,0.0,0.0,0.036,0.0,0.0,4.6697869227333324e-05,3.0232502136189008e-05,0.24969095506868244
project,50,0.05,0.5,1.0,500,"[20260825, 46]",-3.061543533844686,3,0.2641297133314218,0.261867536128359,0.04927418777502953,0.12266928589260533,0.4366773726479087,0.0,0.072,1.0,0.98,0.564,0.23751526104263065,0.005664147006995376,0.048213732329109485,6.550003668921058e-05,0.0,1.0,0.23885840897424052,0.00565669525414155,0.04808729842315365,6.610072943653198e-05,1.1645327312316247,0.0,0.23758493745660025,0.005663205865939276,0.04822077430844402,6.539027013653782e-05,0.13498133885978755,0.982,0.23758493745660025,0.005663205865939276,0.04822077430844402,6.539027013653782e-05,0.13498133885978755,0.982,0.23755761819798754,0.005663569567405572,0.048218125405894055,6.54228073253214e-05,0.09929249467581178,0.992,0.2375568152851083,0.005663718799487537,0.048212730867232594,6.54825846366898e-05,0.10388964079367399,0.958,0.298,0.004,0.004,0.008,0.0,0.0,-2.731925861266027e-05,3.515345651085321e-05,0.23751526104263065
project,50,0.05,0.5,1.25,500,"[20260825, 47]",-2.483918386274661,3,0.46456780082238774,0.4625034664555041,0.09019726753310559,0.2364691851235433,0.715649923230066,0.029035487551399234,0.072,1.0,0.97,0.388,0.23680910402748429,0.0056739687399959965,0.04818695261274074,6.912172305680512e-05,0.0,1.0,0.24267773051495647,0.005612091574096601,0.048499859917734,8.229376567473293e-05,1.654100471185531,0.0,0.2370046075849174,0.005672349301227398,0.048214566848303136,7.189750507109815e-05,0.28139622380770396,0.976,0.2370046075849174,0.005672349301227398,0.048214566848303136,7.189750507109815e-05,0.28139622380770396,0.976,0.2368455727134792,0.005673443151568832,0.04818618299841151,6.896695766056117e-05,0.23553126525918963,0.978,0.23695267466813455,0.0056734236431103015,0.048201237754085316,7.367526057707798e-05,0.14842185579973471,0.934,0.128,0.004,0.004,0.002,0.0,0.0,-0.0001590348714382222,8.614758716469508e-05,0.23680910402748429
project,50,0.05,0.5,1.5,500,"[20260825, 48]",-2.102520055507088,3,0.6682825871779301,0.6724815069516044,0.1259452980073046,0.3196122712930266,1.028126998590363,0.16707064679448252,0.058,1.0,0.964,0.272,0.22836807189467961,0.005148123712681291,0.04791932905526807,5.339195510287387e-05,0.0,1.0,0.23563792209731094,0.005083714659739633,0.04841389587252133,7.416939887983918e-05,1.9880832082678177,0.0,0.22849302751489406,0.0051470214678215375,0.04794321350512041,5.685692167552989e-05,0.3272978935595094,0.98,0.22849302751489406,0.0051470214678215375,0.04794321350512041,5.685692167552989e-05,0.3272978935595094,0.98,0.22854159194875337,0.005147471880509513,0.047956598868308886,6.250091606414888e-05,0.3257726862645229,0.982,0.2285297133337325,0.005146339494070301,0.04794697109270099,5.4907139337868746e-05,0.24821313575141374,0.93,0.18,0.006,0.006,0.008,0.0,0.0,4.8564433859312197e-05,0.0001108556212516339,0.22836807189467961
project,50,0.05,0.5,2.0,500,"[20260825, 49]",-1.6324268561004902,3,1.0364038254115508,1.027424117629521,0.19658016850676727,0.5404209527443085,1.6093852748506128,1.0364038254115508,0.078,1.0,0.97,0.238,0.23725214016030985,0.005917885650132609,0.04797161607581708,6.97082690368709e-05,0.0,1.0,0.2445899437934594,0.0058460370276813296,0.04849877459199799,0.0001006850895209211,2.5097021796952266,0.0,0.23729239293416343,0.005917485508586321,0.04799255626843587,7.171988100619392e-05,0.3477224802428702,0.982,0.23729239293416343,0.005917485508586321,0.04799255626843587,7.171988100619392e-05,0.3477224802428702,0.982,0.23728327540298635,0.005917512207021715,0.047983108928765776,7.092184285899922e-05,0.32270233187482766,0.984,0.23765672757052364,0.0059141995139899645,0.04807723741053251,7.882334560489027e-05,0.612512666253545,0.888,0.266,0.006,0.006,0.046,0.0,0.0,-9.117531177056325e-06,3.4773890252310666e-05,0.23725214016030985
project,50,0.05,1.0,0.7,500,"[20260825, 50]",-4.476604898044034,3,0.16383521630569853,0.16209766175848794,0.022420961291953218,0.09166555482067335,0.23772380471717858,0.014745169467512871,0.058,1.0,0.982,0.526,0.2295869784846276,0.0051361676155021185,0.04825166737586995,7.428547128793867e-05,0.0,1.0,0.2379854193330615,0.005050860671670403,0.04849678556099537,6.868575840431667e-05,0.8165678621837522,0.0,0.2296981170743739,0.005135125625653037,0.0482564530136531,7.422284547625225e-05,0.04687136274087147,0.99,0.2296981170743739,0.005135125625653037,0.0482564530136531,7.422284547625225e-05,0.04687136274087147,0.99,0.2296871960927552,0.005135870876061684,0.04827572695162635,7.834981962049978e-05,0.08599412005774433,0.99,0.2299312177898298,0.005132941236896717,0.048263738025664735,7.34210966949478e-05,0.25718808439280594,0.826,0.23,0.002,0.002,0.08,0.0,0.0,-1.092098161869709e-05,0.00011287697038904965,0.2295869784846276
project,50,0.05,1.0,1.0,500,"[20260825, 51]",-3.2648537122009804,3,0.5496628025653529,0.5505586125749593,0.07513737978590898,0.3277041846465444,0.824716613371368,0.0,0.076,1.0,0.982,0.326,0.23487321867923563,0.005866445979597389,0.048029584894607034,8.053699498970771e-05,0.0,1.0,0.23965130225338951,0.0058226654236652586,0.04803589528121023,7.432461302375554e-05,1.3143412026282852,0.0,0.23497356686124737,0.005865120176657946,0.04804059182594825,8.0405786595719e-05,0.11636188688303689,0.988,0.23497356686124737,0.005865120176657946,0.04804059182594825,8.0405786595719e-05,0.11636188688303689,0.988,0.23496318335271155,0.005865318920737381,0.048034328782412455,8.028805604202497e-05,0.1583886121795649,0.988,0.23536887953534796,0.005860695700531462,0.048049253166057265,8.018674484464815e-05,0.2188462072785191,0.864,0.172,0.0,0.0,0.022,0.0,0.0,-1.0383508535833752e-05,6.384221228084442e-05,0.23487321867923563
project,50,0.05,1.0,1.25,500,"[20260825, 52]",-2.7117669384803307,3,0.9463625463724115,0.9416322373948651,0.13637441714499554,0.504373987942274,1.4161055202752562,0.059147659148275716,0.092,1.0,0.978,0.254,0.24062651117653444,0.0064253420109967796,0.04785626884889713,7.278468027007623e-05,0.0,1.0,0.2488262248845091,0.006324136963555693,0.04844360568411252,0.00010056520892630822,1.6280009244572098,0.0,0.24068730185710951,0.006424480500032891,0.04786702198987156,7.31022803253744e-05,0.16473584213308212,0.986,0.24068730185710951,0.006424480500032891,0.04786702198987156,7.31022803253744e-05,0.16473584213308212,0.986,0.24074832874116736,0.0064238135894757135,0.04787214644372263,7.386569673856342e-05,0.23091930419769036,0.988,0.2411043208971941,0.006419423519912588,0.04793025282533401,7.614478394300423e-05,0.28390078827482207,0.896,0.13,0.004,0.004,0.01,0.0,0.0,6.1026884057856666e-05,6.402297789877856e-05,0.24062651117653444
project,50,0.05,1.0,1.5,500,"[20260825, 53]",-2.349989241166856,3,1.3068285578847203,1.310429158333429,0.18102031043171773,0.7568380875809568,1.7755564814228972,0.3267071394711801,0.088,1.0,0.98,0.21,0.23681895788940965,0.006326282301239458,0.0477295467740671,8.645006409525927e-05,0.0,1.0,0.24551627815629937,0.006229260840206457,0.04844802615332171,0.00013824521758577332,1.922582026476003,0.0,0.23695202387328312,0.006324827881991765,0.04775643049214228,8.843646501114841e-05,0.3363202872221328,0.984,0.23695202387328312,0.006324827881991765,0.04775643049214228,8.843646501114841e-05,0.3363202872221328,0.984,0.23690661738592125,0.006325187458268612,0.04774074022499258,8.666641463948838e-05,0.2555389450903211,0.99,0.23748917065139402,0.006320362173329617,0.0479090219058609,0.00010398314538221146,0.4757445994480552,0.88,0.212,0.004,0.004,0.022,0.0,0.0,-4.5406487361855766e-05,5.227618011437776e-05,0.23681895788940965
project,50,0.05,1.0,2.0,500,"[20260825, 54]",-1.9090928648345549,3,2.038746366925557,2.0463775939730033,0.2817206840322336,1.2631557295135336,2.7836862275075536,2.038746366925557,0.098,1.0,0.938,0.208,0.23915062334271697,0.006674012825471832,0.04741635451372821,7.159087375736108e-05,0.0,1.0,0.2504405975784962,0.006614066313623433,0.04836328016802486,0.00013743983632789346,3.2989045575335534,0.0,0.23948007327689438,0.006670876597099181,0.04748530792029881,7.910494066337794e-05,0.7494103369949918,0.97,0.23948007327689438,0.006670876597099181,0.04748530792029881,7.910494066337794e-05,0.7494103369949918,0.97,0.23955732864002463,0.006669543095873476,0.04750657368987709,8.006666704703209e-05,0.823320818411783,0.954,0.2406721162961096,0.006675352992318525,0.04769017130260103,0.00010387432806052708,1.6185667834139539,0.834,0.326,0.01,0.01,0.064,0.0,0.0,7.725536313021869e-05,0.00020392385857288196,0.23915062334271697
project,50,0.05,2.0,0.7,500,"[20260825, 55]",-4.9568426581977825,3,0.27046785702195636,0.2704962476364488,0.03621877416904966,0.17430740466196476,0.4062199739172503,0.024342107131976078,0.086,1.0,0.992,0.466,0.23679614151311504,0.006247563736039908,0.04802821150967019,0.0001071228221450235,0.0,1.0,0.24527612368473903,0.006138602251442756,0.048172374611190255,7.85398464706763e-05,0.9413848644810259,0.0,0.2368136162856771,0.006247311973979905,0.048029633093625894,0.00010711071296881717,0.038701899203964295,0.996,0.2368136162856771,0.006247311973979905,0.048029633093625894,0.00010711071296881717,0.038701899203964295,0.996,0.23685556177280448,0.006246788640602463,0.048031371490444244,0.0001070770654813439,0.040447250334561716,0.996,0.23732501265419007,0.00624121262017477,0.048028142203143775,0.00010458516791577409,0.24079594977575045,0.81,0.242,0.0,0.0,0.104,0.0,0.0,4.1945487127420465e-05,4.868518187582205e-05,0.23679614151311504
project,50,0.05,2.0,1.0,500,"[20260825, 56]",-3.8181857296691097,3,0.8415467684162262,0.8337857342437225,0.10776941823927808,0.5238025861172533,1.1972052528739814,0.0,0.058,1.0,0.952,0.208,0.21677271045352517,0.0052792678644965445,0.04743487863111822,8.741664794525063e-05,0.0,1.0,0.2247621590501809,0.005226882846110218,0.04772729686417185,9.099213220715587e-05,1.2502175158569246,0.0,0.2168332866239963,0.005278797675698955,0.0474469566314849,8.894805203013366e-05,0.10830175583444807,0.974,0.2168332866239963,0.005278797675698955,0.0474469566314849,8.894805203013366e-05,0.10830175583444807,0.974,0.21698667149001113,0.005277872699327571,0.047463765246078836,9.27860416061141e-05,0.17626203941793023,0.976,0.2177133590856455,0.0052739542208600585,0.047478045351818265,8.750283605764724e-05,0.23664297371618737,0.848,0.11,0.006,0.006,0.004,0.0,0.0,0.0001533848660148348,0.00012144528464514181,0.21677271045352517
project,50,0.05,2.0,1.25,500,"[20260825, 57]",-3.306124814942307,3,1.3869296402085922,1.3871273921507996,0.17848374089390692,0.8503946867714796,2.0168133692413277,0.08668310251303701,0.08,1.0,0.968,0.142,0.2241561051084277,0.0061710578478776715,0.04711107106669097,8.568908216158289e-05,0.0,1.0,0.23450166083241053,0.006072107628319737,0.04821610145111457,0.00014472729365400447,1.6791664118953544,0.0,0.22439880333220935,0.006168864016550908,0.04714626397887406,8.854868334073669e-05,0.3098963696936857,0.988,0.22439880333220935,0.006168864016550908,0.04714626397887406,8.854868334073669e-05,0.3098963696936857,0.988,0.22428833326093472,0.0061697141157840306,0.047153433118352336,8.899317767817439e-05,0.18859240878197567,0.974,0.2256355251545553,0.006155009068986599,0.047359585646153564,0.00010182040808964255,0.6712511006010705,0.816,0.176,0.0,0.0,0.018,0.0,0.0,-0.00011047007127463465,0.0001425063096042968,0.2241561051084277
project,50,0.05,2.0,1.5,500,"[20260825, 58]",-2.9745754381296035,3,1.9012527762971754,1.9001057550839417,0.23894996461537707,1.1416206002543985,2.5437744280639207,0.47531319407429384,0.066,1.0,0.972,0.118,0.2140204812710485,0.005686971591102179,0.04670062100109982,9.390728727135314e-05,0.0,1.0,0.2242701175884837,0.005631385366984888,0.04816208397301217,0.0002212985558053693,1.8409654882708433,0.0,0.21430141131968491,0.005686795940388352,0.04680223923264336,0.00012113266189916255,0.3469573682400724,0.98,0.21430141131968491,0.005686795940388352,0.04680223923264336,0.00012113266189916255,0.3469573682400724,0.98,0.21433418714971253,0.005686570212081711,0.04676798381353257,0.00010194648027926543,0.4249714089429594,0.982,0.21573613453066015,0.005676935183588573,0.04720187835456801,0.0001646058685745749,0.8175132853864334,0.784,0.288,0.008,0.008,0.052,0.0,0.0,3.2775830027589714e-05,0.0002407837841121409,0.2140204812710485
project,50,0.05,2.0,2.0,500,"[20260825, 59]",-2.575125163117998,3,2.746176217420872,2.759553016943005,0.3477519406931539,1.8216349693322091,3.857579111823476,2.746176217420872,0.068,1.0,0.954,0.11,0.212576361854537,0.005795167421136805,0.04645836711608864,8.758304436763078e-05,0.0,1.0,0.23419279037053917,0.006539332355904424,0.048961886349785294,0.0003300475386466749,4.318816464743358,0.0,0.21363299391689744,0.005809307842248297,0.046678635782964564,0.00013490617654374974,0.8842280818449425,0.964,0.21363299391689744,0.005809307842248297,0.046678635782964564,0.00013490617654374974,0.8842280818449425,0.964,0.21326232515214788,0.00582171118195688,0.04657935489852047,0.0001247386944412686,0.6510166337962133,0.98,0.21909399000975502,0.005993327122267713,0.04739305490680942,0.00021583724292712937,2.3798590752358004,0.752,0.49,0.014,0.014,0.104,0.0,0.0,-0.0003706687647496029,0.000845918784313728,0.212576361854537
project,50,0.2,0.5,0.7,500,"[20260825, 60]",-2.2025547884420567,3,0.6102032158344971,0.6036992052347675,0.11935009651743456,0.29110562028476455,1.0581409878764172,0.05491828942510475,0.0,1.0,0.96,0.104,0.5041052488492008,0.0007230315637794351,0.16118531393771685,0.00021268958466522868,0.0,1.0,0.5158448158923605,0.001368934715720643,0.16326970636822874,0.00028029647195700985,0.8935436240054817,0.0,0.5047977407635457,0.0008289845927412057,0.16134529874523448,0.00023301904092624,0.1823719396623339,0.98,0.5047977407635457,0.0008289845927412057,0.16134529874523448,0.00023301904092624,0.1823719396623339,0.98,0.5049006884123123,0.0008553513706961,0.16134923717579103,0.00023382243613939834,0.23986561822824554,0.968,0.5059994784650784,0.0008585598771794041,0.1617190074241061,0.0002476821301810811,0.3990129410691282,0.764,0.276,0.004,0.004,0.094,0.0,0.0,0.00010294764876666173,0.000321944961084957,0.5041052488492008
project,50,0.2,0.5,1.0,500,"[20260825, 61]",-1.5804345981935155,3,1.0978329920879606,1.0929738867703036,0.20504906896152658,0.6080100889825328,1.7135154618071964,0.0,0.0,1.0,0.958,0.006,0.49560074165678014,0.0007020356210699295,0.15900795226299386,0.0002137155498259472,0.0,1.0,0.5124341636138109,0.001522345151637497,0.16181496167424098,0.00032109317700813715,1.4228889878788467,0.0,0.4962532501903688,0.0007862321448966998,0.1591350420267773,0.0002240385425900236,0.2746492477144445,0.97,0.4962532501903688,0.0007862321448966998,0.1591350420267773,0.0002240385425900236,0.2746492477144445,0.97,0.49627129508844314,0.0007681087553666117,0.1591495154507071,0.0002290841513835459,0.3216068165222149,0.972,0.5010840239691903,0.0010232814877294558,0.16006395200225312,0.00026732827270264925,0.8173331205602696,0.702,0.034,0.0,0.0,0.012,0.0,0.0,1.804489807422971e-05,0.0003035247676034529,0.49560074165678014
project,50,0.2,0.5,1.25,500,"[20260825, 62]",-1.295789273423448,3,1.4157584045230507,1.4087750119514089,0.27937621105431876,0.6695847141792988,2.334861805924705,0.08848490028269067,0.0,1.0,0.954,0.0,0.4898224184900879,0.0005666923539380409,0.1575644766370576,0.000185404904362484,0.0,1.0,0.5063938602885493,0.0017282321645067202,0.1602925832274014,0.0002879569176931094,1.7093366009185527,0.0,0.49087318421661424,0.0008111584735039008,0.1576588565997804,0.00018957897588432342,0.5522668304654087,0.966,0.49087318421661424,0.0008111584735039008,0.1576588565997804,0.00018957897588432342,0.5522668304654087,0.966,0.4902368920145239,0.0005875347415338351,0.15763411094563975,0.00018821900707749443,0.2854610158122428,0.976,0.4955420047855059,0.001118901924499375,0.15848781192272474,0.00022547716922705126,1.0596837948037021,0.656,0.176,0.004,0.004,0.04,0.0,0.0,-0.0006362922020903327,0.0005655623803536422,0.4898224184900879
project,50,0.2,0.5,1.5,500,"[20260825, 63]",-1.1096286510716924,3,1.6767226756648128,1.6673512079117185,0.34179607820329583,0.9307854740040281,2.9309587238433568,0.4191806689162032,0.0,1.0,0.962,0.002,0.4857673158348022,0.000691471044541798,0.1563137984471802,0.00019752344545634823,0.0,1.0,0.4958747016292593,0.001332316883431112,0.15777135129681577,0.00025376011499715005,1.5040849060145112,0.0,0.48575043058579537,0.0006904013216753079,0.15631402633620856,0.00019793790594054003,0.13643287259828513,0.976,0.48575043058579537,0.0006904013216753079,0.15631402633620856,0.00019793790594054003,0.13643287259828513,0.976,0.4864546584355324,0.000837299321597976,0.15635557831970862,0.00019860691041223238,0.54819463197763,0.976,0.4884217870504694,0.0008843034034070323,0.15672178796344358,0.0002222467957208339,0.8876300425417399,0.71,0.372,0.02,0.02,0.106,0.0,0.0,0.0007042278497370293,0.0004421699328748049,0.4857673158348022
project,50,0.2,0.5,2.0,500,"[20260825, 64]",-0.8835253306520889,3,2.0512364219357333,2.0539477016373002,0.4061637041424241,1.0512039360335808,3.215375034254353,2.0512364219357333,0.0,1.0,0.93,0.002,0.47974577024110343,0.0007859236022958236,0.154549653646524,0.00022223765241308245,0.0,1.0,0.48629940966393564,0.0014684602450223568,0.15531227594747402,0.00029140744701491416,1.8591691633641585,0.0,0.48009717631529397,0.0008101251003426038,0.15463902263773302,0.00023456173450544108,0.6096351303028293,0.948,0.48009717631529397,0.0008101251003426038,0.15463902263773302,0.00023456173450544108,0.6096351303028293,0.948,0.48030200337713674,0.0008524923199115993,0.154644648328353,0.00023032527971611407,0.6987261075457948,0.942,0.4817083648456738,0.0010208549347335146,0.15485551530642658,0.00026063038052048023,1.3397943754532526,0.612,0.598,0.028,0.028,0.27,0.0,0.0,0.00020482706184284593,0.0002524206076820308,0.47974577024110343
project,50,0.2,1.0,0.7,500,"[20260825, 65]",-2.351380169303612,3,1.3300676906574131,1.3286393758663406,0.18661061985844632,0.8631866805113938,1.8769258125937955,0.11970609215916722,0.0,1.0,0.95,0.008,0.4897854719626605,0.000731212588436866,0.15754334224810002,0.0002348856856719523,0.0,1.0,0.5016096437959682,0.0015548246393211852,0.1591036509857242,0.000269894353661374,0.7904690513356216,0.0,0.49040444964757046,0.000757889152044622,0.15765932121022572,0.00023700652736848433,0.15520131931105596,0.966,0.49040444964757046,0.000757889152044622,0.15765932121022572,0.00023700652736848433,0.15520131931105596,0.966,0.490137631470776,0.0007427163812942915,0.15762346926122495,0.00023758243431620658,0.1093363970113077,0.97,0.49241092241896317,0.0008709738837303946,0.15801458514298666,0.00024571265130009066,0.3739456036816337,0.65,0.406,0.01,0.01,0.178,0.0,0.0,-0.0002668181767944856,0.00023767009041599746,0.4897854719626605
project,50,0.2,1.0,1.0,500,"[20260825, 66]",-1.7670506613041779,3,2.3327913545889136,2.336990434941833,0.3256687148762352,1.3179793019434363,3.3840009529066686,0.0,0.0,1.0,0.96,0.0,0.4722986950476943,0.0006897170591004321,0.15320851316980794,0.00022749071850086764,0.0,1.0,0.49190545456288753,0.0018631900626723662,0.15590814968227354,0.000300078044311205,1.183457637765374,0.0,0.4732446871050876,0.0007790088336634714,0.1533541451745046,0.00023482759569176684,0.257324500402032,0.968,0.4732446871050876,0.0007790088336634714,0.1533541451745046,0.00023482759569176684,0.257324500402032,0.968,0.47311526645112123,0.0007587202831781983,0.15329689963719095,0.0002293382755900348,0.24815054902915537,0.966,0.47976987852830566,0.0012188081470829765,0.15428888665258006,0.0002626257283109308,0.719507603863147,0.688,0.05,0.0,0.0,0.018,0.0,0.0,-0.00012942065396639524,0.00031499851105570945,0.4722986950476943
project,50,0.2,1.0,1.25,500,"[20260825, 67]",-1.5067987346554537,3,2.955264500374534,2.9453147874720162,0.3963456723643661,1.835000937367598,4.038076193507945,0.18470403127340837,0.0,1.0,0.944,0.002,0.46246744326175687,0.0009358906831679232,0.15044009307678424,0.00024121093560877497,0.0,1.0,0.481697664655141,0.002270872892061266,0.15317946727377973,0.00036116167815004624,1.429778643842482,0.0,0.46448060315579764,0.001337877270318008,0.15075657485148028,0.0002661275498326197,0.6281106904779523,0.954,0.46448060315579764,0.001337877270318008,0.15075657485148028,0.0002661275498326197,0.6281106904779523,0.954,0.46386645715158253,0.0010486795702278036,0.15068422759623024,0.00025173369692884815,0.42948885121684405,0.946,0.4703442157867466,0.0016684613311601887,0.15167669529453598,0.000313178143317821,0.9988340424027278,0.67,0.244,0.006,0.006,0.05,0.0,0.0,-0.0006141460042151322,0.0007328925521351536,0.46246744326175687
project,50,0.2,1.0,1.5,500,"[20260825, 68]",-1.3403534774864876,3,3.4044524696592697,3.4242407471389957,0.48151588981365806,1.5707425151496297,4.966457746929371,0.8511131174148174,0.0,1.0,0.94,0.0,0.4539967662607237,0.0008164680259116721,0.14822275037227065,0.0002783890195550469,0.0,1.0,0.4674097704351723,0.0023350411025935313,0.14982542353997738,0.00039888571695774277,1.578809427811875,0.0,0.4543373216359616,0.0008568992190754868,0.14832587240281436,0.00029354216544606016,0.2830007652414402,0.96,0.4543373216359616,0.0008568992190754868,0.14832587240281436,0.00029354216544606016,0.2830007652414402,0.96,0.4544414464075899,0.0009106523860276556,0.1483605543515767,0.00031924621905408935,0.3078677192138647,0.948,0.45937447372791734,0.0016281317647261564,0.14894688013150792,0.0003622845260427831,1.0807589745567856,0.65,0.462,0.018,0.018,0.176,0.0,0.0,0.00010412477162829404,0.00018188925305168152,0.4539967662607237
project,50,0.2,1.0,2.0,500,"[20260825, 69]",-1.14389674484319,3,4.013748194380489,4.003550091541945,0.5928360585480056,2.101112219833635,5.586876214082308,4.013748194380489,0.0,1.0,0.874,0.0,0.4421306992367631,0.000746716179165367,0.14458708450658747,0.00024064799503605917,0.0,1.0,0.4469219702964082,0.0019239460177848005,0.14476285638306538,0.0003491209664693522,1.691648921966545,0.0,0.44314999366205576,0.001075860281874223,0.14474469851486707,0.0002653718815955632,0.8544980920122593,0.9,0.44314999366205576,0.001075860281874223,0.14474469851486707,0.0002653718815955632,0.8544980920122593,0.9,0.44208516890322014,0.0008528831692743097,0.14464874191992066,0.0002739902408563156,0.6107776730026125,0.884,0.44318444719318995,0.0014254610260209923,0.14468779227502165,0.0003231836981325843,1.3659772180631646,0.468,0.678,0.07,0.07,0.412,0.0,0.0,-0.0010648247588355764,0.0006278747914812736,0.4421306992367631
project,50,0.2,2.0,0.7,500,"[20260825, 70]",-2.7980161007021005,3,2.226251000238809,2.227806867774039,0.2860072882772458,1.5283279554702078,3.112361113411005,0.20036259002149287,0.0,1.0,0.942,0.0,0.4600664614344488,0.0008657932191204709,0.14977700619272216,0.00028806650141206905,0.0,1.0,0.47232680335674876,0.002079209324584163,0.15103655504280403,0.0003090539554281116,0.7068498012498458,0.0,0.4602506421864285,0.0008749089102388616,0.14977759025782209,0.00028777329869136733,0.11249215110925233,0.96,0.4602506421864285,0.0008749089102388616,0.14977759025782209,0.00028777329869136733,0.11249215110925233,0.96,0.46040537649898516,0.0008776432349583215,0.14981390734538674,0.0002882333304109437,0.10878984927331775,0.966,0.4627494682444134,0.0011805330107713056,0.1500415964561502,0.0002873084482371851,0.35599781194138497,0.564,0.472,0.022,0.022,0.274,0.0,0.0,0.00015473431255659133,0.00022126587690965427,0.4600664614344488
project,50,0.2,2.0,1.0,500,"[20260825, 71]",-2.28779348968638,3,3.571745382858005,3.570285169592756,0.4347497193547154,2.356777779725255,4.9994204546456755,0.0,0.0,1.0,0.956,0.002,0.42941871440565205,0.0006441885435888937,0.1421900448573554,0.00024476002830756154,0.0,1.0,0.4475644209779194,0.002079300746371388,0.14490162316772393,0.00035680182283050443,0.8970189471030879,0.0,0.4328274395347279,0.001882681492954677,0.14254614067375831,0.00027786470150307563,0.6684292635870519,0.962,0.4328274395347279,0.001882681492954677,0.14254614067375831,0.00027786470150307563,0.6684292635870519,0.962,0.43217054025716295,0.0018144607115823809,0.14248138506993674,0.000272146460940219,0.63245852675665,0.97,0.43714718243726863,0.0017350047105499358,0.1433926036903328,0.00032050235118847285,0.6672189398907592,0.704,0.06,0.0,0.0,0.014,0.0,0.0,-0.000656899277564924,0.0005058497394865816,0.42941871440565205
project,50,0.2,2.0,1.25,500,"[20260825, 72]",-2.06951304393189,3,4.380643235618383,4.3842696512977,0.5802594591472824,2.4037967119039796,6.122422577065621,0.2737902022261489,0.0,1.0,0.944,0.0,0.4126642146519895,0.0006542851232144581,0.13726850505788474,0.000241299374623673,0.0,1.0,0.42673884455336286,0.0015138485686021907,0.13943169811578673,0.00029875764393305377,0.9417955524680548,0.0,0.4135235059292099,0.0007360617861562142,0.1373931052974009,0.0002463475724511592,0.2761625234543258,0.974,0.4135235059292099,0.0007360617861562142,0.1373931052974009,0.0002463475724511592,0.2761625234543258,0.974,0.41343830242539775,0.0007003447961571375,0.13740824733076598,0.0002451890668204129,0.2563129165182935,0.956,0.41764537133209756,0.001013343071604165,0.13802811640151372,0.00026632569707365025,0.6146994801832182,0.672,0.276,0.006,0.006,0.09,0.0,0.0,-8.520350381211672e-05,0.0003288048720046372,0.4126642146519895
project,50,0.2,2.0,1.5,500,"[20260825, 73]",-1.933992773298046,3,4.91458215140412,4.904992444307297,0.5902129890840373,2.78457839315225,6.637539763906869,1.22864553785103,0.0,1.0,0.888,0.0,0.401562257248989,0.0006749127554126364,0.13371823816644973,0.00025097635953050864,0.0,1.0,0.41311440786403153,0.0017084110067605697,0.1353463914989415,0.00032515169835367944,1.1124946051552191,0.0,0.4025076594561088,0.0007913356568909792,0.1338808161238943,0.00026203826953811045,0.3968519095845579,0.928,0.4025076594561088,0.0007913356568909792,0.1338808161238943,0.00026203826953811045,0.3968519095845579,0.928,0.40213713689806174,0.0007549296629662867,0.1339135303934624,0.00026757198675915207,0.31063720669820377,0.938,0.405866752111833,0.0011413643416203995,0.1344268308660414,0.00028972904744880933,0.8109889087854736,0.606,0.486,0.042,0.042,0.2,0.0,0.0,-0.000370522558047068,0.0003952605601037576,0.401562257248989
project,50,0.2,2.0,2.0,500,"[20260825, 74]",-1.7793643819034308,3,5.593650087053791,5.6363144289959735,0.675788267896695,3.310051663417087,7.620171190894765,5.593650087053791,0.0,1.0,0.814,0.0,0.3866204212813614,0.0007374761067965317,0.1285982399901601,0.0002946997626270439,0.0,1.0,0.3845914168089064,0.0016846094667164423,0.1270066843560358,0.0003212178697209949,1.2862419955306885,0.0,0.3851945968032078,0.0007669108364590365,0.12827926151039412,0.00029436167062967515,0.48070573125276095,0.864,0.3851945968032078,0.0007669108364590365,0.12827926151039412,0.00029436167062967515,0.48070573125276095,0.864,0.385603066420764,0.0007836951420216421,0.12839546910930807,0.0003017642178101398,0.4402840394629573,0.87,0.38382942519896984,0.001191276769424333,0.1276489099732136,0.0003167456676252858,1.0717408721125405,0.432,0.762,0.124,0.124,0.48,0.0,0.0,0.0004084696175561875,0.0002898406115799742,0.3845914168089064
project,50,0.5,0.5,0.7,500,"[20260825, 75]",-0.5562295204540288,3,2.735102644548726,2.7529856177941276,0.5277449049028187,1.1377129447691112,4.482865893977874,0.24615923800938538,0.0,1.0,0.858,0.0,0.6855596958554967,0.0008044210039205469,0.24558372603868828,0.0003423247836936741,0.0,1.0,0.6953073494933437,0.0012293831607357677,0.24911725557349873,0.000450468672896994,0.607471248363909,0.0,0.6863549721041354,0.0008252894104792343,0.24598386949613496,0.00035389517981484396,0.2078928700158395,0.892,0.6863549721041354,0.0008252894104792343,0.24598386949613496,0.00035389517981484396,0.2078928700158395,0.892,0.6864169474863322,0.0008348377728808243,0.24601511001546653,0.0003577116564356927,0.22249274667484578,0.902,0.6885169393453402,0.0009484349294830247,0.24681848411580587,0.0003939062212958332,0.3696987499364641,0.614,0.408,0.052,0.052,0.196,0.0,0.0,6.197538219678678e-05,0.00025251259631915176,0.6855596958554967
project,50,0.5,0.5,1.0,500,"[20260825, 76]",-0.4134940666589879,3,2.9980408784378416,2.9695093082277513,0.5949078567719426,1.2524635170693994,4.812066201948324,0.0,0.0,1.0,0.904,0.0,0.6624761863503315,0.0006537803299270518,0.2353459345535713,0.0002888933256407498,0.0,1.0,0.6752255717126916,0.0012459719640610487,0.23955057619828107,0.000421251955109115,0.6743242826384049,0.0,0.6637003849226762,0.0007362885120500083,0.23580829102081,0.0003136391376903621,0.20563703824953014,0.944,0.6637003849226762,0.0007362885120500083,0.23580829102081,0.0003136391376903621,0.20563703824953014,0.944,0.6642963455643592,0.0007739063071645991,0.23607459547826123,0.00033767116801024184,0.2259469398967151,0.926,0.6671919211770085,0.0009844670485960817,0.23692393663254843,0.00036644842325841834,0.41465152856208237,0.706,0.078,0.002,0.002,0.014,0.0,0.0,0.000595960641683029,0.0003576037706751397,0.6624761863503315
project,50,0.5,0.5,1.25,500,"[20260825, 77]",-0.3514573112771153,3,3.122211642484708,3.0927287675140835,0.6288344765553454,1.4639053905617654,4.75711314819695,0.19513822765529426,0.0,1.0,0.902,0.0,0.6479067410772351,0.0006295838973485519,0.22877382330902526,0.00029009111993601747,0.0,1.0,0.6608585121027202,0.00137149899709113,0.23265135988764354,0.0004611786236106647,0.7705246715034143,0.0,0.6498608080248934,0.0008166713657347754,0.22941321595237407,0.00033824178305246746,0.30446066603387917,0.93,0.6498608080248934,0.0008166713657347754,0.22941321595237407,0.00033824178305246746,0.30446066603387917,0.93,0.6498371555079192,0.0008269776366373542,0.2294264231599561,0.0003412511378498536,0.3100336812326514,0.926,0.6530808328221526,0.0010600640021287966,0.23032931730197562,0.00039682373907572123,0.5210487493505427,0.65,0.274,0.01,0.01,0.11,0.0,0.0,-2.3652516974368655e-05,0.00048113799510416527,0.6479067410772351
project,50,0.5,0.5,1.5,500,"[20260825, 78]",-0.31311678010205346,3,3.269967084061906,3.27740408488773,0.6556372390220151,1.664720565900912,5.098336367086401,0.8174917710154765,0.0,1.0,0.88,0.0,0.635196667226252,0.0006283279706087399,0.22293227281154457,0.00029121485347549664,0.0,1.0,0.6422006551225666,0.001296096194141007,0.22409010282598094,0.00039017050043748064,0.8134795285528882,0.0,0.6354355401331138,0.0006603836075351298,0.2229334912891112,0.0002939168807923487,0.2493670473121412,0.926,0.6354355401331138,0.0006603836075351298,0.2229334912891112,0.0002939168807923487,0.2493670473121412,0.926,0.6357380285636932,0.0007139631573505262,0.22301654609998145,0.00030011307817974416,0.29664951833757897,0.916,0.6378130136632398,0.0009940570112676767,0.2231529489833989,0.000328804409395011,0.6329342874151012,0.542,0.536,0.05,0.05,0.296,0.0,0.0,0.00030248843057938135,0.00033664773477247185,0.635196667226252
project,50,0.5,0.5,2.0,500,"[20260825, 79]",-0.27085934328121364,3,3.2929372554156555,3.2624785661095763,0.645826342426546,1.525507916962326,5.573047035907993,3.2929372554156555,0.0,1.0,0.748,0.0,0.6127868347255631,0.0005031776965696587,0.21259253135670797,0.00025219205458767394,0.0,1.0,0.6052372078615613,0.0010456169804097773,0.20788380109741939,0.00029635043526159247,0.9185103513954278,0.0,0.6105963515917241,0.0006164524096541537,0.21160424948583714,0.00028033213012377254,0.4472882882069369,0.828,0.6105963515917241,0.0006164524096541537,0.21160424948583714,0.00028033213012377254,0.4472882882069369,0.828,0.6100268949480492,0.0005926104384740342,0.21136328331295856,0.00027119724142253646,0.4549261685026778,0.806,0.605928107805005,0.0008281128161650628,0.2089813678025948,0.00028762646641854905,0.8393482033185392,0.338,0.818,0.166,0.166,0.6,0.0,0.0,-0.0005694566436748736,0.00043703909130280306,0.6052372078615613
project,50,0.5,1.0,0.7,500,"[20260825, 80]",-0.6528986815334421,3,5.979009277154611,5.975778780786616,0.86810001432887,3.5336671474447066,8.74530855740662,0.5381108349439151,0.0,1.0,0.866,0.0,0.6445622597793191,0.0007231103654568878,0.22557572181108318,0.00027117299448429686,0.0,1.0,0.6494432819065871,0.0012224986476371113,0.22724598385296016,0.000367887660994882,0.39689887786907385,0.0,0.6446408870008977,0.0007548470812667994,0.22568691735160254,0.00027894235403509346,0.15609181102122988,0.888,0.6446408870008977,0.0007548470812667994,0.22568691735160254,0.00027894235403509346,0.15609181102122988,0.888,0.6445091258629249,0.0007390963374729802,0.22562482931199593,0.00027807785834357493,0.13789143949521454,0.902,0.6449949994423401,0.0008489489875410362,0.22595797994917446,0.0003068981253972988,0.26287237827639137,0.484,0.594,0.072,0.072,0.386,0.0,0.0,-0.00013176113797280586,0.0002873919766728182,0.6445622597793191
project,50,0.5,1.0,1.0,500,"[20260825, 81]",-0.5417186865624273,3,6.504976354508558,6.500178234718411,0.9279723705527861,3.8798618389591706,8.81574622545169,0.0,0.0,1.0,0.954,0.0,0.5943239454663539,0.0007650114874674672,0.2049721056328392,0.0002930840434081411,0.0,1.0,0.6082129475575314,0.0018789068378145203,0.20845629917805916,0.000387254570875586,0.5238868111651672,0.0,0.5950073921443524,0.0008411125071594978,0.2051219636169127,0.0002987438652472895,0.11461916253204309,0.962,0.5950073921443524,0.0008411125071594978,0.2051219636169127,0.0002987438652472895,0.11461916253204309,0.962,0.5950950890533198,0.0008586529444278193,0.20515401478499826,0.00030332222972319285,0.12326805516424869,0.97,0.5995980625555904,0.0015704728111683905,0.20617888056747138,0.0003485447459045564,0.3492865888443368,0.69,0.056,0.0,0.0,0.012,0.0,0.0,8.769690896735449e-05,0.0002380461471646634,0.5943239454663539
project,50,0.5,1.0,1.25,500,"[20260825, 82]",-0.5006514993098714,3,6.807780710518521,6.818052127870999,0.9781374504459213,3.7894852490474378,9.969569309243154,0.42548629440740754,0.0,1.0,0.904,0.0,0.560943392865152,0.0006493638564043026,0.19081781605178624,0.00025889139594754686,0.0,1.0,0.5705186022226719,0.0013051904005742458,0.19258036599492284,0.0003161664229879771,0.5183341348857332,0.0,0.5615018263544409,0.0006975834128146746,0.19088787308840277,0.0002611882110295646,0.16622377060011223,0.94,0.5615018263544409,0.0006975834128146746,0.19088787308840277,0.0002611882110295646,0.16622377060011223,0.94,0.5616062152653253,0.0007047318558467358,0.19095126309827282,0.0002672819150707393,0.16487887024591238,0.94,0.5642870174816857,0.0010222535156588363,0.19127759218296495,0.00028042348388513744,0.3716347668698283,0.6,0.384,0.034,0.034,0.198,0.0,0.0,0.00010438891088440228,0.0002582162987639746,0.560943392865152
project,50,0.5,1.0,1.5,500,"[20260825, 83]",-0.47940359392504506,3,6.8749524186292925,6.865711341725773,0.9452258379720194,4.172530321888926,9.623900603994267,1.7187381046573231,0.0,1.0,0.854,0.0,0.537381539661484,0.0006967648165207457,0.18055215128756025,0.00030261419591653,0.0,1.0,0.540513211723561,0.0015819967715612726,0.17924027310026752,0.0003340870145705261,0.6004601672175712,0.0,0.5372792489122447,0.0008080286981698628,0.1803013291493822,0.0003070601568335134,0.22974878494127846,0.9,0.5372792489122447,0.0008080286981698628,0.1803013291493822,0.0003070601568335134,0.22974878494127846,0.9,0.5374487202477048,0.0007695044410954737,0.180349097807223,0.00030334443136479137,0.2680717014409149,0.89,0.5379377926581969,0.0012049656820684097,0.17947420567276795,0.0003115070667688157,0.511307290009886,0.446,0.684,0.078,0.078,0.414,0.0,0.0,0.00016947133546028903,0.00038745219471075765,0.537381539661484
project,50,0.5,1.0,2.0,500,"[20260825, 84]",-0.46261150412711916,3,6.987744493461232,6.986802435989967,0.9910741043862225,4.170086896067478,9.488510369666516,6.987744493461232,0.0,1.0,0.67,0.002,0.5004959962963058,0.000598043640570754,0.16425557716580888,0.0002838377391519829,0.0,1.0,0.4881275750257884,0.004793601641170112,0.15463337344185346,0.000337761220915043,1.3385935984825663,0.0,0.49759947897059514,0.002789791181182145,0.16167022248394408,0.00034056958931770947,0.6684442403672024,0.726,0.49759947897059514,0.002789791181182145,0.16167022248394408,0.00034056958931770947,0.6684442403672024,0.726,0.49774253011834413,0.0028010188571023827,0.16158639869649374,0.0003423905046994379,0.7108035986502609,0.708,0.4842926059106726,0.0026333514265540754,0.15590849201228915,0.0003408021531825926,0.7996758298839056,0.144,0.886,0.264,0.264,0.802,0.0,0.0,0.00014305114774899064,0.0007834831397287953,0.4881275750257884
project,50,0.5,2.0,0.7,500,"[20260825, 85]",-0.9726227905201128,3,10.371882483513655,10.342666738250486,1.2270826951565528,6.591255047625307,13.502175061769236,0.9334694235162292,0.0,1.0,0.86,0.0,0.5535222231876258,0.0007544339076609654,0.18437783686415735,0.00022672490990044867,0.0,1.0,0.5535545140884215,0.001366829381055784,0.18493044504612338,0.0003318682332592004,0.30460599994709403,0.0,0.553049559631663,0.0008123668872220496,0.18444873066533887,0.00025052126193533195,0.1430120584911092,0.892,0.553049559631663,0.0008123668872220496,0.18444873066533887,0.00025052126193533195,0.1430120584911092,0.892,0.5530415157715279,0.0007796575614136601,0.1844969309790313,0.00024526642013835944,0.14656102854543723,0.888,0.55095233031983,0.0010162799833645674,0.18422104691558394,0.00028998351432246006,0.22393240125256306,0.446,0.712,0.078,0.078,0.468,0.0,0.0,-8.043860135172887e-06,0.0003266802223734547,0.5535222231876258
project,50,0.5,2.0,1.0,500,"[20260825, 86]",-0.9252230082542383,3,10.753777207722539,10.771547048418991,1.3154279619164102,7.337900393143456,14.169395484860743,0.0,0.0,1.0,0.962,0.0,0.4651996460847877,0.0008611357283162135,0.15158882878336227,0.00025132496510184917,0.0,1.0,0.47821729900014076,0.001488367887120056,0.1541373220762589,0.0002941580937003031,0.35810508170057825,0.0,0.4656170412132388,0.0008719916750988657,0.1517016255294202,0.0002548713647178476,0.062420156145644556,0.976,0.4656170412132388,0.0008719916750988657,0.1517016255294202,0.0002548713647178476,0.062420156145644556,0.976,0.4657684759411545,0.000912302810353623,0.15169718319105802,0.00025683999141699524,0.07731998010692709,0.978,0.4690433268059354,0.0011013115445873487,0.15233080835093898,0.0002686471474438246,0.19934013794553038,0.678,0.05,0.0,0.0,0.032,0.0,0.0,0.00015143472791562585,0.0003176529035521992,0.4651996460847877
project,50,0.5,2.0,1.25,500,"[20260825, 87]",-0.9186285232061429,3,10.698553794914186,10.66592136939521,1.3731156111881089,6.146365681069882,14.33922897299007,0.6686596121821367,0.0,1.0,0.924,0.0,0.41473691582699895,0.0006288364488813929,0.1322136759283382,0.00021152460255661448,0.0,1.0,0.42954676174437106,0.0020705132676045322,0.13330605952704888,0.00026742159641441525,0.5225491539435804,0.0,0.4162085412325907,0.0008956608356284305,0.13231306335525841,0.00022110994391326565,0.22554387855153032,0.94,0.4162085412325907,0.0008956608356284305,0.13231306335525841,0.00022110994391326565,0.22554387855153032,0.94,0.4154822831274821,0.0006996737096529917,0.13227391164597832,0.00021287762780465393,0.1718032535179603,0.95,0.4211555208510707,0.0014452776946037374,0.13254006188554432,0.00023943546268344378,0.40829594012082515,0.562,0.404,0.022,0.022,0.208,0.0,0.0,-0.0007262581051086653,0.00047179682699060145,0.41473691582699895
project,50,0.5,2.0,1.5,500,"[20260825, 88]",-0.920720315453506,3,10.735002197856101,10.74728266683293,1.318263947284708,6.995049356671232,13.850047716542614,2.6837505494640252,0.0,1.0,0.854,0.0,0.3785019401111319,0.0005133061621604069,0.11804037708342772,0.00019902760499286676,0.0,1.0,0.3833795927517365,0.00258115000455082,0.11568672295439743,0.00024026749236812263,0.613194934005156,0.0,0.3784849401172652,0.0007571661958943487,0.11764847081529556,0.0001990103413547081,0.26375955748676133,0.88,0.3784849401172652,0.0007571661958943487,0.11764847081529556,0.0001990103413547081,0.26375955748676133,0.88,0.37839567755313974,0.000725674873114057,0.11766957981635238,0.00020297456156204816,0.2656002609493155,0.89,0.37889309583868974,0.0015787783710200865,0.11623491392856332,0.00021592354123819543,0.5247325671323129,0.376,0.72,0.088,0.088,0.482,0.0,0.0,-8.926256412540123e-05,0.00035016706191884415,0.3785019401111319
project,50,0.5,2.0,2.0,500,"[20260825, 89]",-0.9294694599534736,3,10.639817423850412,10.712687997482616,1.2962676477845338,5.942436430664315,14.23194788112458,10.639817423850412,0.0,1.0,0.61,0.008,0.3324921861266457,0.0004594869390844667,0.09983650821193224,0.0002065666055510113,0.0,1.0,0.326622861839443,0.005401754981350359,0.08981545471171903,0.00027724349205289896,2.0959781966019566,0.0,0.3247915716082871,0.0021321029731235647,0.09609516331514031,0.00029938058765773836,0.8476314986939747,0.632,0.3247915716082871,0.0021321029731235647,0.09609516331514031,0.00029938058765773836,0.8476314986939747,0.632,0.32432046420010363,0.0017922057429456749,0.09611575362985202,0.0002877677828596101,0.7646854537021508,0.63,0.3114695390907204,0.002900706406185105,0.0902416955301672,0.0002581700543887473,0.9797889842056817,0.078,0.848,0.342,0.342,0.832,0.0,0.0,-0.00047110740818340116,0.0017462704829211073,0.326622861839443
project,100,0.05,0.5,0.7,500,"[20260825, 90]",-4.311952668984809,3,0.15346456760379898,0.15397827894930455,0.019982074687838743,0.07189215178051273,0.2072165738281131,0.013811811084341912,0.008,1.0,0.984,0.594,0.20660499880845012,0.0019848865923389326,0.04791100704024529,3.809508373178679e-05,0.0,1.0,0.21703937587754785,0.0019972481461092697,0.048297944143788275,3.663956657694073e-05,0.4970672852856983,0.0,0.20672764160966145,0.0019852097944529673,0.0479164357120271,3.812610580937056e-05,0.07330930656180507,0.986,0.20672764160966145,0.0019852097944529673,0.0479164357120271,3.812610580937056e-05,0.07330930656180507,0.986,0.20659965553637186,0.0019849440246162845,0.0479102507133098,3.8110401809298676e-05,0.0358811523590306,0.994,0.2066750906851936,0.001984594560077073,0.047909529211475656,3.739266768817512e-05,0.2010562985898983,0.912,0.216,0.0,0.0,0.044,0.0,0.0,-0.00012798607328957335,7.379277746376787e-05,0.20660499880845012
project,100,0.05,0.5,1.0,500,"[20260825, 91]",-3.061543533844686,3,0.5336498794912563,0.5304751998607755,0.07106176653317822,0.3454601587300132,0.798582523439152,0.0,0.006,1.0,0.976,0.348,0.20412285066870334,0.001741549682716072,0.04777940600460693,3.2762856158802615e-05,0.0,1.0,0.20644313224157484,0.0017720532743692827,0.04779716127552694,3.2593119005564305e-05,0.9326362748749565,0.0,0.20421012003858596,0.0017415999799546102,0.04778045606410991,3.2747547716442015e-05,0.20509160716361108,0.982,0.20421012003858596,0.0017415999799546102,0.04778045606410991,3.2747547716442015e-05,0.20509160716361108,0.982,0.20423980811337927,0.0017414948869570817,0.04778228931330193,3.2726236304417526e-05,0.22481684712546968,0.984,0.20421637899837924,0.001741423322621373,0.047784118680974645,3.2869964476167706e-05,0.15503384657787517,0.916,0.188,0.002,0.002,0.008,0.0,0.0,2.9688074793317533e-05,5.1293903879314506e-05,0.20412285066870334
project,100,0.05,0.5,1.25,500,"[20260825, 92]",-2.483918386274661,3,0.9401677838689896,0.9333584869831495,0.1298293184201851,0.6012067801867591,1.3712234897122866,0.05876048649181185,0.004,1.0,0.972,0.172,0.20172497799057743,0.0014472452738733446,0.04765054149200719,3.8028837729629185e-05,0.0,1.0,0.2065138884535318,0.0014918471600532885,0.047873545531246224,4.477825750154079e-05,1.4224126157263994,0.0,0.20181815509123405,0.0014473008766587039,0.04765101356614949,3.8017525749972765e-05,0.2810232932775082,0.986,0.20181815509123405,0.0014473008766587039,0.04765101356614949,3.8017525749972765e-05,0.2810232932775082,0.986,0.2018358555670758,0.0014474327663467413,0.04765064798644576,3.805262771006215e-05,0.29914544800843756,0.978,0.20191186635491742,0.001450745661523986,0.04766908166420383,3.884978043559296e-05,0.2461874601429116,0.882,0.148,0.002,0.002,0.014,0.0,0.0,1.7700475841753438e-05,4.595725786545027e-05,0.20172497799057743
project,100,0.05,0.5,1.5,500,"[20260825, 93]",-2.102520055507088,3,1.3545371897707315,1.3570230126973697,0.1841587151796024,0.7368108260108219,1.8698421511874257,0.33863429744268286,0.004,1.0,0.976,0.118,0.20047514737057195,0.0014491064699403337,0.0475513765924513,3.433823299135883e-05,0.0,1.0,0.2058939764653644,0.0014878843202574706,0.047860262948474494,4.6238557713630385e-05,1.8145678686191362,0.0,0.20062753887562065,0.0014500991297319188,0.047559109029130894,3.457030030817769e-05,0.3840323931362095,0.984,0.20062753887562065,0.0014500991297319188,0.047559109029130894,3.457030030817769e-05,0.3840323931362095,0.984,0.20051886678240965,0.0014490564747158291,0.04755171033917858,3.432860077345433e-05,0.24735475434726356,0.988,0.2010812454034073,0.0014509110121268091,0.047628064698541146,3.7590310839871737e-05,0.6438123058643137,0.794,0.208,0.002,0.002,0.05,0.0,0.0,-0.00010867209321099874,7.453825552955507e-05,0.20047514737057195
project,100,0.05,0.5,2.0,500,"[20260825, 94]",-1.6324268561004902,3,2.1211541257931694,2.1274171001147755,0.2865104649104173,1.3995737563285133,3.110022216730164,2.1211541257931694,0.006,1.0,0.952,0.102,0.20003851131242242,0.001754075300080953,0.04744125011626205,3.3135811955785885e-05,0.0,1.0,0.20485236249156072,0.0018172574844006139,0.04771902200585825,5.606847019764022e-05,2.284934204660535,0.0,0.20005013380332087,0.001754051825426909,0.04744421458863354,3.329541729851727e-05,0.20604067252100325,0.98,0.20005013380332087,0.001754051825426909,0.04744421458863354,3.329541729851727e-05,0.20604067252100325,0.98,0.200160114512875,0.0017550339734550698,0.04744514376496913,3.369225889779506e-05,0.4928233588295254,0.972,0.20031413695637587,0.0017562413024588901,0.04753026690022415,4.622103329278284e-05,0.8481031900912868,0.77,0.406,0.014,0.014,0.118,0.0,0.0,0.00010998070955411604,7.022349451659631e-05,0.20003851131242242
project,100,0.05,1.0,0.7,500,"[20260825, 95]",-4.476604898044034,3,0.32947267836920185,0.3318312771894535,0.03210720689096708,0.209388711447892,0.41194567263272763,0.029652541053228176,0.0,1.0,0.986,0.378,0.19854688366334602,0.00036210050814571834,0.04760977939725606,3.634158159165413e-05,0.0,1.0,0.206661413713559,0.0005836567270542191,0.04792173609258245,3.2502306109464255e-05,0.43713836239615844,0.0,0.1985722281443454,0.0003621170893244165,0.04761209349021149,3.632994317906784e-05,0.06574153893570159,0.996,0.1985722281443454,0.0003621170893244165,0.04761209349021149,3.632994317906784e-05,0.06574153893570159,0.996,0.19865466239881827,0.000364991958167228,0.04761711398803498,3.627447736122468e-05,0.1231077594217861,0.986,0.19884128458436645,0.0003660238524715223,0.047622479670625405,3.6023032544756045e-05,0.26718731928217065,0.774,0.272,0.0,0.0,0.138,0.0,0.0,8.243425447289537e-05,5.4404005710128675e-05,0.19854688366334602
project,100,0.05,1.0,1.0,500,"[20260825, 96]",-3.2648537122009804,3,1.0972581664809673,1.0991108398945117,0.11034685400263389,0.7753935320730967,1.3906176913082895,0.0,0.008,1.0,0.974,0.15,0.1983386603809801,0.002008010678225082,0.04734493920800841,3.763682284729966e-05,0.0,1.0,0.2035979258850702,0.002023295407962053,0.0474901906419752,3.218510463639463e-05,1.1239553863147633,0.0,0.19836042682726537,0.0020080434195763235,0.04734511949997392,3.7646712744639484e-05,0.09953952392723944,0.99,0.19836042682726537,0.0020080434195763235,0.04734511949997392,3.7646712744639484e-05,0.09953952392723944,0.99,0.19837538979582792,0.0020078545922944443,0.047346938371604363,3.777075706942283e-05,0.10487189959473209,0.978,0.19869269551648056,0.002007395485869966,0.04736036004884142,3.7354004187083475e-05,0.21601136946965524,0.84,0.066,0.002,0.002,0.002,0.0,0.0,1.4962968562522439e-05,2.954933739752974e-05,0.1983386603809801
project,100,0.05,1.0,1.25,500,"[20260825, 97]",-2.7117669384803307,3,1.892896449259485,1.8889705350179447,0.18444188363703368,1.4115672396801635,2.443873373877224,0.11830602807871782,0.004,1.0,0.966,0.056,0.19457810749970542,0.0014519632318712402,0.04720844293081667,3.4651623709646604e-05,0.0,1.0,0.20060955382878312,0.0015034780342133714,0.04751230280060294,4.533171536943186e-05,1.3941554281336692,0.0,0.19463820753278718,0.0014520854751239212,0.047212411138832566,3.465821705056918e-05,0.14436261859623337,0.986,0.19463820753278718,0.0014520854751239212,0.047212411138832566,3.465821705056918e-05,0.14436261859623337,0.986,0.19472615486888956,0.0014530222764702618,0.04721774536713538,3.5871403369113247e-05,0.2673581195350519,0.978,0.1950722678570341,0.001451691302419256,0.04726904462988067,3.80739061838887e-05,0.4248875258661853,0.812,0.168,0.002,0.002,0.024,0.0,0.0,8.794733610238425e-05,6.750992249900566e-05,0.19457810749970542
project,100,0.05,1.0,1.5,500,"[20260825, 98]",-2.349989241166856,3,2.671871972991804,2.6782841356844713,0.2556241363282069,1.7904312250143053,3.264277937996906,0.667967993247951,0.01,1.0,0.97,0.068,0.19553690462929751,0.0022527938103676626,0.04704585442587292,3.54639205833833e-05,0.0,1.0,0.20119021958548594,0.0022725643771983758,0.047388929952690007,5.300797307683422e-05,1.648502464014861,0.0,0.19561739719532345,0.002252965076206126,0.04705004786076084,3.5481085441719476e-05,0.2937715781330072,0.982,0.19561739719532345,0.002252965076206126,0.04705004786076084,3.5481085441719476e-05,0.2937715781330072,0.982,0.1955507303651477,0.0022527392595901538,0.04704730793493855,3.549592379046204e-05,0.14148274889500165,0.988,0.19625091055692137,0.0022510536481573267,0.0471439551600154,4.208876595863427e-05,0.7365401015078548,0.778,0.318,0.006,0.006,0.054,0.0,0.0,-6.666683017576414e-05,5.563074524991937e-05,0.19553690462929751
project,100,0.05,1.0,2.0,500,"[20260825, 99]",-1.9090928648345549,3,4.07275674563689,4.068472454072294,0.39136322802312634,2.967058539621611,5.214114500335019,4.07275674563689,0.002,1.0,0.94,0.034,0.18907857760550462,0.0010749647979671052,0.04681227053197459,4.2058609572604364e-05,0.0,1.0,0.19479171067994647,0.0012764307100388453,0.0473116132118238,8.524851785524295e-05,2.4893107739344247,0.0,0.18909511337244989,0.0010758117696172123,0.04683523562368389,4.5139411884779744e-05,0.4334905787206927,0.958,0.18909511337244989,0.0010758117696172123,0.04683523562368389,4.5139411884779744e-05,0.4334905787206927,0.958,0.18912126286773667,0.0010759013841341732,0.046829862481681,4.366335570666009e-05,0.3833715911878355,0.972,0.19011747570718382,0.0011190915607879,0.047059251742076216,6.973221784324789e-05,1.551196571367658,0.644,0.468,0.03,0.03,0.214,0.0,0.0,2.6149495286760084e-05,7.283691238866219e-05,0.18907857760550462
project,100,0.05,2.0,0.7,500,"[20260825, 100]",-4.9568426581977825,3,0.5421449046867528,0.543164632397493,0.04871994210959778,0.3835197547363636,0.7128617271639159,0.048793041421807765,0.004,1.0,0.978,0.26,0.19334685260053186,0.0014549484893944034,0.04721648381185515,5.2519804286990615e-05,0.0,1.0,0.19911467383951412,0.0014863206250250493,0.04738657014693453,4.1156682195426455e-05,0.44982448853946444,0.0,0.19339763504949026,0.0014552810995549475,0.04721490787900381,5.210102771483182e-05,0.06480584721136791,0.986,0.19339763504949026,0.0014552810995549475,0.04721490787900381,5.210102771483182e-05,0.06480584721136791,0.986,0.19336117626601362,0.0014549777581003732,0.04721122650525126,5.1886762288965644e-05,0.06285547195453436,0.99,0.19364727830082654,0.0014564990185375172,0.04719746963541856,4.8481244988027144e-05,0.2518194130022546,0.724,0.364,0.004,0.004,0.166,0.0,0.0,-3.6458783476643055e-05,5.156559425358929e-05,0.19334685260053186
project,100,0.05,2.0,1.0,500,"[20260825, 101]",-3.8181857296691097,3,1.6853497265852444,1.6855258883705195,0.14266280697804806,1.3217622114022087,2.148752996530832,0.0,0.008,1.0,0.974,0.058,0.18876968876118747,0.00205099775034287,0.0466712722701288,3.98793558285352e-05,0.0,1.0,0.19545750519144367,0.0020954793291053193,0.04702166561955383,5.0940721984823675e-05,1.0985345186200135,0.0,0.1889985571207114,0.0020533616437448015,0.04668951875788025,4.214822012904343e-05,0.23276825706692136,0.984,0.1889985571207114,0.0020533616437448015,0.04668951875788025,4.214822012904343e-05,0.23276825706692136,0.984,0.18885030328174282,0.0020512075468377064,0.046674566968789306,3.983188994980613e-05,0.13797622554765454,0.988,0.18990846455900626,0.0020507482502614967,0.04673338855649978,4.047309922461351e-05,0.42600253882712313,0.764,0.05,0.0,0.0,0.012,0.0,0.0,-0.00014825383896862566,0.00012368014621265663,0.18876968876118747
project,100,0.05,2.0,1.25,500,"[20260825, 102]",-3.306124814942307,3,2.785604033442943,2.7862378921841486,0.25061022252420934,1.837090218654941,3.466063403583526,0.17410025209018393,0.006,1.0,0.958,0.026,0.18425858083521496,0.0018021192879619193,0.04634444825212656,4.5754413687628386e-05,0.0,1.0,0.19042641186569748,0.0018432716431036355,0.04685768023572267,6.51656860484303e-05,1.2306515488359637,0.0,0.1843678301041257,0.001802512132493233,0.04635437767403557,4.5917705696113275e-05,0.22664546049002782,0.978,0.1843678301041257,0.001802512132493233,0.04635437767403557,4.5917705696113275e-05,0.22664546049002782,0.978,0.18450569119142507,0.0018034628950725057,0.04635327808278123,4.580862010920476e-05,0.3231254515224921,0.972,0.1853907813599378,0.0018030006504645868,0.04647629932033376,5.1949693321269625e-05,0.6038600708855797,0.75,0.204,0.006,0.006,0.042,0.0,0.0,0.0001378610872993648,0.000118926637414435,0.18425858083521496
project,100,0.05,2.0,1.5,500,"[20260825, 103]",-2.9745754381296035,3,3.7849298849555986,3.775508321653033,0.3336054296597937,2.8962229627438854,4.815592357015103,0.9462324712388996,0.006,1.0,0.964,0.022,0.18190762418364795,0.0018075520096343478,0.04613771889539415,4.308894708169291e-05,0.0,1.0,0.18754253907477061,0.0018741898325275975,0.04682464279653357,9.638077751892225e-05,1.4490091839487638,0.0,0.1821717214573915,0.0018120708657799961,0.046196439208845246,5.490953821458992e-05,0.3916627979191465,0.972,0.1821717214573915,0.0018120708657799961,0.046196439208845246,5.490953821458992e-05,0.3916627979191465,0.972,0.18208681643898525,0.0018102602617488701,0.04617034440840558,4.701164746355301e-05,0.3343475319209084,0.98,0.18320899538080787,0.0018193881170960062,0.046402837107951254,7.124617399461788e-05,0.848591153138472,0.704,0.36,0.014,0.014,0.11,0.0,0.0,-8.490501840626646e-05,0.00010079989522997459,0.18190762418364795
project,100,0.05,2.0,2.0,500,"[20260825, 104]",-2.575125163117998,3,5.579426641879527,5.564306901329289,0.49884137416933644,4.038483808087689,6.948129015764307,5.579426641879527,0.008,1.0,0.95,0.01,0.17984498013873915,0.002092336549627901,0.04575550576235419,4.6386315292804715e-05,0.0,1.0,0.183934990892666,0.002248681190402481,0.046603728644733944,0.00013723016322534935,2.0140369397517777,0.0,0.17999768200884472,0.002094418526413188,0.04583362243321825,5.86376744568002e-05,0.5094516744001149,0.954,0.17999768200884472,0.002094418526413188,0.04583362243321825,5.86376744568002e-05,0.5094516744001149,0.954,0.17990353795389546,0.002092639895326468,0.04579597197646605,5.2285990664790156e-05,0.3799278925926718,0.976,0.18141179178638195,0.002144412803111075,0.04621241407686644,0.00010843295702133694,1.5072700620886548,0.6,0.616,0.032,0.032,0.274,0.0,0.0,-9.414405494924071e-05,0.00011963545750455138,0.17984498013873915
project,100,0.2,0.5,0.7,500,"[20260825, 105]",-2.2025547884420567,3,1.2228120787707157,1.2102971965230784,0.16309346402125904,0.7647666252700421,1.7534743816448155,0.11005308708936444,0.0,1.0,0.976,0.026,0.4986918236857465,0.00039347555690434264,0.15956982725747001,0.00011676487157749448,0.0,1.0,0.5039189414211767,0.0006919762552337778,0.16057457388232177,0.0001476150496365202,0.6638618911125532,0.0,0.49890182431758817,0.00040135721890011887,0.15963766254293552,0.00012027259505459893,0.13863388074256233,0.982,0.49890182431758817,0.00040135721890011887,0.15963766254293552,0.00012027259505459893,0.13863388074256233,0.982,0.4987185323517705,0.00039445700918356853,0.15958161981020091,0.00011714603907127553,0.07703033608313692,0.984,0.4997357007840923,0.00047477066185106024,0.15984128870748443,0.00013247950625724255,0.3543794442507206,0.638,0.358,0.006,0.006,0.196,0.0,0.0,-0.00018329196581768858,9.643862682631923e-05,0.4986918236857465
project,100,0.2,0.5,1.0,500,"[20260825, 106]",-1.5804345981935155,3,2.230780775666767,2.219722565999546,0.29916084676072835,1.3714278169381968,3.0502244804725334,0.0,0.0,1.0,0.976,0.0,0.4906052398267956,0.00032343650074300806,0.15750684710491364,0.00010457421927314905,0.0,1.0,0.4970186376803034,0.0005915689055335326,0.15876590034630875,0.00014146057926300097,0.8149748555208912,0.0,0.49086387067269005,0.00034925776654097594,0.1575533767402927,0.00010636413151403215,0.17511463578148348,0.986,0.49086387067269005,0.00034925776654097594,0.1575533767402927,0.00010636413151403215,0.17511463578148348,0.986,0.4906850333764398,0.0003265599422333426,0.15752758105848705,0.00010548586151707117,0.08107626814501119,0.986,0.49274920502371444,0.0004540063844806566,0.15792750258666974,0.00012036534137847122,0.47772096950332404,0.68,0.034,0.0,0.0,0.016,0.0,0.0,-0.00017883729625013168,0.0001400056582209644,0.4906052398267956
project,100,0.2,0.5,1.25,500,"[20260825, 107]",-1.295789273423448,3,2.862904627936563,2.856661690048118,0.4004922947821007,1.76521762420989,4.425969204416027,0.1789315392460352,0.0,1.0,0.968,0.0,0.48581869942513384,0.00036112707425455144,0.15623930881966838,0.00011722016479368031,0.0,1.0,0.49226617480952223,0.0009615936169675758,0.15735878717791127,0.00016331039831710942,1.0637697145580083,0.0,0.48653212507574406,0.0006172038993839161,0.15633840979586539,0.000125636699992044,0.4628778637590172,0.976,0.48653212507574406,0.0006172038993839161,0.15633840979586539,0.000125636699992044,0.4628778637590172,0.976,0.4861835900762489,0.0004332938183454633,0.15630084902975183,0.00012238761885329476,0.29164336027023174,0.982,0.4885402824696011,0.0007961568532739243,0.1566815449491154,0.00014807723208355123,0.7839211254815935,0.658,0.268,0.006,0.006,0.102,0.0,0.0,-0.00034853499949509737,0.00028367489240594047,0.48581869942513384
project,100,0.2,0.5,1.5,500,"[20260825, 108]",-1.1096286510716924,3,3.3535720462826113,3.319928128681801,0.44878804270346806,2.029583001515437,4.916639946654125,0.8383930115706528,0.0,1.0,0.97,0.0,0.48135791162500674,0.00038940528833996427,0.15497712612648923,0.00011847654655373276,0.0,1.0,0.485717483739076,0.0006704433620780083,0.15572880552768975,0.00014689125477330265,1.0058690570902442,0.0,0.48138447634928816,0.00038987427018706924,0.1549905781311059,0.0001186916805014471,0.14516311499248052,0.982,0.48138447634928816,0.00038987427018706924,0.1549905781311059,0.0001186916805014471,0.14516311499248052,0.982,0.4814321571467408,0.0003924889117367782,0.1549997824109445,0.00011935855389083834,0.19231159006442097,0.976,0.4829170780945284,0.0005251616979212869,0.15526273692291995,0.00013297903312788038,0.7327298647333385,0.61,0.436,0.008,0.008,0.214,0.0,0.0,4.768079745259435e-05,5.644892712049278e-05,0.48135791162500674
project,100,0.2,0.5,2.0,500,"[20260825, 109]",-0.8835253306520889,3,4.1980607887864565,4.156511284699539,0.5729333101263702,2.707549933180746,5.688401815676748,4.1980607887864565,0.0,1.0,0.914,0.0,0.47430690757311245,0.00033381433580053586,0.15298880115496222,0.00011287606570752995,0.0,1.0,0.4737048430167829,0.0007694841122349925,0.15258168564226116,0.000151354203794886,1.2270561214747806,0.0,0.4742786840520609,0.00036158053040116577,0.1529781022639747,0.00011627003194540831,0.38547344580265813,0.948,0.4742786840520609,0.00036158053040116577,0.1529781022639747,0.00011627003194540831,0.38547344580265813,0.948,0.4741662634345692,0.0003599112208330232,0.15294041887645463,0.00011379639341242684,0.43913128371640325,0.928,0.47297445650092973,0.0006054371631456448,0.1526152131728898,0.00013642835301208597,1.0564148171382097,0.39,0.746,0.046,0.046,0.506,0.0,0.0,-0.00011242061749164677,0.00011216215517811081,0.4737048430167829
project,100,0.2,1.0,0.7,500,"[20260825, 110]",-2.351380169303612,3,2.6649395123073902,2.6672410960252737,0.2567561834129911,1.8741800579732384,3.383903094075093,0.2398445561076652,0.0,1.0,0.97,0.0,0.48405869174805116,0.00037736113084625,0.15571153021577153,0.0001332001430614501,0.0,1.0,0.4868583003647118,0.0005712952315554146,0.15618282167329892,0.00015207300839847158,0.43045847013562627,0.0,0.48407409911820765,0.00037931352359850954,0.15571668340433859,0.00013346033795169163,0.07147318681559979,0.984,0.48407409911820765,0.00037931352359850954,0.15571668340433859,0.00013346033795169163,0.07147318681559979,0.984,0.4841590687674255,0.0003832701770657192,0.15573614390347745,0.00013361495560305022,0.09373980144958748,0.974,0.48464044214752516,0.00044042845034162747,0.15583793080485475,0.00014091622998286968,0.2758812969788183,0.586,0.55,0.012,0.012,0.292,0.0,0.0,8.496964921781402e-05,8.714891590200073e-05,0.48405869174805116
project,100,0.2,1.0,1.0,500,"[20260825, 111]",-1.7670506613041779,3,4.662956872730744,4.67883819778831,0.48386745755786353,3.2157001086611117,6.07403466842186,0.0,0.0,1.0,0.978,0.0,0.46666581399728946,0.0003333024834373772,0.15134592949347045,0.00011339886616608981,0.0,1.0,0.47283515151784966,0.0006677204751631756,0.15235256058381957,0.00014539446783857823,0.5741947741778416,0.0,0.4667845481179112,0.00034128009588377657,0.15135721644872407,0.00011296018637154571,0.08251001045077076,0.984,0.4667845481179112,0.00034128009588377657,0.15135721644872407,0.00011296018637154571,0.08251001045077076,0.984,0.4667830457271148,0.000344564279082495,0.15138471654940877,0.00011737188733721835,0.07656195457257226,0.992,0.46868024380913087,0.0004970616319998781,0.1516739911092374,0.0001271604019565174,0.33840842308366886,0.686,0.038,0.0,0.0,0.014,0.0,0.0,-1.5023907964083483e-06,9.506190207020888e-05,0.46666581399728946
project,100,0.2,1.0,1.25,500,"[20260825, 112]",-1.5067987346554537,3,5.888132127183211,5.880162450801908,0.5907508732672582,4.266002426211924,7.703174923821075,0.3680082579489507,0.0,1.0,0.974,0.0,0.45673188790760855,0.00038937363237181007,0.14870914109397704,0.00013392285724287846,0.0,1.0,0.46237761210546313,0.000678956715835752,0.1495963998526878,0.00016107597572226386,0.6853925451534266,0.0,0.45694856130963707,0.0004133268116694839,0.14874926335177213,0.00013585353064105336,0.16486383957608894,0.98,0.45694856130963707,0.0004133268116694839,0.14874926335177213,0.00013585353064105336,0.16486383957608894,0.98,0.45688186909109424,0.00039710509325305645,0.14874945710996157,0.0001361125594612658,0.12315319161412694,0.982,0.45869964084072545,0.0005129135930272882,0.1490391798501897,0.0001473043284893151,0.4754060533339766,0.606,0.362,0.01,0.01,0.146,0.0,0.0,-6.669221854279029e-05,0.00010573220688326383,0.45673188790760855
project,100,0.2,1.0,1.5,500,"[20260825, 113]",-1.3403534774864876,3,6.844522426431151,6.826338330601693,0.6878316003428806,4.759147120720717,8.725207695817055,1.7111306066077878,0.0,1.0,0.93,0.0,0.44848047538794106,0.00037019932149884874,0.14636146792545457,0.0001268425700545128,0.0,1.0,0.45108761137641606,0.0007254741354381007,0.1467533069418674,0.00015968324080522698,0.7817657953184947,0.0,0.44838475449290305,0.0003706900278612121,0.14636404215989257,0.0001280861340168522,0.16199955742067634,0.948,0.44838475449290305,0.0003706900278612121,0.14636404215989257,0.0001280861340168522,0.16199955742067634,0.948,0.4485865196530182,0.000401781228442086,0.14639239101819482,0.00012923380625647453,0.26595493337734416,0.948,0.44930521360056,0.0005555917830783531,0.14650473685627832,0.0001426464394140899,0.6357477333794704,0.516,0.61,0.04,0.04,0.342,0.0,0.0,0.00020176516011517886,0.00015222632812893805,0.44848047538794106
project,100,0.2,1.0,2.0,500,"[20260825, 114]",-1.14389674484319,3,8.111153775520586,8.156362789922982,0.8399522755020443,5.3573815617503735,10.440234529512077,8.111153775520586,0.0,1.0,0.84,0.0,0.43602076349338115,0.00032425871701211517,0.1425420332875509,0.0001229459500744269,0.0,1.0,0.4302040097689888,0.0006453861789969889,0.14109230077731005,0.00017148715578058448,0.9270279650333195,0.0,0.43537739874134695,0.00037268941274800455,0.14241833560470507,0.0001296649582156239,0.3751397523127714,0.906,0.43537739874134695,0.00037268941274800455,0.14241833560470507,0.0001296649582156239,0.3751397523127714,0.906,0.43510581954039745,0.0003884094120835876,0.14237661438397625,0.00015015964866918802,0.3984924390851362,0.882,0.4308866248356489,0.0005358003062976676,0.14141099005843558,0.00016524130103320634,0.8546444577650749,0.27,0.86,0.088,0.088,0.674,0.0,0.0,-0.00027157920094948176,0.0002270488448156178,0.4302040097689888
project,100,0.2,2.0,0.7,500,"[20260825, 115]",-2.7980161007021005,3,4.483341312444689,4.4799848553793,0.3971177226163525,3.1592746277411536,5.575094441727114,0.40350071812002214,0.0,1.0,0.938,0.0,0.45306374692088697,0.00037559037754839215,0.1474876956414302,0.0001503310748069642,0.0,1.0,0.45577330463183463,0.0007647596499912453,0.1478038241985019,0.00016225217668559613,0.4001353102240784,0.0,0.4530723911616054,0.0003790755828086447,0.1474779249624911,0.0001497595265369145,0.09164004971755522,0.964,0.4530723911616054,0.0003790755828086447,0.1474779249624911,0.0001497595265369145,0.09164004971755522,0.964,0.45318053768849587,0.0004067886782807528,0.14747203539703427,0.0001493860888008642,0.11928790779674117,0.95,0.45338157723702693,0.0005467961382043357,0.14749341685487163,0.00015133440142197401,0.27115859269430137,0.47,0.624,0.022,0.022,0.396,0.0,0.0,0.00010814652689044579,0.00015176020498487434,0.45306374692088697
project,100,0.2,2.0,1.0,500,"[20260825, 116]",-2.28779348968638,3,7.229353738185842,7.227563169460435,0.660526396277814,5.582396305095001,9.402842795799172,0.0,0.0,1.0,0.974,0.0,0.4241752793858892,0.0003380660588672585,0.14016372877959754,0.00012596650732766808,0.0,1.0,0.4304136681811716,0.0005875887010260629,0.1410705615348964,0.00014087989860322032,0.4457136913844543,0.0,0.4242047035377454,0.0003387425722223202,0.14015955451564122,0.00012564147389866734,0.031042514259790127,0.99,0.4242047035377454,0.0003387425722223202,0.14015955451564122,0.00012564147389866734,0.031042514259790127,0.99,0.42424354803483494,0.0003414330074362767,0.1401686913698387,0.00012550053861707058,0.04289467546865567,0.984,0.4259142272767206,0.00042180583480443454,0.14042741411225274,0.0001299179634157387,0.24839950141919265,0.698,0.05,0.0,0.0,0.012,0.0,0.0,3.884449708950621e-05,3.3111086312082504e-05,0.4241752793858892
project,100,0.2,2.0,1.25,500,"[20260825, 117]",-2.06951304393189,3,8.783858150810826,8.714181711931968,0.7876315918178162,6.53834485531059,11.216979777335057,0.5489911344256766,0.0,1.0,0.954,0.0,0.40812139483159354,0.00031470050800534597,0.13551741531371228,0.00012539547350869952,0.0,1.0,0.412619756272986,0.0006451348892471311,0.13630463532984155,0.0001570144205312149,0.5478437127741261,0.0,0.4083042624978896,0.000326605921546504,0.13556631864981616,0.00012796178742736653,0.14216460278575757,0.966,0.4083042624978896,0.000326605921546504,0.13556631864981616,0.00012796178742736653,0.14216460278575757,0.966,0.40832582574283754,0.0003232266581685953,0.13555606744954382,0.00012649666602145004,0.14890792885735385,0.974,0.4097307933337988,0.0005008514552869254,0.1358121232114596,0.00014149286722884105,0.4056845270758356,0.626,0.42,0.02,0.02,0.208,0.0,0.0,2.1563244947970907e-05,0.00011295419064943717,0.40812139483159354
project,100,0.2,2.0,1.5,500,"[20260825, 118]",-1.933992773298046,3,9.954272826344074,9.99529891755467,0.8461948942690728,7.532782214439645,12.27436159996825,2.4885682065860184,0.0,1.0,0.93,0.0,0.3978376424355577,0.00041864076671348894,0.13242186509278855,0.00016985436692694658,0.0,1.0,0.39828819166180224,0.0007128057949477378,0.13220174199516238,0.00017852646596672902,0.6370835651848314,0.0,0.39784044286876064,0.00042949736418817683,0.13238983164919188,0.00017025368675379355,0.21543657466272462,0.954,0.39784044286876064,0.00042949736418817683,0.13238983164919188,0.00017025368675379355,0.21543657466272462,0.954,0.3977825322424708,0.000423231019028354,0.13240813051291492,0.0001702456160276422,0.19549619878810753,0.952,0.39737478226074835,0.0005873006191062339,0.13220645845300283,0.00017760755285291705,0.5341855631833081,0.482,0.694,0.032,0.032,0.422,0.0,0.0,-5.791062628990817e-05,0.00010024645308171532,0.3978376424355577
project,100,0.2,2.0,2.0,500,"[20260825, 119]",-1.7793643819034308,3,11.354942081200752,11.347795577224847,0.9994529603552552,7.868141118301475,14.521388108081961,11.354942081200752,0.0,1.0,0.76,0.0,0.3811714763458266,0.0003090608024543683,0.12651809430062286,0.00014411961887518087,0.0,1.0,0.371548577772905,0.0007541023567504831,0.12378327247142965,0.00017199726567953302,0.8246821088860389,0.0,0.3794951246142613,0.0003888660839587032,0.12614002222829845,0.0001552231474051498,0.4444436434066527,0.852,0.3794951246142613,0.0003888660839587032,0.12614002222829845,0.0001552231474051498,0.4444436434066527,0.852,0.37932703523213,0.0004539531520963196,0.12604296122831143,0.0001571158616722877,0.4879552711811934,0.808,0.37268058378683666,0.0006323937121206579,0.12426471660115097,0.0001709298837359554,0.7919286048138618,0.18,0.894,0.142,0.142,0.77,0.0,0.0,-0.00016808938213137148,0.0003514637403613531,0.371548577772905
project,100,0.5,0.5,0.7,500,"[20260825, 120]",-0.5562295204540288,3,5.421923325010534,5.416875717221927,0.6905977033226952,3.535092372555004,7.963961067542277,0.4879730992509482,0.0,1.0,0.858,0.0,0.6792685476335764,0.0003355975596324725,0.24284865087093999,0.0001504358412076833,0.0,1.0,0.6821269571144283,0.0005226208628014892,0.2440359691143697,0.0002082795886498699,0.41016001693900017,0.0,0.6794697911612568,0.0003583907325183211,0.24298120080961366,0.00016209282591732264,0.18312196465583533,0.884,0.6794697911612568,0.0003583907325183211,0.24298120080961366,0.00016209282591732264,0.18312196465583533,0.884,0.6794694695540865,0.0003495249509013828,0.24298694638637441,0.0001585154080847131,0.18595607630083485,0.88,0.6797811292050483,0.0004059236681204939,0.24313363315053085,0.00017523124398790348,0.28195885446967706,0.54,0.524,0.068,0.068,0.308,0.0,0.0,-3.216071702050183e-07,0.00014211647727134136,0.6792685476335764
project,100,0.5,0.5,1.0,500,"[20260825, 121]",-0.4134940666589879,3,6.060887297151955,6.000991137193524,0.8799630477008977,4.027235664247665,8.731707824606774,0.0,0.0,1.0,0.94,0.0,0.6577050846117548,0.00030175641896265073,0.23319376633867592,0.0001389697910038487,0.0,1.0,0.6634383110580339,0.0004655577011249981,0.23526029815433638,0.00018823641633182193,0.43665712536290596,0.0,0.6579922531567308,0.00031352550021758295,0.23330846217410442,0.00014305245757853603,0.09292132287244664,0.958,0.6579922531567308,0.00031352550021758295,0.23330846217410442,0.00014305245757853603,0.09292132287244664,0.958,0.6579968923949978,0.0003141960829363938,0.23332464430071226,0.0001446064234930006,0.08434291387117303,0.972,0.6596504218402208,0.0003723452355436023,0.23391304724655915,0.00016140609543120404,0.25178892434318917,0.666,0.052,0.0,0.0,0.018,0.0,0.0,4.639238266836099e-06,0.00010479447930806516,0.6577050846117548
project,100,0.5,0.5,1.25,500,"[20260825, 122]",-0.3514573112771153,3,6.360736935630861,6.36013480012965,0.8787147864587207,4.095490193027073,8.70111359549118,0.3975460584769288,0.0,1.0,0.908,0.0,0.6426909910837116,0.00031513927043196613,0.22637650385395325,0.00015025464115727715,0.0,1.0,0.6467597538994297,0.0004976937376713609,0.22756811467481558,0.0001874642068398144,0.47787149053351613,0.0,0.6427998471862125,0.0003201246293805541,0.22640275357757644,0.00015112333015094418,0.1279606720860607,0.944,0.6427998471862125,0.0003201246293805541,0.22640275357757644,0.00015112333015094418,0.1279606720860607,0.944,0.6430078809454829,0.0003271858347447147,0.22647430258843487,0.00015248357854221457,0.1636725177475753,0.936,0.6442453765430795,0.0003927782027992002,0.22680655977090278,0.00016311235448324796,0.3482188754206858,0.62,0.428,0.042,0.042,0.162,0.0,0.0,0.00020803375927019773,0.00011616697367485549,0.6426909910837116
project,100,0.5,0.5,1.5,500,"[20260825, 123]",-0.31311678010205346,3,6.414472948918815,6.390344656679757,0.9265725045023675,3.395794591574864,9.048236238097376,1.6036182372297036,0.0,1.0,0.878,0.0,0.6302411000520544,0.0003083754556908154,0.22064191421247667,0.00015027052951548843,0.0,1.0,0.6302229718621176,0.0005082997046700954,0.22007142441833924,0.00017872622515112616,0.5292617362548727,0.0,0.6302053185207585,0.00032601112116029444,0.2205786041115918,0.00015323568735016904,0.23801267812498136,0.904,0.6302053185207585,0.00032601112116029444,0.2205786041115918,0.00015323568735016904,0.23801267812498136,0.904,0.6301041739014347,0.00031823397119625695,0.22055205419769505,0.0001523465861128403,0.21541378115945117,0.922,0.629423703628571,0.00039601071103218265,0.22003339521088264,0.0001558236884133334,0.4553129893211306,0.442,0.686,0.07,0.07,0.444,0.0,0.0,-0.00010114461932367047,0.00011026004248365111,0.6302229718621176
project,100,0.5,0.5,2.0,500,"[20260825, 124]",-0.27085934328121364,3,6.7903735223260195,6.843848926835706,0.9724625013702592,3.7788037377372428,9.90272301625856,6.7903735223260195,0.0,1.0,0.7,0.0,0.6084908122915184,0.00028695232464437436,0.21042952852628632,0.00014232295509682082,0.0,1.0,0.5937487534063971,0.0004916207406942703,0.20413838621693262,0.00016650612704165776,0.6010904797164255,0.0,0.6044932271304194,0.0004369169474298793,0.20882076840075936,0.00019142026077549187,0.4385884310022346,0.748,0.6044932271304194,0.0004369169474298793,0.20882076840075936,0.00019142026077549187,0.4385884310022346,0.748,0.6047629674354636,0.0004306242273798497,0.20893818056935395,0.0001885990587858888,0.4259308165282307,0.758,0.595541307277729,0.0004824639123034256,0.2050607187662728,0.00018501209351456116,0.6166987704143959,0.146,0.944,0.25,0.25,0.832,0.0,0.0,0.0002697403050442979,0.0003649096529508443,0.5937487534063971
project,100,0.5,1.0,0.7,500,"[20260825, 125]",-0.6528986815334421,3,12.12606808043401,12.174506981502933,1.2681002407556234,8.20207704364748,15.178753721638506,1.0913461272390612,0.0,1.0,0.862,0.0,0.63870806616314,0.00034769552804698203,0.22332241898706756,0.00013756336972709903,0.0,1.0,0.6367002976738363,0.0005457082434203718,0.2229575104486774,0.00018639923207766437,0.2483496918741601,0.0,0.6381574810247771,0.00036751118333136105,0.22321591285384276,0.00014474325232810206,0.1418529250703202,0.88,0.6381574810247771,0.00036751118333136105,0.22321591285384276,0.00014474325232810206,0.1418529250703202,0.88,0.6381328288363125,0.000361764689895433,0.2232119224718055,0.0001433324190823783,0.1413791828065428,0.88,0.6367553859329319,0.0004194182315658538,0.2228997033267538,0.00015606397981635225,0.2060095866788476,0.458,0.768,0.11,0.11,0.474,0.0,0.0,-2.4652188464657997e-05,0.0001251295982061594,0.6367002976738363
project,100,0.5,1.0,1.0,500,"[20260825, 126]",-0.5417186865624273,3,13.333848699199935,13.380261060324198,1.2945247850112214,8.891134960528133,18.09207662946675,0.0,0.0,1.0,0.962,0.0,0.5884450794383462,0.00032126648146655674,0.2026302341062966,0.0001367972795944578,0.0,1.0,0.5944375016203621,0.0005131641817014241,0.20434940907041416,0.00017050507282748134,0.30775319540752716,0.0,0.5887214183289018,0.0003315967118892267,0.2027277509222119,0.00014006967020495915,0.060801642272560165,0.972,0.5887214183289018,0.0003315967118892267,0.2027277509222119,0.00014006967020495915,0.060801642272560165,0.972,0.5886919895797091,0.0003276917165579879,0.20271119715558245,0.00013822127476093065,0.0591409903618016,0.978,0.590727141930474,0.0004116039185525451,0.20328735023288932,0.0001530095407699541,0.18925213055355264,0.67,0.048,0.0,0.0,0.014,0.0,0.0,-2.942874919252869e-05,9.161535744765426e-05,0.5884450794383462
project,100,0.5,1.0,1.25,500,"[20260825, 127]",-0.5006514993098714,3,13.625008321233928,13.48619626172141,1.3499038702689568,9.05242882163373,17.692084003263044,0.8515630200771205,0.0,1.0,0.934,0.0,0.5575369532916133,0.00033769099805157365,0.18934504368639898,0.00014640954319492086,0.0,1.0,0.5602688213395195,0.0005536766183678027,0.18972628064252137,0.00017193836591478066,0.3477156584010814,0.0,0.5575951461589275,0.00034373450561595286,0.18934468473188473,0.000147187668271945,0.09788024065689234,0.954,0.5575951461589275,0.00034373450561595286,0.18934468473188473,0.000147187668271945,0.09788024065689234,0.954,0.5575474243093247,0.0003443858455037379,0.1893094250171649,0.00014457779008941014,0.1139545093193188,0.944,0.558262186805066,0.00045823447798611934,0.18932076283815882,0.00015863657814903364,0.27426681784062845,0.496,0.538,0.026,0.026,0.32,0.0,0.0,-4.7721849602706756e-05,8.772419899018008e-05,0.5575369532916133
project,100,0.5,1.0,1.5,500,"[20260825, 128]",-0.47940359392504506,3,13.830092292975433,13.73066058788248,1.4156223451927474,10.036068429903134,17.900812225514613,3.457523073243858,0.0,1.0,0.854,0.0,0.5318577887568975,0.0002856879165945672,0.1781100851423526,0.00012781167016097012,0.0,1.0,0.5251393139279246,0.0004639243488677432,0.17533780983863886,0.00013903403049501386,0.3575745670462849,0.0,0.5307993378758914,0.00032912604758776923,0.1777328645143724,0.00013837972114381957,0.16835157874482604,0.89,0.5307993378758914,0.00032912604758776923,0.1777328645143724,0.00013837972114381957,0.16835157874482604,0.89,0.5310300584170572,0.00032024976211212963,0.1778004882060256,0.00013619579204245954,0.17582801675638868,0.906,0.5264390794874058,0.00041610270427570043,0.1760191836752178,0.0001462580894129036,0.354400410752494,0.286,0.89,0.108,0.108,0.67,0.0,0.0,0.00023072054116570607,0.0001816132512838592,0.5251393139279246
project,100,0.5,1.0,2.0,500,"[20260825, 129]",-0.46261150412711916,3,13.988162026350885,14.009886432002375,1.4203722674789365,9.566063691816236,18.267133763908177,13.988162026350885,0.0,1.0,0.582,0.0,0.49558961897069853,0.00030750448284039094,0.16191728235980668,0.00014838027794384864,0.0,1.0,0.46607666068268894,0.0006042503401556647,0.15120032346933765,0.00015184513976256018,0.5007583265098355,0.0,0.48414288342235146,0.0007110153673195653,0.15797003941048665,0.0002561209522558104,0.40360910803847316,0.604,0.48414288342235146,0.0007110153673195653,0.15797003941048665,0.0002561209522558104,0.40360910803847316,0.604,0.4844722171943257,0.0007265935171842623,0.15806590329685355,0.00026155814403465834,0.4271915743345536,0.618,0.46690145946829104,0.0005892169941869516,0.1517535312686049,0.00017426904293389663,0.5128073030613486,0.026,0.982,0.396,0.396,0.962,0.0,0.0,0.0003293337719742436,0.0007269307340489868,0.46607666068268894
project,100,0.5,2.0,0.7,500,"[20260825, 130]",-0.9726227905201128,3,20.860414428072204,20.86105108535937,1.8801097085508256,13.550439354262313,26.393376714155306,1.8774372985264989,0.0,1.0,0.828,0.0,0.5482175503712853,0.000506917756601904,0.18273085661677532,0.00013579624285193576,0.0,1.0,0.5399415360764729,0.0006623067348758575,0.1811861472323519,0.00018154869976361588,0.18887682926550597,0.0,0.5469930205824006,0.0005616927049431196,0.18251303771086377,0.00014732822662805612,0.14137344902371582,0.852,0.5469930205824006,0.0005616927049431196,0.18251303771086377,0.00014732822662805612,0.14137344902371582,0.852,0.5468997514337272,0.0005516225012212215,0.1824845368561876,0.00014599580109048182,0.13118007599932074,0.874,0.5415648972741897,0.0005949538278438496,0.1814464897438354,0.00016580853775148834,0.18218046723498768,0.306,0.898,0.134,0.134,0.66,0.0,0.0,-9.326914867349844e-05,0.0002611507852769863,0.5399415360764729
project,100,0.5,2.0,1.0,500,"[20260825, 131]",-0.9252230082542383,3,21.693868310984683,21.6317005924004,1.8427584898451224,16.77656764524613,27.475803724549007,0.0,0.0,1.0,0.984,0.0,0.458931559661798,0.0003615966037217451,0.14959577332235768,0.00011340817599982696,0.0,1.0,0.46458032573524194,0.0005601000193275926,0.15083729106615015,0.00014314650352832697,0.23403844792106715,0.0,0.45906113598541615,0.0003627635319340793,0.14962673133332555,0.00011353373865019962,0.036211377932299754,0.986,0.45906113598541615,0.0003627635319340793,0.14962673133332555,0.00011353373865019962,0.036211377932299754,0.986,0.4590911607098135,0.0003694428133139744,0.14963976677494023,0.00011585202703503658,0.03629957207525196,0.99,0.46072096388036904,0.0004529071055879344,0.1499974839796867,0.0001281021824789598,0.13558819948005194,0.698,0.052,0.0,0.0,0.016,0.0,0.0,3.0024724397362813e-05,8.071422704949405e-05,0.458931559661798
project,100,0.5,2.0,1.25,500,"[20260825, 132]",-0.9186285232061429,3,21.74678005638362,21.72469864791517,1.795684938462347,15.166833016106592,26.87792270246907,1.3591737535239763,0.0,1.0,0.936,0.0,0.40931086047073084,0.0002824198059262584,0.13032059949144006,0.00010159091842672392,0.0,1.0,0.4104718640091645,0.0005925558449049675,0.1300582601949363,0.0001268193251330308,0.28870707250948496,0.0,0.40938477794989536,0.0003043141424685331,0.13030155951596512,0.00010294609423058514,0.10141474739913035,0.962,0.40938477794989536,0.0003043141424685331,0.13030155951596512,0.00010294609423058514,0.10141474739913035,0.962,0.4093052065978384,0.00028686246753302416,0.13030420834511022,0.0001021713951653126,0.07020839851491495,0.968,0.4094884869140036,0.0004433007513003446,0.13006035910935168,0.00010811177951363322,0.24488225826060128,0.518,0.644,0.028,0.028,0.358,0.0,0.0,-7.957135205688171e-05,0.0001248162432210828,0.40931086047073084
project,100,0.5,2.0,1.5,500,"[20260825, 133]",-0.920720315453506,3,21.674333760339948,21.74922137826745,1.8057342622258867,16.391992738104694,26.28668122832234,5.418583440084987,0.0,1.0,0.814,0.0,0.3744003936452787,0.0002672501048853275,0.11650573460266207,0.0001069989197506214,0.0,1.0,0.3656546491634021,0.0007359323096105715,0.11313293888431256,0.00012777392378468053,0.385756847606059,0.0,0.37232100673667295,0.0004100453444612523,0.11584254871939027,0.00012866990595233012,0.2400857093701812,0.832,0.37232100673667295,0.0004100453444612523,0.11584254871939027,0.00012866990595233012,0.2400857093701812,0.832,0.3721193682906987,0.0003992448091450651,0.11581600867735042,0.00013010773722911797,0.22772331292129758,0.834,0.3656962081974776,0.0006020859925049966,0.11351864431915729,0.00013054325203510573,0.3800650704778753,0.156,0.858,0.156,0.156,0.772,0.0,0.0,-0.00020163844597426782,0.0003281889583862251,0.3656546491634021
project,100,0.5,2.0,2.0,500,"[20260825, 134]",-0.9294694599534736,3,21.50512804773242,21.466167113809874,1.8102074742612877,14.518499358974635,26.932999107449646,21.50512804773242,0.0,1.0,0.526,0.0,0.3290363304283904,0.00023407745370233003,0.0985068953725974,0.00012118168653685112,0.0,1.0,0.29143956492586304,0.0021165067588098337,0.0868357212111492,0.00013980808697643764,0.5243094291805934,0.0,0.3107077105091332,0.0012173025244663301,0.0932791294246194,0.0002752603303615891,0.43241254813373053,0.514,0.3107077105091332,0.0012173025244663301,0.0932791294246194,0.0002752603303615891,0.43241254813373053,0.514,0.3109552715545833,0.0012096303821874856,0.09331415862856027,0.0002713295641518259,0.4006604215166835,0.522,0.290403012224599,0.0018291044295165335,0.0870055112464363,0.00014089525984516056,0.4860914813359124,0.002,0.978,0.48,0.48,0.98,0.0,0.0,0.0002475610454500271,0.0010650314012201534,0.29143956492586304
project,200,0.05,0.5,0.7,500,"[20260825, 135]",-4.311952668984809,3,0.3109611982564248,0.31137074793365427,0.027486166473713082,0.23369327922960292,0.4032634388740155,0.02798650784307824,0.0,1.0,0.99,0.398,0.1991986806516805,0.00015913073387056068,0.04758525658287785,1.4397648617815348e-05,0.0,1.0,0.20787538866554728,0.0005301001201695232,0.0479668942760078,2.4953434225620216e-05,0.3976858281096408,0.0,0.19920207681480048,0.00015910941843448297,0.047585466771684966,1.4396868620227717e-05,0.04542414144821696,0.998,0.19920207681480048,0.00015910941843448297,0.047585466771684966,1.4396868620227717e-05,0.04542414144821696,0.998,0.1992383368476744,0.00016632400116314863,0.047586994474813064,1.4551207047490023e-05,0.03046285182941312,0.992,0.1992437559773602,0.00016051185856008347,0.047584092350898485,1.409267308174371e-05,0.23086307701103428,0.822,0.296,0.0,0.0,0.108,0.0,0.0,3.626003287389634e-05,4.180457803867607e-05,0.1991986806516805
project,200,0.05,0.5,1.0,500,"[20260825, 136]",-3.061543533844686,3,1.075906538747489,1.072989490127355,0.10335675313342066,0.734884424075618,1.4035978430558294,0.0,0.0,1.0,0.986,0.15,0.19773730276053442,0.00018203281338517805,0.047496493866172315,1.964864957232648e-05,0.0,1.0,0.19937209221087288,0.00023352622253063236,0.04755150575317885,1.931498251540515e-05,0.8346414963244687,0.0,0.19776630555323116,0.00018470869904672294,0.04749729587123818,1.972882171058617e-05,0.13274703322080378,0.99,0.19776630555323116,0.00018470869904672294,0.04749729587123818,1.972882171058617e-05,0.13274703322080378,0.99,0.19776022596341106,0.000183959155228857,0.04749676426263924,1.964613813434575e-05,0.11086132948849416,0.996,0.19783779877449667,0.00018233241074260687,0.04749973077219685,1.936432093500252e-05,0.1836203617568931,0.844,0.092,0.0,0.0,0.008,0.0,0.0,-6.079589820105924e-06,3.2511507878498196e-05,0.19773730276053442
project,200,0.05,0.5,1.25,500,"[20260825, 137]",-2.483918386274661,3,1.8977618093311643,1.889098665672368,0.17252490213069088,1.4354880124677396,2.4363647813805285,0.11861011308319777,0.0,1.0,0.988,0.036,0.19625428532520053,0.0001810347869242993,0.04735512161069168,1.4065928115025589e-05,0.0,1.0,0.19893584207767226,0.00026508335354921166,0.0475038559657736,1.8135194376411998e-05,1.1882796741357757,0.0,0.19625922594925357,0.00018104787586933994,0.047356318824296736,1.4093316606185974e-05,0.07153976992528027,0.994,0.19625922594925357,0.00018104787586933994,0.047356318824296736,1.4093316606185974e-05,0.07153976992528027,0.994,0.1962971305814508,0.00018262303481896705,0.04735607197613632,1.4058509069835321e-05,0.19275094257717243,0.994,0.19672807377660592,0.00019010368409466672,0.04739371216837658,1.5356549605375296e-05,0.5574136879649705,0.728,0.186,0.0,0.0,0.058,0.0,0.0,3.7904632197256705e-05,3.065366127812854e-05,0.19625428532520053
project,200,0.05,0.5,1.5,500,"[20260825, 138]",-2.102520055507088,3,2.713862919947952,2.7127331611677397,0.25301762621201523,2.0071257904316524,3.5712026788245526,0.678465729986988,0.0,1.0,0.982,0.038,0.19603729132092143,0.00026490297550595744,0.047337841154168864,2.048373980090936e-05,0.0,1.0,0.19881509888212923,0.0003941150300928964,0.04747089788900928,2.596995067055232e-05,1.4375967593730834,0.0,0.19606871381985444,0.0002697288648289258,0.047337147644684704,2.043334673944854e-05,0.21327162306749176,0.996,0.19606871381985444,0.0002697288648289258,0.047337147644684704,2.043334673944854e-05,0.21327162306749176,0.996,0.19608562570000812,0.0002676828049264064,0.04734199042114819,2.11826310116686e-05,0.24816856329401946,0.986,0.19650377492410445,0.00027118775727476735,0.04737894743520819,2.3129427996352065e-05,0.7351181193035045,0.702,0.328,0.0,0.0,0.108,0.0,0.0,1.6911880153656854e-05,3.568505113707336e-05,0.19603729132092143
project,200,0.05,0.5,2.0,500,"[20260825, 139]",-1.6324268561004902,3,4.244828271095485,4.2307601298886,0.41685015887629984,3.0460908899910626,5.7257556290482725,4.244828271095485,0.0,1.0,0.972,0.02,0.19341688496773585,0.00014428383345353352,0.04712350915416205,1.2849535543757934e-05,0.0,1.0,0.19532079402624936,0.00033245048709288087,0.047195390883952346,2.098006249758919e-05,1.9116857983736486,0.0,0.1934489139911671,0.000147196813902242,0.047127878082531154,1.3837391075189096e-05,0.37163046550453976,0.974,0.1934489139911671,0.000147196813902242,0.047127878082531154,1.3837391075189096e-05,0.37163046550453976,0.974,0.1934451010512769,0.0001458966960719985,0.04712671655952658,1.3214399558985007e-05,0.32007378044846757,0.988,0.19398355757148364,0.00020054722884963407,0.047159341407176515,1.8891550292271724e-05,1.3551708511166027,0.6,0.59,0.016,0.016,0.258,0.0,0.0,-3.812939890168232e-06,3.2917573618717796e-05,0.19341688496773585
project,200,0.05,1.0,0.7,500,"[20260825, 140]",-4.476604898044034,3,0.6606707545652744,0.6615410023084791,0.045783079030039836,0.5324164040902615,0.8200004784938449,0.05946036791087471,0.0,1.0,0.982,0.228,0.1961152424967096,0.00018759205064532944,0.04736622356120159,1.881666159176612e-05,0.0,1.0,0.2011756063378636,0.00044276875843965625,0.04760545163838242,2.5052503398853886e-05,0.336014644506807,0.0,0.19611843940469936,0.0001875303260364738,0.047366551690477945,1.88185837881405e-05,0.05155206765404067,0.994,0.19611843940469936,0.0001875303260364738,0.047366551690477945,1.88185837881405e-05,0.05155206765404067,0.994,0.19616005002365608,0.00018999621781538961,0.04736859344056213,1.8837575435766842e-05,0.08767346414676289,0.988,0.1961766757021031,0.00018901416080382578,0.04736536554468707,1.8351012617798595e-05,0.2389241624708154,0.708,0.422,0.002,0.002,0.204,0.0,0.0,4.1610618956726465e-05,2.770111905138179e-05,0.1961152424967096
project,200,0.05,1.0,1.0,500,"[20260825, 141]",-3.2648537122009804,3,2.2084733358282422,2.2081740258918066,0.14977788160869127,1.664239765300795,2.665761853227126,0.0,0.0,1.0,0.986,0.03,0.19187256419518678,0.00017066880790560983,0.04705896147442165,1.6406903865297436e-05,0.0,1.0,0.1949658661206473,0.000275945847846409,0.04718750977448518,1.889228269440189e-05,0.8365896894641235,0.0,0.19189823293823138,0.00017080228103533157,0.04705955185946251,1.639380934602168e-05,0.08123469758995677,0.994,0.19189823293823138,0.00017080228103533157,0.04705955185946251,1.639380934602168e-05,0.08123469758995677,0.994,0.19192255493470736,0.00017560700273350587,0.04705933841168248,1.640677487203603e-05,0.12238468987770187,0.992,0.19246960815354883,0.00018488409526690186,0.04708815523653723,1.6620261049134874e-05,0.36341734704238327,0.742,0.044,0.0,0.0,0.002,0.0,0.0,2.4321996475960394e-05,3.9252089436353956e-05,0.19187256419518678
project,200,0.05,1.0,1.25,500,"[20260825, 142]",-2.7117669384803307,3,3.7808023517106593,3.7957450112126705,0.27205335454834445,2.9557782230004683,4.706284837886276,0.2363001469819162,0.0,1.0,0.984,0.006,0.18971006372470828,0.0002197309297436031,0.04691208990272769,2.1018844993375e-05,0.0,1.0,0.19270366487624085,0.0003335599244628862,0.04706687942401905,2.6031621097238658e-05,1.0424990717255698,0.0,0.18972144026373275,0.00021959173951757545,0.0469127670997334,2.100524836553217e-05,0.08471179348357176,0.992,0.18972144026373275,0.00021959173951757545,0.0469127670997334,2.100524836553217e-05,0.08471179348357176,0.992,0.18976152691866252,0.00022334640817065374,0.04691466229604118,2.110749566279375e-05,0.16661268573875748,0.988,0.19047645444341593,0.00024075211880269885,0.04696306826927866,2.310994351928808e-05,0.576615916341861,0.706,0.224,0.002,0.002,0.072,0.0,0.0,4.008665492980501e-05,3.566910242006016e-05,0.18971006372470828
project,200,0.05,1.0,1.5,500,"[20260825, 143]",-2.349989241166856,3,5.3790137897682815,5.367729344851618,0.3679744218376802,4.16570288464559,6.502058002425349,1.3447534474420704,0.0,1.0,0.988,0.01,0.187757676861878,0.00022598446748994935,0.0467264755787383,1.9361662008598297e-05,0.0,1.0,0.19038890612502923,0.00038974642637906227,0.046854470453995815,2.611269559821284e-05,1.2607818912667703,0.0,0.18777016775539834,0.0002268458011473877,0.046725623107945674,1.9329869640268137e-05,0.11873465247817255,0.994,0.18777016775539834,0.0002268458011473877,0.046725623107945674,1.9329869640268137e-05,0.11873465247817255,0.994,0.18780611405485356,0.00022955085935488678,0.04673035391070357,1.9797228442143315e-05,0.2207696285259355,0.99,0.18848338235960682,0.0002557394735448061,0.04677202491384334,2.2384317095601863e-05,0.8091993317246386,0.694,0.478,0.004,0.004,0.132,0.0,0.0,3.594629945520972e-05,4.587969598377694e-05,0.187757676861878
project,200,0.05,1.0,2.0,500,"[20260825, 144]",-1.9090928648345549,3,8.185571138560274,8.18308234553793,0.5349295899123153,6.722676797013065,9.868756842569436,8.185571138560274,0.0,1.0,0.964,0.002,0.18505090697371354,0.0001910147039382112,0.04647763708576295,1.9040346932763924e-05,0.0,1.0,0.18545765077331144,0.0003464249317519934,0.046562114853732274,3.849614520369771e-05,1.4793015931201634,0.0,0.18507113521901375,0.00019527006832194426,0.046482975340907944,1.934086161744625e-05,0.34080894904361214,0.978,0.18507113521901375,0.00019527006832194426,0.046482975340907944,1.934086161744625e-05,0.34080894904361214,0.978,0.18512065266692043,0.0001979666062559847,0.04648698208339024,2.0070915868790756e-05,0.4315415664178067,0.982,0.18485009267032498,0.00025798071876269557,0.04650873264807734,3.206756428949263e-05,1.1509284952989116,0.494,0.698,0.018,0.018,0.412,0.0,0.0,4.951744790670842e-05,3.125160916728465e-05,0.18505090697371354
project,200,0.05,2.0,0.7,500,"[20260825, 145]",-4.9568426581977825,3,1.0875464432847861,1.083730264451542,0.07055396332540138,0.8554764868014813,1.2979675968199829,0.09787917989563077,0.0,1.0,0.99,0.168,0.1889541104546788,0.0002063321908465797,0.046889088021647936,2.7954875245237235e-05,0.0,1.0,0.19266965815462883,0.0004026642711250866,0.047050373194020834,2.870143855141032e-05,0.32158065190482826,0.0,0.18895342146842223,0.00020638411938673584,0.046889244106633074,2.7950730551179726e-05,0.04016237760566624,0.992,0.18895342146842223,0.00020638411938673584,0.046889244106633074,2.7950730551179726e-05,0.04016237760566624,0.992,0.18895230854993508,0.00020638959655560262,0.04688897103520242,2.7958252737264428e-05,0.018225167629752088,0.998,0.1888887299718423,0.00020922945434325343,0.0468669421094547,2.6103425290461895e-05,0.2025783103849678,0.672,0.502,0.006,0.006,0.26,0.0,0.0,-1.1129184871346842e-06,6.593215527260766e-06,0.1889541104546788
project,200,0.05,2.0,1.0,500,"[20260825, 146]",-3.8181857296691097,3,3.3442637815403318,3.3425719999988845,0.2205391156514388,2.7106926446237827,4.069045285654299,0.0,0.0,1.0,0.99,0.006,0.18195282209930347,0.000180323710935612,0.046333646349006684,2.6467608977269432e-05,0.0,1.0,0.18535434523148223,0.00031135454644298815,0.0465648941223768,3.2812867463503634e-05,0.7160567341832615,0.0,0.18199547003905736,0.00019450905716887935,0.046333243000353276,2.6408458165425895e-05,0.1077749836850385,0.994,0.18199547003905736,0.00019450905716887935,0.046333243000353276,2.6408458165425895e-05,0.1077749836850385,0.994,0.18195790293548122,0.00018027688375618376,0.04633359673067596,2.646843332942516e-05,0.02542608312597091,0.996,0.18278895935348805,0.0002067313704899218,0.046400216153573044,2.829369935088058e-05,0.3638426850495352,0.656,0.022,0.0,0.0,0.008,0.0,0.0,-3.7567103576161273e-05,4.089601302247748e-05,0.18195282209930347
project,200,0.05,2.0,1.25,500,"[20260825, 147]",-3.306124814942307,3,5.558728145017934,5.557563691205564,0.34292231572228926,4.537422123901433,6.656678221301221,0.3474205090636209,0.0,1.0,0.982,0.002,0.17852975661339604,0.00016999300430829006,0.04602603239978981,2.32922052473712e-05,0.0,1.0,0.1817322455636395,0.00034830107892154695,0.0462815692416968,3.702952560437069e-05,0.9460838586709225,0.0,0.1785421014318897,0.00017049668371968115,0.04602663049320195,2.328762130832921e-05,0.07181583570191799,0.994,0.1785421014318897,0.00017049668371968115,0.04602663049320195,2.328762130832921e-05,0.07181583570191799,0.994,0.17859986879648387,0.00017697198022865456,0.0460357547772773,2.4486809377973405e-05,0.1702935483017706,0.988,0.179700286370794,0.0002517148981681916,0.04612739015686441,3.0234783122735956e-05,0.6475487842428308,0.712,0.288,0.002,0.002,0.088,0.0,0.0,5.776736459416798e-05,5.4949439577974876e-05,0.17852975661339604
project,200,0.05,2.0,1.5,500,"[20260825, 148]",-2.9745754381296035,3,7.66818749057853,7.677801153377038,0.4315252409691623,6.385132649893645,8.896741879358377,1.9170468726446326,0.0,1.0,0.978,0.0,0.1760535350791656,0.00021350532374487125,0.04576203724252426,2.174043107706264e-05,0.0,1.0,0.17798396248868267,0.0003571406682254422,0.046010834389110536,4.310673462006468e-05,1.0000823896059294,0.0,0.17603983438934753,0.00021369823892665064,0.04576210077549001,2.179220268766342e-05,0.10088421670883983,0.98,0.17603983438934753,0.00021369823892665064,0.04576210077549001,2.179220268766342e-05,0.10088421670883983,0.98,0.17609634933594487,0.00021738880242341837,0.04576445153346819,2.1897346756728085e-05,0.17283197765764996,0.994,0.17676598120708548,0.00026755946635940336,0.0458695265643476,3.1514887712306146e-05,0.7447557459761535,0.652,0.528,0.018,0.018,0.198,0.0,0.0,5.6514946597344076e-05,4.524959658642427e-05,0.1760535350791656
project,200,0.05,2.0,2.0,500,"[20260825, 149]",-2.575125163117998,3,11.220821285095418,11.235152987141031,0.7131718489484011,9.198569239055868,13.773026694604685,11.220821285095418,0.0,1.0,0.942,0.0,0.17262308985473396,0.00025751328820358726,0.045359908931197665,2.641303077152769e-05,0.0,1.0,0.1719765299005233,0.0003753147821968885,0.045466391941771524,5.8915419762980005e-05,1.1879187963525961,0.0,0.1726343555116236,0.00026966404173953145,0.045388810322642845,4.007344133583173e-05,0.4060020244651879,0.96,0.1726343555116236,0.00026966404173953145,0.045388810322642845,4.007344133583173e-05,0.4060020244651879,0.96,0.1725851665122099,0.00025942713954425805,0.04537032440716412,2.8281602013968514e-05,0.31495268383619046,0.962,0.17202373600420223,0.0003119984751090064,0.045413373692018436,4.961832008397074e-05,1.0514461558123351,0.442,0.762,0.03,0.03,0.446,0.0,0.0,-4.918899941372229e-05,7.427183983006516e-05,0.1719765299005233
project,200,0.2,0.5,0.7,500,"[20260825, 150]",-2.2025547884420567,3,2.4834409090546923,2.478415164358992,0.24278299149074095,1.7902242798394479,3.237819464621561,0.22350968181492237,0.0,1.0,0.98,0.004,0.49594267729642877,0.0001856687067924983,0.15875680265704664,6.225670642003851e-05,0.0,1.0,0.49794331087056587,0.00029332264601088817,0.15913715158824462,7.443171576724116e-05,0.48430558608171526,0.0,0.4959575619174615,0.00018645416664976147,0.15876054478687207,6.221306973545277e-05,0.062038803270130276,0.992,0.4959575619174615,0.00018645416664976147,0.15876054478687207,6.221306973545277e-05,0.062038803270130276,0.992,0.4960011281268042,0.00019055787643883825,0.15877013879280158,6.286615458763174e-05,0.08178364702655924,0.986,0.49644449758552406,0.00021896110884320059,0.15886033509082165,6.626426639037868e-05,0.31538088362789457,0.594,0.482,0.004,0.004,0.246,0.0,0.0,4.3566209342701386e-05,5.140461998353169e-05,0.49594267729642877
project,200,0.2,0.5,1.0,500,"[20260825, 151]",-1.5804345981935155,3,4.463361208035406,4.488788408418369,0.41973009823360957,3.0934966980711915,5.964155338596301,0.0,0.0,1.0,0.99,0.0,0.4878142143612699,0.00014289842786353532,0.1565943380326775,4.589497581586738e-05,0.0,1.0,0.49029967402163865,0.0002303697120947219,0.1570903382155943,5.6269769519410344e-05,0.48268669291902355,0.0,0.48782348069387105,0.00014310021396800652,0.1565966243115984,4.593799550613134e-05,0.029169720856320948,0.996,0.48782348069387105,0.00014310021396800652,0.1565966243115984,4.593799550613134e-05,0.029169720856320948,0.996,0.48784408351990144,0.00014451468904712984,0.1566003359070267,4.621020464703255e-05,0.052800792807671124,0.994,0.48851180234445873,0.00018464843563277027,0.15673153332881248,5.035970758491437e-05,0.25771542903229305,0.704,0.03,0.0,0.0,0.01,0.0,0.0,2.0602826030493792e-05,2.1486882692219035e-05,0.4878142143612699
project,200,0.2,0.5,1.25,500,"[20260825, 152]",-1.295789273423448,3,5.755821868766208,5.724063108851954,0.5693963567596405,4.393255572136001,7.523540424404044,0.359738866797888,0.0,1.0,0.992,0.0,0.48269941071838474,0.00017545107870117153,0.155226888863983,5.8705798240032614e-05,0.0,1.0,0.4846801089341323,0.00025742896931891255,0.15562269467772244,7.129098185221374e-05,0.5412873165749998,0.0,0.4826965205198901,0.0001752949418002832,0.15522709715920935,5.8753870050827294e-05,0.02768043174793648,0.994,0.4826965205198901,0.0001752949418002832,0.15522709715920935,5.8753870050827294e-05,0.02768043174793648,0.994,0.4827189525285803,0.00017608602231332108,0.15523119561541399,5.8754516707433466e-05,0.06418914624250956,0.998,0.483343864458192,0.00020882058653707054,0.15535142069611863,6.390729798334802e-05,0.3614738531944966,0.652,0.392,0.006,0.006,0.168,0.0,0.0,2.2432008690245976e-05,1.9616683250507827e-05,0.48269941071838474
project,200,0.2,0.5,1.5,500,"[20260825, 153]",-1.1096286510716924,3,6.823293835567629,6.8312156819657135,0.6229792851659207,4.904134775136721,8.526802523710185,1.7058234588919072,0.0,1.0,0.976,0.0,0.4783497597590134,0.00016134713389056183,0.1540097066070338,5.396337230370164e-05,0.0,1.0,0.47867093728626253,0.00024719156340312413,0.15409056511947497,7.430625931289034e-05,0.585129962963597,0.0,0.4783551693241027,0.0001629757311806581,0.1540194545217936,5.525494625692995e-05,0.09390878918110171,0.986,0.4783551693241027,0.0001629757311806581,0.1540194545217936,5.525494625692995e-05,0.09390878918110171,0.986,0.4784254881263704,0.00017844241638495734,0.15403394374142368,5.922716389562069e-05,0.18100058993176218,0.984,0.4782517189533413,0.00020404306111162493,0.1540204723601226,6.670686738832213e-05,0.47098281725108976,0.54,0.646,0.012,0.012,0.364,0.0,0.0,7.031880226775356e-05,4.83731826913102e-05,0.4783497597590134
project,200,0.2,0.5,2.0,500,"[20260825, 154]",-0.8835253306520889,3,8.308869154569045,8.291234006347558,0.819477321670409,6.234928494333914,10.72624052449041,8.308869154569045,0.0,1.0,0.91,0.0,0.47134987726239247,0.00016216284193625155,0.1519853711376536,5.7100315162460805e-05,0.0,1.0,0.46700870644868087,0.00025495970144667697,0.15096166740530187,6.74781515725358e-05,0.7359370490003603,0.0,0.4710557064451758,0.00017678246449718657,0.15192407497507313,5.85210953973099e-05,0.3425276534828941,0.934,0.4710557064451758,0.00017678246449718657,0.15192407497507313,5.85210953973099e-05,0.3425276534828941,0.934,0.47110784277812046,0.00017034909639262067,0.15193151156844503,5.831323846470443e-05,0.18923392735527972,0.954,0.46762896647676816,0.00022398813018306772,0.1511445721552703,6.513654481808371e-05,0.7190311999697965,0.222,0.874,0.064,0.064,0.744,0.0,0.0,5.213633294459241e-05,8.203993613526661e-05,0.46700870644868087
project,200,0.2,1.0,0.7,500,"[20260825, 155]",-2.351380169303612,3,5.375029882853787,5.401319480496823,0.3846077008546922,3.9723508599415225,6.3445140035082535,0.48375268945684097,0.0,1.0,0.972,0.0,0.4812403303632375,0.00016257376412993525,0.1546773554960531,5.666899078409532e-05,0.0,1.0,0.4809828505476341,0.0002346034966543577,0.1546240462720174,5.929801521459157e-05,0.280726990155371,0.0,0.48122032604638587,0.00016338792676722275,0.15467292204153799,5.667009803127874e-05,0.05279200460985341,0.982,0.48122032604638587,0.00016338792676722275,0.15467292204153799,5.667009803127874e-05,0.05279200460985341,0.982,0.48121846057346934,0.0001626433429502064,0.15467222725985352,5.6365721430083465e-05,0.054639521857610465,0.986,0.48055073280507404,0.00017768700638192423,0.15454688759156865,5.41845342638005e-05,0.2114667731831429,0.466,0.714,0.016,0.016,0.464,0.0,0.0,-1.8654729165059613e-06,1.8469559985998048e-05,0.4809828505476341
project,200,0.2,1.0,1.0,500,"[20260825, 156]",-1.7670506613041779,3,9.327474056003881,9.325362405386326,0.6498867320770476,7.59185460528041,11.589455848922851,0.0,0.0,1.0,0.992,0.0,0.4640493140340112,0.00017918108407684346,0.15043404960155124,6.442023845260953e-05,0.0,1.0,0.466964163724109,0.00029314230896544647,0.15090642818251646,7.244303221182706e-05,0.3786638364952968,0.0,0.46411125728868036,0.0001826100774462089,0.15044415891085158,6.458500727530019e-05,0.05740250694050096,0.994,0.46411125728868036,0.0001826100774462089,0.15044415891085158,6.458500727530019e-05,0.05740250694050096,0.994,0.4641199124822162,0.00018852683825333144,0.1504426425585463,6.462930425511178e-05,0.06813064996743932,0.994,0.46512195082780705,0.00023638389935806906,0.1505989090017883,6.718775389951895e-05,0.23582492733073437,0.706,0.054,0.0,0.0,0.006,0.0,0.0,8.655193535865301e-06,6.433954557595859e-05,0.4640493140340112
project,200,0.2,1.0,1.25,500,"[20260825, 157]",-1.5067987346554537,3,11.81656455772381,11.847365990588795,0.8191289953190338,9.311609495400988,14.181694874572141,0.7385352848577381,0.0,1.0,0.968,0.0,0.45346517925623886,0.0001554137340584241,0.14757349304944803,5.6585622422305646e-05,0.0,1.0,0.4554053975505888,0.00030074776325208135,0.14789665117989204,7.496499592761776e-05,0.44466788839743704,0.0,0.45348116963979473,0.00015717197408624846,0.14758153863294887,5.678968345064716e-05,0.0836790126757437,0.976,0.45348116963979473,0.00015717197408624846,0.14758153863294887,5.678968345064716e-05,0.0836790126757437,0.976,0.4535394136181249,0.0001640869838856654,0.1475954010503293,5.808622998062735e-05,0.11037570425612356,0.982,0.4542621796857354,0.0002349012930449403,0.14771938789651495,6.676989466322993e-05,0.35118789770827585,0.578,0.498,0.018,0.018,0.25,0.0,0.0,5.8243978330129844e-05,4.8389534487810877e-05,0.45346517925623886
project,200,0.2,1.0,1.5,500,"[20260825, 158]",-1.3403534774864876,3,13.72664263201539,13.774319059602183,1.0067303045199765,10.770481444435951,16.27097403690992,3.4316606580038473,0.0,1.0,0.922,0.0,0.445209489275394,0.00015938000553306173,0.1452131170909384,6.071996402482964e-05,0.0,1.0,0.4441562274014423,0.0002721297637714114,0.14493325005791452,7.3926602212894e-05,0.49641713297791484,0.0,0.4450753431036718,0.00016385886118950254,0.14519228923524763,6.210247500123783e-05,0.15476048670146775,0.948,0.4450753431036718,0.00016385886118950254,0.14519228923524763,6.210247500123783e-05,0.15476048670146775,0.948,0.44509500138357133,0.0001634157709538874,0.14519391423480835,6.245355730611432e-05,0.14333483014245776,0.952,0.44428496139321505,0.00021606280720655617,0.14500608806111523,6.802610878459131e-05,0.4604384027154041,0.408,0.77,0.044,0.044,0.502,0.0,0.0,1.9658279899464002e-05,4.967590002922011e-05,0.4441562274014423
project,200,0.2,1.0,2.0,500,"[20260825, 159]",-1.14389674484319,3,16.333839278907934,16.335219736035132,1.1797331401941358,13.042634295058116,20.130692112486695,16.333839278907934,0.0,1.0,0.812,0.0,0.43379999296074423,0.00015831897286755874,0.14178014055762242,7.087493439413388e-05,0.0,1.0,0.4238947414251379,0.00024459024405164834,0.13950731173918737,6.752283273548423e-05,0.5493813884462104,0.0,0.4323792285886341,0.0002198567530205716,0.14145993557593828,7.709896898137477e-05,0.3048024777952702,0.854,0.4323792285886341,0.0002198567530205716,0.14145993557593828,7.709896898137477e-05,0.3048024777952702,0.854,0.43256685172045023,0.00021910468308429304,0.14151296613559017,7.841283264306624e-05,0.2902672614390655,0.872,0.4249339029464179,0.00025543653016174426,0.13979592501376706,7.658378628685841e-05,0.5622981653093185,0.082,0.964,0.146,0.146,0.902,0.0,0.0,0.0001876231318161594,0.00017340027248734385,0.4238947414251379
project,200,0.2,2.0,0.7,500,"[20260825, 160]",-2.7980161007021005,3,9.05089510101533,9.06283946749025,0.5791269836689686,7.170327202962901,11.231165439649264,0.8145805590913799,0.0,1.0,0.93,0.0,0.45055937918579314,0.00018434049986934396,0.1465422579464484,7.659559769108014e-05,0.0,1.0,0.4486642710135083,0.0002724825550702944,0.14622988621398766,7.948813982614836e-05,0.22382781457496187,0.0,0.45039238704973467,0.0001852103263789669,0.14650442184912485,7.499960100411553e-05,0.094969313356255,0.948,0.45039238704973467,0.0001852103263789669,0.14650442184912485,7.499960100411553e-05,0.094969313356255,0.948,0.45044353471418536,0.00018476035150260864,0.14650637484701656,7.494244162351873e-05,0.08380409632531254,0.962,0.44882259365885413,0.0002210431479112597,0.14625760455605677,7.727790567901885e-05,0.19363781473371308,0.374,0.81,0.048,0.048,0.576,0.0,0.0,5.114766445074315e-05,4.508787463579882e-05,0.4486642710135083
project,200,0.2,2.0,1.0,500,"[20260825, 161]",-2.28779348968638,3,14.57890339411994,14.604851686780224,0.9286271540888495,11.824812424533876,17.195872801783167,0.0,0.0,1.0,0.986,0.0,0.4211315800700459,0.00014550458371156622,0.13901492428308437,5.860199677276388e-05,0.0,1.0,0.42398999800318565,0.0002738068709462491,0.1395260786786294,7.441772228378319e-05,0.29502532062927994,0.0,0.4211826789417534,0.00014838350364606597,0.13902938926413702,5.9744371837207274e-05,0.03964283508670375,0.992,0.4211826789417534,0.00014838350364606597,0.13902938926413702,5.9744371837207274e-05,0.03964283508670375,0.992,0.4211460471269203,0.0001455330613472548,0.13901968705255058,5.8609161465326224e-05,0.019588853631291654,0.994,0.4221401811173464,0.00022044451049088972,0.1392103464650837,6.775120242405242e-05,0.18136314660386607,0.684,0.026,0.0,0.0,0.006,0.0,0.0,-3.66318148330802e-05,2.760178448027243e-05,0.4211315800700459
project,200,0.2,2.0,1.25,500,"[20260825, 162]",-2.06951304393189,3,17.713999305733132,17.759581725277982,1.0757140552206836,13.960560509358647,20.762949426426353,1.1071249566083208,0.0,1.0,0.958,0.0,0.405454037420173,0.000154443884543311,0.13448168525188822,6.400285453350564e-05,0.0,1.0,0.406632365611342,0.0002488496427649735,0.13463236647268026,7.170445692273934e-05,0.35538223272786523,0.0,0.4054923849060556,0.0001575130045036861,0.13449375757793086,6.442134166069141e-05,0.09201346531301206,0.97,0.4054923849060556,0.0001575130045036861,0.13449375757793086,6.442134166069141e-05,0.09201346531301206,0.97,0.405495943650271,0.0001587131936196578,0.1344822798900105,6.410933781224272e-05,0.09028106241987678,0.982,0.40577241761427385,0.0001945208646041227,0.13450838514538987,6.639641410388965e-05,0.2858846211161374,0.514,0.602,0.024,0.024,0.334,0.0,0.0,3.5587442154600968e-06,5.625299495113659e-05,0.405454037420173
project,200,0.2,2.0,1.5,500,"[20260825, 163]",-1.933992773298046,3,20.018104780928855,20.00392858400977,1.2048447152025057,15.832166203156854,24.4268270165108,5.004526195232214,0.0,1.0,0.898,0.0,0.39393793940082206,0.0001296667175395822,0.13083743406648907,6.005464261309158e-05,0.0,1.0,0.3909557771314053,0.0002811064749375012,0.13008390057915123,7.290628584390965e-05,0.41161833236704065,0.0,0.3935665240856091,0.00014522152169053507,0.13074549922485065,6.0817279447589415e-05,0.14422742588723553,0.928,0.3935665240856091,0.00014522152169053507,0.13074549922485065,6.0817279447589415e-05,0.14422742588723553,0.928,0.39368660016672713,0.00015223964061747335,0.13078830318652435,6.251270748418244e-05,0.17246523231376734,0.932,0.3915213278830873,0.00023464893775030366,0.1302634877110014,6.921703624637097e-05,0.3901682105546742,0.302,0.856,0.07,0.07,0.64,0.0,0.0,0.00012007608111809432,9.815446721238499e-05,0.3909557771314053
project,200,0.2,2.0,2.0,500,"[20260825, 164]",-1.7793643819034308,3,22.661067877647344,22.702925119386013,1.3998785062524148,18.556971876703166,27.662921947752025,22.661067877647344,0.0,1.0,0.658,0.0,0.3786775333023536,0.00013303766091244364,0.12536665227075325,6.148043585268798e-05,0.0,1.0,0.3646916689790936,0.0002510597609120428,0.12201089892126826,7.422494514815878e-05,0.49882681881980484,0.0,0.3755938195982028,0.00028917570048007474,0.12464811129084165,8.807164831235492e-05,0.35875963749932543,0.77,0.3755938195982028,0.00028917570048007474,0.12464811129084165,8.807164831235492e-05,0.35875963749932543,0.77,0.3754654467732943,0.0002894893855920396,0.12460492387608765,8.796541704349204e-05,0.35581091202975973,0.756,0.3654365832616312,0.0002632917257149945,0.12221803560869554,8.033360383863062e-05,0.5091595914277391,0.038,0.984,0.23,0.23,0.948,0.0,0.0,-0.00012837282490848256,0.00031908870610237593,0.3646916689790936
project,200,0.5,0.5,0.7,500,"[20260825, 165]",-0.5562295204540288,3,10.84696787890465,10.825861033951385,1.0517409938688005,8.16016891152594,13.98480257796934,0.9762271091014187,0.0,1.0,0.856,0.0,0.6757990866395807,0.00013510421318182187,0.24127724679483176,6.151195107775106e-05,0.0,1.0,0.6751820310277676,0.00020872236002742286,0.24114422150961656,9.230032114984335e-05,0.2605861399637129,0.0,0.6757517180615356,0.0001523288224933087,0.24129749372860254,7.063041270849567e-05,0.17628535359894038,0.866,0.6757517180615356,0.0001523288224933087,0.24129749372860254,7.063041270849567e-05,0.17628535359894038,0.866,0.675636915694689,0.0001510546330273271,0.2412407566069382,6.92048217207508e-05,0.16196232049899895,0.866,0.675076137127965,0.0001667056887209261,0.24106926689238814,7.676071659243049e-05,0.22576742621706175,0.442,0.742,0.1,0.1,0.472,0.0,0.0,-0.00011480236684657275,7.204057076785367e-05,0.6751820310277676
project,200,0.5,0.5,1.0,500,"[20260825, 166]",-0.4134940666589879,3,12.130008042448717,12.102886731492726,1.191170345719132,8.52868805110893,15.841508981296313,0.0,0.0,1.0,0.942,0.0,0.6547842905876039,0.0001388962650137972,0.2318418493059814,6.478973976782368e-05,0.0,1.0,0.6575869620100907,0.00021473938270017331,0.23290124846903368,8.94349422470561e-05,0.3063835407801562,0.0,0.6550012346300665,0.00014987400080730963,0.23193200753587354,6.923141757051327e-05,0.0810737930842184,0.96,0.6550012346300665,0.00014987400080730963,0.23193200753587354,6.923141757051327e-05,0.0810737930842184,0.96,0.6549525456855096,0.00014235472629498235,0.23190828756025872,6.573838669728896e-05,0.07296420199725759,0.958,0.6558044646686296,0.00017172066836427562,0.23222953608196284,7.487870386940571e-05,0.18463468826734428,0.66,0.024,0.0,0.0,0.012,0.0,0.0,-4.8688944556765755e-05,6.396522127625412e-05,0.6547842905876039
project,200,0.5,0.5,1.25,500,"[20260825, 167]",-0.3514573112771153,3,12.66650206965331,12.605997709006203,1.2744230221632529,8.846028171897363,16.602878377208317,0.7916563793533319,0.0,1.0,0.942,0.0,0.6401026699165588,0.00014451199985818792,0.22513838305847142,6.935848980014252e-05,0.0,1.0,0.6412415845848901,0.00025566222633386575,0.2254193640433859,9.32204456541272e-05,0.3357700602004271,0.0,0.640174842819442,0.00015907659839341215,0.2251501451616246,7.138295491206496e-05,0.11372943381320298,0.962,0.640174842819442,0.00015907659839341215,0.2251501451616246,7.138295491206496e-05,0.11372943381320298,0.962,0.6402003859805571,0.00015970078653447024,0.22516061413032049,7.158403443790897e-05,0.12198458229245028,0.952,0.6404194586632507,0.00020710667788722718,0.22517620382302728,7.991881748640752e-05,0.2692860359428775,0.51,0.584,0.024,0.024,0.346,0.0,0.0,2.55431611150585e-05,5.48707206042444e-05,0.6401026699165588
project,200,0.5,0.5,1.5,500,"[20260825, 168]",-0.31311678010205346,3,12.955676898825628,12.940528041648857,1.3474348800880394,9.717842073512337,17.563618703884526,3.238919224706407,0.0,1.0,0.818,0.0,0.6273291293056524,0.00013942729000332118,0.21921484719608822,6.75394254443192e-05,0.0,1.0,0.623735969509141,0.00021659492316042958,0.21768163100299778,8.616491156510436e-05,0.3371945808501535,0.0,0.6267117858789857,0.00015992013821006248,0.21897014232726336,7.39097639853176e-05,0.16232316874930186,0.878,0.6267117858789857,0.00015992013821006248,0.21897014232726336,7.39097639853176e-05,0.16232316874930186,0.878,0.6267326207888486,0.00016270960316226883,0.21897503266466356,7.49363268554643e-05,0.16615603921131875,0.882,0.6243131731507822,0.00019530566847063936,0.21797206968865632,8.222693705323575e-05,0.3299344636392632,0.274,0.874,0.12,0.12,0.682,0.0,0.0,2.083490986307557e-05,9.728180193410504e-05,0.623735969509141
project,200,0.5,0.5,2.0,500,"[20260825, 169]",-0.27085934328121364,3,13.343831835284409,13.283325189196741,1.3482027080366623,9.737384036754765,17.92107440059668,13.343831835284409,0.0,1.0,0.572,0.0,0.6061446972370342,0.00013377491272083505,0.20927643007730756,6.92202597383554e-05,0.0,1.0,0.5882214622139424,0.00022276839855443688,0.2022153968724382,7.874847132798296e-05,0.40497710144319415,0.0,0.6003649248639101,0.0003867075758121795,0.20702118040147435,0.0001559094781301217,0.38819228123384464,0.654,0.6003649248639101,0.0003867075758121795,0.20702118040147435,0.0001559094781301217,0.38819228123384464,0.654,0.5998951488409535,0.00038966353245422974,0.20683809845682444,0.00015681195915438493,0.39766061261090435,0.626,0.5891373088277594,0.00025270266240235426,0.20262008626492836,9.716650038642068e-05,0.43377217383430783,0.02,0.994,0.346,0.346,0.978,0.0,0.0,-0.00046977602295662015,0.0004411270096493826,0.5882214622139424
project,200,0.5,1.0,0.7,500,"[20260825, 170]",-0.6528986815334421,3,24.32610334406391,24.32253611977189,1.7569462945054162,18.134674445817737,29.666954518829336,2.1893493009657523,0.0,1.0,0.838,0.0,0.635932241841893,0.0001651099143109108,0.22221129948827104,6.723509649603217e-05,0.0,1.0,0.6308706747634968,0.00022267840604180293,0.22082059773223234,8.449618817549881e-05,0.16715746367559037,0.0,0.6349479821549774,0.00019366499769091976,0.22194356933093945,7.371536118301094e-05,0.1427059203178707,0.844,0.6349479821549774,0.00019366499769091976,0.22194356933093945,7.371536118301094e-05,0.1427059203178707,0.844,0.6351464275331218,0.00019294682790914173,0.22200048579512224,7.356401955378398e-05,0.13592546425530538,0.864,0.6317213009916381,0.00021125079548429303,0.221030290470591,8.035560853103173e-05,0.17079628937122301,0.226,0.908,0.156,0.156,0.744,0.0,0.0,0.00019844537814447992,0.00013149879855949904,0.6308706747634968
project,200,0.5,1.0,1.0,500,"[20260825, 171]",-0.5417186865624273,3,26.454116497797127,26.455594623146006,1.9633638043918071,21.081609637681918,32.12398621254172,0.0,0.0,1.0,0.97,0.0,0.5856352673134452,0.00014944246555172332,0.20144309042303707,6.535906423657667e-05,0.0,1.0,0.5881251336539213,0.00019797406320678473,0.20219610600441051,7.37570400407094e-05,0.19590719824722383,0.0,0.5857010866214268,0.00015302550296447437,0.2014661011430673,6.655567901624098e-05,0.03183711739735603,0.984,0.5857010866214268,0.00015302550296447437,0.2014661011430673,6.655567901624098e-05,0.03183711739735603,0.984,0.5857025717266399,0.0001505306635050356,0.20146481725375573,6.54866289904801e-05,0.031217722033988905,0.986,0.5863506583232675,0.00016465426039911883,0.2016617678602674,6.819626021308895e-05,0.10564996535943531,0.668,0.026,0.0,0.0,0.014,0.0,0.0,1.4851052130397946e-06,3.9378933800367626e-05,0.5856352673134452
project,200,0.5,1.0,1.25,500,"[20260825, 172]",-0.5006514993098714,3,27.407308787095808,27.475052482422743,1.993213649682723,21.308967219303284,32.86529256785996,1.712956799193488,0.0,1.0,0.926,0.0,0.5544097316133729,0.0001478691643459673,0.1880198785299135,6.808829909018547e-05,0.0,1.0,0.5536876527466813,0.0002411349787623017,0.18758694090941608,7.976596487283395e-05,0.2315546786589116,0.0,0.5543043424869106,0.00014972296252508232,0.18798032536865714,6.856431570165366e-05,0.07918079863592217,0.954,0.5543043424869106,0.00014972296252508232,0.18798032536865714,6.856431570165366e-05,0.07918079863592217,0.954,0.5543069377642801,0.0001512108689845212,0.18797718397308422,6.861419639349602e-05,0.08344990096105724,0.952,0.5535641437560797,0.0001974688173725341,0.18763333561589624,7.291893828916904e-05,0.2132508043076623,0.396,0.744,0.046,0.046,0.51,0.0,0.0,2.5952773695385735e-06,3.268983891150113e-05,0.5536876527466813
project,200,0.5,1.0,1.5,500,"[20260825, 173]",-0.47940359392504506,3,27.69660529752206,27.742889004285676,2.0173042712017395,21.309422577000568,33.20362915715195,6.924151324380515,0.0,1.0,0.79,0.0,0.529770489501379,0.00015220613326766372,0.1771694009751776,7.06338673446699e-05,0.0,1.0,0.5208158188485533,0.0002555712073524737,0.17399124401940622,8.125849689190292e-05,0.27402845321773833,0.0,0.5277989979539293,0.0002506344882997296,0.1765100258060363,9.62521514853103e-05,0.1922149106513838,0.826,0.5277989979539293,0.0002506344882997296,0.1765100258060363,9.62521514853103e-05,0.1922149106513838,0.826,0.5279641578173045,0.00024403173504809858,0.17655395519060502,9.367968564180239e-05,0.2085017418139174,0.828,0.5218359958490112,0.00025299406550089386,0.17440221847563686,8.777992694529675e-05,0.2900986876143834,0.108,0.946,0.172,0.172,0.868,0.0,0.0,0.0001651598633751874,0.0002273488241839113,0.5208158188485533
project,200,0.5,1.0,2.0,500,"[20260825, 174]",-0.46261150412711916,3,28.11098704149929,28.064122491259802,2.086632945944835,22.63876479481872,35.75802330613581,28.11098704149929,0.0,1.0,0.552,0.0,0.4933299652706675,0.00014524962740074094,0.1608191301335589,7.176493169024107e-05,0.0,1.0,0.45929238567305203,0.0002511115199415644,0.14944720721439197,7.222942873838449e-05,0.3324438346050825,0.0,0.47447874041166943,0.0007407975837576797,0.15459379941027535,0.0002474015952185088,0.39047606940170104,0.422,0.47447874041166943,0.0007407975837576797,0.15459379941027535,0.0002474015952185088,0.39047606940170104,0.422,0.4749753408455034,0.0007643405416965101,0.15478139179450887,0.0002571064085970757,0.38115581833202994,0.442,0.4594248854840306,0.0002570765256695556,0.149555996121416,8.065002400810527e-05,0.3374807438270318,0.002,1.0,0.578,0.578,0.998,0.0,0.0,0.0004966004338339855,0.0008672426880711692,0.45929238567305203
project,200,0.5,2.0,0.7,500,"[20260825, 175]",-0.9726227905201128,3,42.1571988179349,42.06396885264259,2.5300444249591316,34.1563362378873,49.767133882046814,3.794147893614142,0.0,1.0,0.782,0.0,0.5443546138973643,0.00017038620983070998,0.18158848195416558,5.204603853272679e-05,0.0,1.0,0.5331100091369381,0.0002171632834949078,0.17911074141535477,7.094490647287608e-05,0.11854513077432528,0.0,0.542389716427594,0.0002697945874507441,0.18115726027899262,7.1314767206804e-05,0.14038641369526503,0.834,0.542389716427594,0.0002697945874507441,0.18115726027899262,7.1314767206804e-05,0.14038641369526503,0.834,0.5420541184627283,0.0002880707974719596,0.18108050661294636,7.599870408432479e-05,0.14789146257701838,0.804,0.5344231139180278,0.00025801122089127797,0.17937513357603654,7.516772781204264e-05,0.13818125782108495,0.112,0.978,0.164,0.164,0.884,0.0,0.0,-0.00033559796486567437,0.0002632784323957061,0.5331100091369381
project,200,0.5,2.0,1.0,500,"[20260825, 176]",-0.9252230082542383,3,43.319880751265295,43.26391668451103,2.604054244318929,35.15228926956755,50.836207374599915,0.0,0.0,1.0,0.99,0.0,0.45625530945474263,0.00015820891402111724,0.1487150531135186,5.413147361550626e-05,0.0,1.0,0.45919175265280854,0.00024045545467711702,0.14941535435643008,6.823797766061694e-05,0.1658080910588757,0.0,0.45630151295117677,0.0001599089846929423,0.14872526660336585,5.429764134652415e-05,0.02032750419323999,0.992,0.45630151295117677,0.0001599089846929423,0.14872526660336585,5.429764134652415e-05,0.02032750419323999,0.992,0.4562730107436091,0.00015938786238934742,0.14871898797384484,5.432833835647923e-05,0.014358501085784724,0.998,0.45727528530562717,0.000195581167501975,0.1489572126202482,6.046267041613222e-05,0.09812879053270425,0.668,0.036,0.0,0.0,0.008,0.0,0.0,-2.850220756769295e-05,2.934128277698388e-05,0.45625530945474263
project,200,0.5,2.0,1.25,500,"[20260825, 177]",-0.9186285232061429,3,43.49743995742014,43.55623739754148,2.692098349965608,36.4038196484015,51.102379107141374,2.718589997338759,0.0,1.0,0.91,0.0,0.4073486043141045,0.00014974702446116436,0.12960478382981017,5.551956115884404e-05,0.0,1.0,0.40499180696238457,0.00025223998204166416,0.12873010082032743,5.854820922180463e-05,0.19052616555111776,0.0,0.40719245781524493,0.00015731557281087162,0.12954762577998175,5.709586295416768e-05,0.08539056151500062,0.95,0.40719245781524493,0.00015731557281087162,0.12954762577998175,5.709586295416768e-05,0.08539056151500062,0.95,0.4071614252327455,0.0001597775426786094,0.1295263657846475,5.5726754021426793e-05,0.1020104585269456,0.928,0.4051830330193866,0.0002247115519581147,0.12887974571619557,6.059793986040162e-05,0.1885592116213604,0.3,0.846,0.044,0.044,0.642,0.0,0.0,-3.103258249944807e-05,5.760570147449703e-05,0.40499180696238457
project,200,0.5,2.0,1.5,500,"[20260825, 178]",-0.920720315453506,3,43.439422987989005,43.372441447793236,2.707423685943082,36.50525662484453,53.015226759906746,10.859855746997251,0.0,1.0,0.75,0.0,0.37241581864504597,0.00013619413574064815,0.11571134670487004,5.694460950929556e-05,0.0,1.0,0.35785353368530926,0.0002480659439933281,0.11165126148016208,6.03063366219309e-05,0.21688791034261748,0.0,0.3689575826767231,0.00033776361491942797,0.1147817842306006,9.930007602689149e-05,0.20357580611034376,0.79,0.3689575826767231,0.00033776361491942797,0.1147817842306006,9.930007602689149e-05,0.20357580611034376,0.79,0.36903413706072663,0.00033918460755502086,0.11482846769492844,0.00010059919980743823,0.20249481416959927,0.798,0.35856719452434777,0.00025870148972926475,0.11190251777671247,6.910993085633462e-05,0.2296082097986194,0.03,0.988,0.208,0.208,0.966,0.0,0.0,7.6554384003504e-05,0.0003699764430396284,0.35785353368530926
project,200,0.5,2.0,2.0,500,"[20260825, 179]",-0.9294694599534736,3,43.09408641606398,43.13325290931058,2.6812247534632214,36.01038937999165,51.1346164511165,43.09408641606398,0.0,1.0,0.592,0.0,0.3274548976954189,0.00012921826653946745,0.09783704856482237,7.454000257363196e-05,0.0,1.0,0.28220894098225996,0.00027357803055456394,0.08560138191091152,5.456745753397809e-05,0.2983092170630645,0.0,0.2984113791283656,0.0009425086327077112,0.09010028173039097,0.00025704496060258527,0.36278316809742767,0.334,0.2984113791283656,0.0009425086327077112,0.09010028173039097,0.00025704496060258527,0.36278316809742767,0.334,0.2989965315219171,0.0009579130862508556,0.09024653865189444,0.00025812975172773123,0.3628608452023562,0.35,0.2822106191671544,0.0002575624588912754,0.08566747469416064,5.6042305696439926e-05,0.294688360192569,0.0,1.0,0.666,0.666,1.0,0.0,0.0,0.0005851523935515261,0.0010984940485483457,0.28220894098225996
project,400,0.05,0.5,0.7,500,"[20260825, 180]",-4.311952668984809,3,0.6214914806647995,0.6212968353882071,0.041797648094300255,0.49684376052735096,0.7462639487169297,0.055934233259831975,0.0,1.0,0.996,0.27,0.1981155398003391,9.157493771614215e-05,0.04748332364043228,9.875197364990138e-06,0.0,1.0,0.20481974381953133,0.0004966768500914098,0.04780045815962983,2.3823761672295312e-05,0.3739290334602079,0.0,0.19811454391361166,9.16064420587681e-05,0.04748327805262322,9.876500932558199e-06,0.022366835507219084,0.996,0.19811454391361166,9.16064420587681e-05,0.04748327805262322,9.876500932558199e-06,0.022366835507219084,0.996,0.1981155398003391,9.157493771614215e-05,0.04748332364043228,9.875197364990138e-06,0.0,1.0,0.19817377313847526,9.221596802828811e-05,0.047485427790060895,9.585206067549689e-06,0.27112349120723156,0.722,0.35,0.004,0.004,0.154,0.0,0.0,9.958867274629246e-07,7.053933142660237e-07,0.1981155398003391
project,400,0.05,0.5,1.0,500,"[20260825, 181]",-3.061543533844686,3,2.1604037304233645,2.1645214681406757,0.13806993383754923,1.7738026006892544,2.577799794276875,0.0,0.0,1.0,0.994,0.036,0.19612991169710733,9.284765237860642e-05,0.047329583951022436,8.37662897679123e-06,0.0,1.0,0.19742749699953321,0.00014432638332736119,0.047391253470031466,8.988038028158509e-06,0.730313911105091,0.0,0.19613687518356893,9.287004602164945e-05,0.04732997042330499,8.372201854790658e-06,0.05711687930927024,0.996,0.19613687518356893,9.287004602164945e-05,0.04732997042330499,8.372201854790658e-06,0.05711687930927024,0.996,0.19613033460075213,9.284135223925338e-05,0.047329643292400546,8.375790374761853e-06,0.013709719138249383,0.998,0.19640266507168588,0.0001001069146558572,0.047343216475124156,8.348962863655225e-06,0.3331180146639554,0.704,0.022,0.0,0.0,0.002,0.0,0.0,-6.540582816783047e-06,6.100674154389684e-06,0.19612991169710733
project,400,0.05,0.5,1.25,500,"[20260825, 182]",-2.483918386274661,3,3.7666365584073174,3.745326969056948,0.25620554401800194,3.0387413779967325,4.638123853178144,0.23541478490045734,0.0,1.0,0.992,0.006,0.19495124385238086,8.186258067262799e-05,0.0472433153916419,8.223273701939745e-06,0.0,1.0,0.19636059234169978,0.0001454161301838576,0.047325212762617835,1.100829847704217e-05,0.9037449070234688,0.0,0.19498218282227311,8.816419609702183e-05,0.04724368991930902,8.241224741728331e-06,0.17410763647229655,0.996,0.19498218282227311,8.816419609702183e-05,0.04724368991930902,8.241224741728331e-06,0.17410763647229655,0.996,0.1949790624096858,8.49707590579083e-05,0.047243870404297866,8.228651378616791e-06,0.15801882185876046,0.996,0.1954678262633427,0.00010986861092187103,0.047272723620611884,9.403841575578742e-06,0.6029640923096059,0.668,0.306,0.002,0.002,0.096,0.0,0.0,-3.120412587298782e-06,3.898756176374966e-05,0.19495124385238086
project,400,0.05,0.5,1.5,500,"[20260825, 183]",-2.102520055507088,3,5.428002395783328,5.4307611417248065,0.3571528762793364,4.342055673947616,6.4279434659136925,1.357000598945832,0.0,1.0,0.976,0.004,0.1938005815481407,6.971577879122674e-05,0.04714788955357665,7.343188636200339e-06,0.0,1.0,0.19490197267770187,0.00015106374769947642,0.04720674969537766,1.1323482369483508e-05,1.0328794168573403,0.0,0.19383259502260147,7.463993233664246e-05,0.04714981823981598,7.48059606756542e-06,0.2241370986549373,0.986,0.19383259502260147,7.463993233664246e-05,0.04714981823981598,7.48059606756542e-06,0.2241370986549373,0.986,0.19384075746720306,7.423868218047357e-05,0.04714859206919881,7.3279991558120085e-06,0.2408213368912833,0.988,0.19423866500870884,0.0001135676661576891,0.0471729289404945,1.0028971577168446e-05,0.7945809519230155,0.606,0.488,0.006,0.006,0.218,0.0,0.0,8.162444601555408e-06,3.676449236021273e-05,0.1938005815481407
project,400,0.05,0.5,2.0,500,"[20260825, 184]",-1.6324268561004902,3,8.461610996548261,8.450300470395478,0.598657125788423,6.559870807179175,10.156906878691935,8.461610996548261,0.0,1.0,0.97,0.0,0.19245274056772904,8.967860641479734e-05,0.047037201518721636,9.251577582407161e-06,0.0,1.0,0.19232126717599526,0.00017785308546388776,0.047026066733956894,1.3979705103684371e-05,1.2313564901594156,0.0,0.19246072551773838,9.280687762050359e-05,0.04703757288846383,9.406518429711974e-06,0.24789185177472756,0.978,0.19246072551773838,9.280687762050359e-05,0.04703757288846383,9.406518429711974e-06,0.24789185177472756,0.978,0.1924507734046903,9.116147339584697e-05,0.04703645095777799,9.285772665655795e-06,0.21368382652813295,0.986,0.19224163686798373,0.00013513460200148298,0.04702737717848557,1.2198110228329635e-05,1.0531701977582388,0.444,0.754,0.018,0.018,0.474,0.0,0.0,-9.952113048105227e-06,2.8122573779708905e-05,0.19232126717599526
project,400,0.05,1.0,0.7,500,"[20260825, 185]",-4.476604898044034,3,1.3346340040806404,1.3351555242052746,0.06574756093697752,1.1449548072221893,1.521801650006881,0.12011706036725767,0.0,1.0,0.994,0.124,0.19456284750819047,7.680014105715148e-05,0.04721195024313438,8.728260142944802e-06,0.0,1.0,0.19769307102667621,0.0003642428656876061,0.04736084796206372,1.9296769464611026e-05,0.3060907913886614,0.0,0.19456132103113946,7.680274030138365e-05,0.04721185274471334,8.730570470364193e-06,0.02735496463723245,0.996,0.19456132103113946,7.680274030138365e-05,0.04721185274471334,8.730570470364193e-06,0.02735496463723245,0.996,0.19459272185856913,8.886545168358098e-05,0.047213289212663226,8.993703168651537e-06,0.0,0.998,0.19454956874959417,8.01691633518233e-05,0.04720740795468646,8.206485035688404e-06,0.23786290557427583,0.632,0.526,0.004,0.004,0.274,0.0,0.0,3.1400827429633515e-05,2.989633957811127e-05,0.19456284750819047
project,400,0.05,1.0,1.0,500,"[20260825, 186]",-3.2648537122009804,3,4.4231517747664055,4.435653715392295,0.21318546679554168,3.7330104151331156,5.166475842544294,0.0,0.0,1.0,0.996,0.0,0.1905679831263654,8.297939148836316e-05,0.04693353315710822,1.0519170464707764e-05,0.0,1.0,0.19211602260114177,0.00015631217455687368,0.04701328157094564,1.2439711452564285e-05,0.5892827484520107,0.0,0.1905679831263654,8.297939148836316e-05,0.04693353315710822,1.0519170464707764e-05,0.0,1.0,0.1905679831263654,8.297939148836316e-05,0.04693353315710822,1.0519170464707764e-05,0.0,1.0,0.1905859942732794,8.349641634631599e-05,0.046934663315020414,1.0525209983873881e-05,0.06767747939445845,0.996,0.19106103086177428,0.00011620832084565801,0.04695747120164086,1.0960639382309212e-05,0.3397342944640396,0.678,0.026,0.0,0.0,0.008,0.0,0.0,1.8011146914018007e-05,1.3002272870031406e-05,0.1905679831263654
project,400,0.05,1.0,1.25,500,"[20260825, 187]",-2.7117669384803307,3,7.602151500510283,7.59194135493431,0.37264509223551623,6.310938763119621,8.525107871610487,0.4751344687818927,0.0,1.0,0.986,0.0,0.1881317445553496,8.075645048492373e-05,0.04672977034577914,8.602540894986576e-06,0.0,1.0,0.1895102888044766,0.00014755725752526062,0.04680876745168197,1.1305757857908501e-05,0.6985976972430457,0.0,0.18814245856070888,8.091467902905392e-05,0.04673131240985456,8.638359725245042e-06,0.07323311761758826,0.988,0.18814245856070888,8.091467902905392e-05,0.04673131240985456,8.638359725245042e-06,0.07323311761758826,0.988,0.18813527600796862,8.08559063915292e-05,0.046729627696285976,8.598250754136684e-06,0.04452952676801011,0.994,0.18862071485934195,0.00010751577395222332,0.046758404083392255,9.441987977025562e-06,0.47935096969077134,0.628,0.356,0.006,0.006,0.144,0.0,0.0,-7.182552740248594e-06,7.894064570233425e-06,0.1881317445553496
project,400,0.05,1.0,1.5,500,"[20260825, 188]",-2.349989241166856,3,10.79287567933865,10.78099663190347,0.5444773392943099,9.218220917352228,12.383184050848232,2.6982189198346624,0.0,1.0,0.98,0.0,0.18629308430014055,8.971848923271108e-05,0.046574567723639985,9.662221021048314e-06,0.0,1.0,0.18704858047700632,0.00016945320966574388,0.04662295014347812,1.3577221512028674e-05,0.8184675799667579,0.0,0.18629295925446226,8.975421952240706e-05,0.04657502558602032,9.665252154039029e-06,0.08561064412083762,0.99,0.18629295925446226,8.975421952240706e-05,0.04657502558602032,9.665252154039029e-06,0.08561064412083762,0.99,0.18628858444957383,8.969334411224338e-05,0.04657439522112228,9.666393827159596e-06,0.07892817090341217,0.99,0.186539100893899,0.0001288596730971622,0.046594477221635455,1.1753996556752568e-05,0.6606551858145271,0.518,0.592,0.008,0.008,0.316,0.0,0.0,-4.3748048884432735e-06,7.908582748956881e-06,0.18629308430014055
project,400,0.05,1.0,2.0,500,"[20260825, 189]",-1.9090928648345549,3,16.378914295153745,16.390410135838913,0.7932725892912179,14.329921912726435,18.756871301610026,16.378914295153745,0.0,1.0,0.956,0.0,0.1835768898563525,8.467217778859185e-05,0.04633067273211559,9.939791420054978e-06,0.0,1.0,0.18223836308513033,0.00013663270298721112,0.04626040541468209,1.519758030591364e-05,0.9323214946584742,0.0,0.18353546172080842,8.618271098814894e-05,0.04633134332291526,1.0649699846596593e-05,0.1773862173251494,0.976,0.18353546172080842,8.618271098814894e-05,0.04633134332291526,1.0649699846596593e-05,0.1773862173251494,0.976,0.18352374206476718,8.654360501870365e-05,0.046328295879219654,1.0013396696152388e-05,0.1641893926445058,0.976,0.18233814322774902,0.00011625231297140191,0.0462686647744875,1.3616848745593385e-05,0.8569831526476243,0.272,0.826,0.022,0.022,0.66,0.0,0.0,-1.1719656041199788e-05,1.9234960066543463e-05,0.18223836308513033
project,400,0.05,2.0,0.7,500,"[20260825, 190]",-4.9568426581977825,3,2.1917155398949113,2.188110549351888,0.09803313853828048,1.8653616985399752,2.462942637387516,0.19725439859054206,0.0,1.0,0.994,0.066,0.18734461993760915,7.824292016418592e-05,0.04667462232129515,1.1990309446881118e-05,0.0,1.0,0.18865385095293102,0.00026063029507363423,0.04673972814971658,1.756667987120155e-05,0.2577909210382114,0.0,0.1873477528599148,7.823323411851018e-05,0.046674890556293674,1.1988811469975812e-05,0.04112783270067758,0.994,0.1873477528599148,7.823323411851018e-05,0.046674890556293674,1.1988811469975812e-05,0.04112783270067758,0.994,0.18735126364906932,7.82241002804e-05,0.046675117050997014,1.1983346586323116e-05,0.04243796550287827,0.996,0.1871513037998107,8.539234436676531e-05,0.0466560092157547,1.1211050440446717e-05,0.20621139108803702,0.56,0.664,0.004,0.004,0.374,0.0,0.0,3.5107891545039793e-06,2.3037973569965063e-06,0.18734461993760915
project,400,0.05,2.0,1.0,500,"[20260825, 191]",-3.8181857296691097,3,6.757898641400389,6.7481786275695805,0.2882599563402078,5.840129026577703,7.79805774318444,0.0,0.0,1.0,0.988,0.0,0.1808389179546966,8.930411186305067e-05,0.04618135967773887,1.2002884974233141e-05,0.0,1.0,0.18228896194841884,0.0001424652015450394,0.04626985206963342,1.5157257363161074e-05,0.45453922540134234,0.0,0.1808796970355018,9.140964840742235e-05,0.04618451027356933,1.2110088435757824e-05,0.08173493937717657,0.99,0.1808796970355018,9.140964840742235e-05,0.04618451027356933,1.2110088435757824e-05,0.08173493937717657,0.99,0.18088025361482504,9.698502328668643e-05,0.046185220377672795,1.2531988199611766e-05,0.09901283938967347,0.996,0.18129649786413377,0.00011293225218165426,0.04620728165728211,1.2914315584949165e-05,0.2618308720888213,0.686,0.022,0.0,0.0,0.01,0.0,0.0,5.565793232773508e-07,2.286779526409763e-05,0.1808389179546966
project,400,0.05,2.0,1.25,500,"[20260825, 192]",-3.306124814942307,3,11.16135708061874,11.155919998304213,0.4770462333526543,9.660136090101421,12.655460130694342,0.6975848175386713,0.0,1.0,0.994,0.0,0.1771390431134171,7.896347940307715e-05,0.04583692174300867,1.0517724750838517e-05,0.0,1.0,0.17830050005308562,0.0001459456471391926,0.04593455096855188,1.4726256159322448e-05,0.5593192177559351,0.0,0.17713849667836915,7.898003794272609e-05,0.045836978967454874,1.0516019466611417e-05,0.015768818881954798,0.998,0.17713849667836915,7.898003794272609e-05,0.045836978967454874,1.0516019466611417e-05,0.015768818881954798,0.998,0.17714118918148639,7.892423956336409e-05,0.0458373243818623,1.0509844804232631e-05,0.04251000428662072,0.996,0.17755094120742337,0.00010988241516402713,0.045874927673878046,1.2126092901229495e-05,0.397059501206314,0.618,0.406,0.002,0.002,0.18,0.0,0.0,2.6925031172546078e-06,1.9198344408367794e-06,0.1771390431134171
project,400,0.05,2.0,1.5,500,"[20260825, 193]",-2.9745754381296035,3,15.288623181025109,15.31166957708337,0.6710918525910728,13.002433866424877,17.320814421900117,3.8221557952562772,0.0,1.0,0.98,0.0,0.17462632465270797,8.571084700649895e-05,0.04557967400252809,1.126916943472583e-05,0.0,1.0,0.17470215320005839,0.00013030615198806618,0.04562433113606128,1.5156928907271319e-05,0.6058297239698873,0.0,0.17461916600400612,8.595729203449533e-05,0.045578790182278825,1.1250705639545767e-05,0.06094706128147349,0.992,0.17461916600400612,8.595729203449533e-05,0.045578790182278825,1.1250705639545767e-05,0.06094706128147349,0.992,0.17461383740161904,8.567788089934742e-05,0.04557877897394465,1.1293810332680558e-05,0.06165382515882313,0.988,0.17445962102400148,0.00010162529994728579,0.04558783737758088,1.2862846215018206e-05,0.4981513502768132,0.488,0.67,0.006,0.006,0.418,0.0,0.0,-5.328602387082493e-06,7.156618242508524e-06,0.17462632465270797
project,400,0.05,2.0,2.0,500,"[20260825, 194]",-2.575125163117998,3,22.338923255614798,22.356767969840448,1.0420427001733201,19.156444222682442,25.290841107414685,22.338923255614798,0.0,1.0,0.926,0.0,0.17114514720369425,9.818535570497959e-05,0.04518482070525342,1.4066083591143671e-05,0.0,1.0,0.16870213036944987,0.00015350301384939248,0.045001737765214544,2.0968078250821682e-05,0.7480645185567195,0.0,0.17105611112607172,0.00010110305241112406,0.04517804791572489,1.4267949329833219e-05,0.16663650960465792,0.97,0.17105611112607172,0.00010110305241112406,0.04517804791572489,1.4267949329833219e-05,0.16663650960465792,0.97,0.1710061284963549,0.00010117341316243078,0.045173850869902964,1.4234188500737703e-05,0.21255744531795148,0.952,0.16904164927859613,0.0001366917135089757,0.04502300140020881,1.8850363037661047e-05,0.7356356369286314,0.18,0.91,0.03,0.03,0.772,0.0,0.0,-4.998262971682366e-05,3.6628059556399115e-05,0.16870213036944987
project,400,0.2,0.5,0.7,500,"[20260825, 195]",-2.2025547884420567,3,4.959957846831631,4.957110577799925,0.32292001874180937,4.000314556027732,5.894365044580653,0.4463962062148469,0.0,1.0,0.984,0.0,0.49434340158643425,8.140395637808406e-05,0.15821738476253283,2.7007963545605656e-05,0.0,1.0,0.4946094413971767,0.0001306217914390645,0.15828231101087561,3.312093493738559e-05,0.32751552679345663,0.0,0.494340247683511,8.125863108800641e-05,0.15821516650306705,2.675520027278302e-05,0.05159885657360534,0.99,0.494340247683511,8.125863108800641e-05,0.15821516650306705,2.675520027278302e-05,0.05159885657360534,0.99,0.4943405320143219,8.148225946108185e-05,0.15821621260708335,2.6991784894364292e-05,0.04443958342460465,0.992,0.4943295413917261,0.00010269265682731991,0.15822277920946587,2.9715728371492077e-05,0.2548658091844074,0.488,0.652,0.006,0.006,0.386,0.0,0.0,2.843308109105047e-07,4.810386211363171e-06,0.49434340158643425
project,400,0.2,0.5,1.0,500,"[20260825, 196]",-1.5804345981935155,3,8.89682953863708,8.893486987269814,0.6296243404734333,7.064524324226018,10.535301673416544,0.0,0.0,1.0,0.996,0.0,0.4867286729844404,7.821847107535746e-05,0.15624563797807905,2.6803095744288715e-05,0.0,1.0,0.48793897585501306,0.000110834723808612,0.15650008722440464,3.3241677008926176e-05,0.3328190810331853,0.0,0.48674438533658704,7.934134998590172e-05,0.156249324422786,2.703641648992844e-05,0.0413392307620618,0.996,0.48674438533658704,7.934134998590172e-05,0.156249324422786,2.703641648992844e-05,0.0413392307620618,0.996,0.4867286729844404,7.821847107535746e-05,0.15624563797807905,2.6803095744288715e-05,0.0,1.0,0.48708131617527706,9.249708377364252e-05,0.15632417394289375,2.999443161634483e-05,0.17986324756090016,0.698,0.032,0.0,0.0,0.008,0.0,0.0,-1.5712352146633246e-05,1.3059968786342004e-05,0.4867286729844404
project,400,0.2,0.5,1.25,500,"[20260825, 197]",-1.295789273423448,3,11.625939031230217,11.674131695308834,0.7863522918273572,9.446049186541856,13.877783528272946,0.7266211894518886,0.0,1.0,0.992,0.0,0.48165167654874425,9.288602583849013e-05,0.15487602081305396,3.1362725302533334e-05,0.0,1.0,0.48225128227889447,0.00012611234338891862,0.1549741216136477,3.465299502023345e-05,0.36577369294842277,0.0,0.48164899551977025,9.295302962243182e-05,0.15487540334698305,3.1369506044279963e-05,0.037331563326855076,0.992,0.48164899551977025,9.295302962243182e-05,0.15487540334698305,3.1369506044279963e-05,0.037331563326855076,0.992,0.481661435344841,9.324351241408793e-05,0.15487832308988414,3.139614388119918e-05,0.026380168713714396,0.996,0.48178510890911286,0.00010618418463245739,0.15488882690037942,3.18429789937742e-05,0.2656985684734563,0.57,0.514,0.006,0.006,0.302,0.0,0.0,1.2439825070812872e-05,1.090670827489729e-05,0.48165167654874425
project,400,0.2,0.5,1.5,500,"[20260825, 198]",-1.1096286510716924,3,13.693422476130767,13.670582175326984,0.9194484692395942,10.44601928138774,16.286491419027975,3.4233556190326917,0.0,1.0,0.966,0.0,0.47706409011748735,7.333605247722926e-05,0.15357542679376052,2.5772629155984374e-05,0.0,1.0,0.4761704631351486,0.00011715109938503765,0.15337009421611128,3.159902380918038e-05,0.4185369661551753,0.0,0.4770304599304986,7.494789266695281e-05,0.15356891880602228,2.5990264236468088e-05,0.06009791992751948,0.984,0.4770304599304986,7.494789266695281e-05,0.15356891880602228,2.5990264236468088e-05,0.06009791992751948,0.984,0.4770422626623756,7.542019276829057e-05,0.153567400358186,2.605996532447154e-05,0.13279395688602566,0.974,0.47635796520614654,9.811875927412361e-05,0.15341699931897856,2.9281963163770833e-05,0.4006951634734606,0.368,0.82,0.016,0.016,0.554,0.0,0.0,1.1802731876995321e-05,1.7330811674073848e-05,0.4761704631351486
project,400,0.2,0.5,2.0,500,"[20260825, 199]",-0.8835253306520889,3,16.551136486254162,16.53134248939417,1.1114734405024245,12.96049777382638,20.24160380677478,16.551136486254162,0.0,1.0,0.844,0.0,0.46997994006268756,7.448390319085666e-05,0.15154954872976817,2.9303447695082985e-05,0.0,1.0,0.4640887256241323,0.00011973553940549446,0.1501987608334424,3.527541806344198e-05,0.49529205677246907,0.0,0.4693669039890453,0.0001104829067135016,0.15142521713418325,3.49155164872359e-05,0.2754498846451684,0.896,0.4693669039890453,0.0001104829067135016,0.15142521713418325,3.49155164872359e-05,0.2754498846451684,0.896,0.4693974369238167,0.00011058180883619746,0.15142911237426004,3.578787898978445e-05,0.2545330901394895,0.898,0.46448967835819327,0.0001283942205187522,0.1503095316234641,3.789261183230816e-05,0.526162115615394,0.06,0.974,0.104,0.104,0.934,0.0,0.0,3.053293477136676e-05,9.927312488374923e-05,0.4640887256241323
project,400,0.2,1.0,0.7,500,"[20260825, 200]",-2.351380169303612,3,10.750455129502138,10.753658853341053,0.5123120649642708,9.349520708744805,12.089831412966149,0.9675409616551927,0.0,1.0,0.958,0.0,0.48005689102063753,8.066946379095835e-05,0.15428766204202238,3.0212379599083237e-05,0.0,1.0,0.47870079633708734,0.00012318063500137735,0.15402720421261176,3.254657665669349e-05,0.20425493095733982,0.0,0.4799926708858711,8.154175486224514e-05,0.1542758035643031,3.049182412973216e-05,0.0729749172869139,0.968,0.4799926708858711,8.154175486224514e-05,0.1542758035643031,3.049182412973216e-05,0.0729749172869139,0.968,0.4800233542752511,8.10895981430825e-05,0.15427782166989693,2.993512714731406e-05,0.044088927890262475,0.986,0.47883454190281033,9.989297893885332e-05,0.15406373205664203,3.115351301653413e-05,0.18462179989612162,0.326,0.848,0.032,0.032,0.636,0.0,0.0,3.068338937997195e-05,2.07597222132378e-05,0.47870079633708734
project,400,0.2,1.0,1.0,500,"[20260825, 201]",-1.7670506613041779,3,18.61095421557794,18.58000010314128,0.9186788058559103,15.788200646818416,20.93338017636292,0.0,0.0,1.0,0.992,0.0,0.46269560183360864,7.118700070062415e-05,0.1499539820250734,2.5836700279507516e-05,0.0,1.0,0.4640349156876671,0.00011236954912882152,0.1501959132761873,3.173944362391211e-05,0.24354149548557005,0.0,0.462707303539274,7.13001235438189e-05,0.14995585608380427,2.5809801778830008e-05,0.022746740554716163,0.996,0.462707303539274,7.13001235438189e-05,0.14995585608380427,2.5809801778830008e-05,0.022746740554716163,0.996,0.46270797263399915,7.150505837148312e-05,0.14995600075679846,2.5833463818988684e-05,0.022325178058198433,0.996,0.4631383571708629,9.148685373405076e-05,0.15003469608587666,2.8706047857954296e-05,0.13959970403756564,0.676,0.024,0.0,0.0,0.004,0.0,0.0,6.690947251823953e-07,1.2316030171795535e-05,0.46269560183360864
project,400,0.2,1.0,1.25,500,"[20260825, 202]",-1.5067987346554537,3,23.693844168113674,23.684247686960003,1.1648929087031261,20.19375115972946,27.64964695780564,1.4808652605071047,0.0,1.0,0.972,0.0,0.45219087074431136,7.756061547504481e-05,0.14711811415390655,2.9521371969980046e-05,0.0,1.0,0.45243513968438603,0.00012687867742665796,0.14714416921208437,3.578921828262287e-05,0.2917901683879706,0.0,0.4521939268521027,7.781305176634481e-05,0.14712063129593744,2.9839655678207082e-05,0.04754549129072468,0.988,0.4521939268521027,7.781305176634481e-05,0.14712063129593744,2.9839655678207082e-05,0.04754549129072468,0.988,0.4521896735097814,7.844285665530417e-05,0.14711617680666586,2.9637399476939915e-05,0.05015654503924533,0.984,0.4521272405867666,0.00010202559886340807,0.1470999823197596,3.248854985522486e-05,0.23975746818529328,0.486,0.66,0.006,0.006,0.394,0.0,0.0,-4.253342321226427e-06,1.0711051028571845e-05,0.45219087074431136
project,400,0.2,1.0,1.5,500,"[20260825, 203]",-1.3403534774864876,3,27.635662080611837,27.62862315770844,1.3156873966015743,23.59693003522904,31.42282697907644,6.908915520152959,0.0,1.0,0.916,0.0,0.44410319322109854,7.883679185153936e-05,0.14479147728846017,3.166320424633412e-05,0.0,1.0,0.44134536304541805,0.00012729910717035862,0.14422802382748945,3.666466138105098e-05,0.32238780738502654,0.0,0.44391482015770123,8.792051240846603e-05,0.1447569640545811,3.3235817510007805e-05,0.1276925032350266,0.946,0.44391482015770123,8.792051240846603e-05,0.1447569640545811,3.3235817510007805e-05,0.1276925032350266,0.946,0.44393447109412865,8.850179140143172e-05,0.14476306975168404,3.27600346424291e-05,0.12345475264051932,0.952,0.4418594963506057,0.00012073448995379586,0.14433841688336563,3.6293817179281775e-05,0.33249823343655666,0.206,0.928,0.052,0.052,0.768,0.0,0.0,1.965093642748117e-05,5.150656055918747e-05,0.44134536304541805
project,400,0.2,1.0,2.0,500,"[20260825, 204]",-1.14389674484319,3,32.68675713715057,32.73937276602497,1.5985471956763955,27.62499926065928,37.54068021651044,32.68675713715057,0.0,1.0,0.716,0.0,0.43235587061009356,7.039879051712061e-05,0.14119916008618633,3.502433638931262e-05,0.0,1.0,0.4212589301247377,0.00011467338880714321,0.13878013895961538,3.5209730409677946e-05,0.38917308913293797,0.0,0.4299351691097063,0.00021111692427466,0.1406775739600884,5.642730811589193e-05,0.30901272584066186,0.77,0.4299351691097063,0.00021111692427466,0.1406775739600884,5.642730811589193e-05,0.30901272584066186,0.77,0.43009300191033184,0.0002088416470815692,0.14072940874199713,5.713731296021678e-05,0.31594884064972756,0.788,0.4215730147468995,0.000128509701637625,0.1388589558592704,3.8472484034331524e-05,0.4014465219197134,0.012,0.996,0.23,0.23,0.984,0.0,0.0,0.0001578328006255315,0.00023586796314275805,0.4212589301247377
project,400,0.2,2.0,0.7,500,"[20260825, 205]",-2.7980161007021005,3,18.095570585945335,18.0958817354779,0.7709215941996153,15.832294183069576,20.530064764921306,1.6286013527350807,0.0,1.0,0.912,0.0,0.44905347678264973,8.094787000463028e-05,0.14597293108558052,4.305215909493548e-05,0.0,1.0,0.4458912656907214,0.00013116760861364203,0.14545364085280174,3.851336750572859e-05,0.15956665640469073,0.0,0.4488808038333334,8.815474313984301e-05,0.14593743661952052,4.270932555306894e-05,0.09170143598704943,0.948,0.4488808038333334,8.815474313984301e-05,0.14593743661952052,4.270932555306894e-05,0.09170143598704943,0.948,0.44879886201981434,9.451209614242398e-05,0.14591872403228262,4.3126702037091695e-05,0.1088945156242965,0.924,0.44639300223647854,0.0001263380687527724,0.14553326907647854,3.990588251119138e-05,0.1715103565110694,0.214,0.936,0.048,0.048,0.768,0.0,0.0,-8.194181351903628e-05,5.640768913396576e-05,0.4458912656907214
project,400,0.2,2.0,1.0,500,"[20260825, 206]",-2.28779348968638,3,29.099251605398745,29.08998606023099,1.2481951214448017,25.299109953165804,33.63303898069883,0.0,0.0,1.0,0.994,0.0,0.4200250362910452,8.843137214435405e-05,0.13857438306465744,3.543804952396882e-05,0.0,1.0,0.42131216655703924,0.00013143690136462432,0.13882425679668825,4.152003148739983e-05,0.19447360255147333,0.0,0.4200250362910452,8.843137214435405e-05,0.13857438306465744,3.543804952396882e-05,0.0,1.0,0.4200250362910452,8.843137214435405e-05,0.13857438306465744,3.543804952396882e-05,0.0,1.0,0.42004521698014036,8.907143775883076e-05,0.1385781723471226,3.550894003378646e-05,0.02415935123157338,0.994,0.42047592352932533,0.00011084193769525925,0.13866702933903888,3.811864715316185e-05,0.11732497249224176,0.712,0.034,0.0,0.0,0.008,0.0,0.0,2.0180689095186443e-05,1.2089973053150991e-05,0.4200250362910452
project,400,0.2,2.0,1.25,500,"[20260825, 207]",-2.06951304393189,3,35.50992724150609,35.53727790556658,1.453982959513642,31.179258164395705,39.41161272743238,2.2193704525941307,0.0,1.0,0.962,0.0,0.40422365866083226,7.481424132865165e-05,0.1339680600745767,3.310527898288642e-05,0.0,1.0,0.4038949849620717,0.00012228039684735148,0.13389512244335933,3.89986970905948e-05,0.24295459021382196,0.0,0.4041972374479104,7.527215364528562e-05,0.1339665803620863,3.330031907167464e-05,0.06864546290930468,0.972,0.4041972374479104,7.527215364528562e-05,0.1339665803620863,3.330031907167464e-05,0.06864546290930468,0.972,0.4041961360319019,7.407947064004521e-05,0.1339688431705364,3.3660825370325145e-05,0.06669719111349927,0.974,0.4038138032604642,9.959627125901277e-05,0.1338940383481138,3.596065757104332e-05,0.22062346720363343,0.404,0.738,0.026,0.026,0.498,0.0,0.0,-1.1014160085196511e-06,1.1266901179625673e-05,0.4038949849620717
project,400,0.2,2.0,1.5,500,"[20260825, 208]",-1.933992773298046,3,40.10840079873671,39.98868065401771,1.653018997881282,34.896192429915466,45.15346059578339,10.027100199684178,0.0,1.0,0.85,0.0,0.392821673505353,7.113349908653463e-05,0.1303846474455068,3.884847717452332e-05,0.0,1.0,0.3882546955114934,0.00010701568271408368,0.12931571127447627,3.412523446615088e-05,0.26579719081674985,0.0,0.3922608181089184,0.00010630586518830715,0.13026833811251992,4.2852021516632066e-05,0.15075647377119858,0.9,0.3922608181089184,0.00010630586518830715,0.13026833811251992,4.2852021516632066e-05,0.15075647377119858,0.9,0.39234726961455485,0.0001032562626709044,0.13028138479058135,4.229431865833356e-05,0.15741329229758946,0.91,0.38870016192647594,0.00011348156693235662,0.129442723123,3.81688068936373e-05,0.2803964595273352,0.092,0.956,0.1,0.1,0.892,0.0,0.0,8.645150563644655e-05,9.473342593548979e-05,0.3882546955114934
project,400,0.2,2.0,2.0,500,"[20260825, 209]",-1.7793643819034308,3,45.67393713267491,45.66175898229331,1.955182574738765,39.64491851548464,51.74443930161742,45.67393713267491,0.0,1.0,0.586,0.0,0.37770322893874014,7.97204270254587e-05,0.12503645065467264,4.902420994034834e-05,0.0,1.0,0.3622280984882871,0.00015394636205038137,0.12127360934343528,4.599175456473606e-05,0.3422902893803094,0.0,0.37181893605368793,0.00033977315718981566,0.12363797310105293,9.481820696879585e-05,0.37464117804238584,0.6,0.37181893605368793,0.00033977315718981566,0.12363797310105293,9.481820696879585e-05,0.37464117804238584,0.6,0.3720154097939742,0.0003340856296977792,0.12367319838312837,9.099850537051536e-05,0.3637733897675295,0.608,0.3623614509260309,0.00015151301228270427,0.1213194540565692,4.738147926466187e-05,0.347120500481804,0.0,0.996,0.398,0.398,0.998,0.0,0.0,0.00019647374028618648,0.00039196844614239725,0.3622280984882871
project,400,0.5,0.5,0.7,500,"[20260825, 210]",-0.5562295204540288,3,21.786375735531447,21.8019010510992,1.5138187198021211,17.692679932105282,25.74755124180328,1.9607738161978308,0.0,1.0,0.852,0.0,0.6750495696977703,8.25877478294508e-05,0.24093202610456785,3.786793409332509e-05,0.0,1.0,0.6731823414093641,0.00011673437938805687,0.24027219067096753,5.171561002116246e-05,0.18466398450219082,0.0,0.674711934603924,9.39366579864602e-05,0.24081608676051028,4.193203927659963e-05,0.14874297579662893,0.852,0.674711934603924,9.39366579864602e-05,0.24081608676051028,4.193203927659963e-05,0.14874297579662893,0.852,0.6747167591833708,9.237824867010528e-05,0.2408139534393879,4.1084257717844104e-05,0.14258148849596378,0.86,0.6734801477955363,0.00010380530992294636,0.24036856419701746,4.6427754654987495e-05,0.18190268452356623,0.274,0.874,0.142,0.142,0.694,0.0,0.0,4.824579447049171e-06,4.888217123388213e-05,0.6731823414093641
project,400,0.5,0.5,1.0,500,"[20260825, 211]",-0.4134940666589879,3,24.24985917866478,24.174507026406495,1.7189873818093224,18.995584201277126,29.691422666171032,0.0,0.0,1.0,0.96,0.0,0.653823183962204,7.165440343492982e-05,0.23139154499981857,3.363888176456225e-05,0.0,1.0,0.6552049559594705,0.00011438803574855237,0.23190806181091833,4.701939386282716e-05,0.21439097781091962,0.0,0.6538924813226944,7.374233612776549e-05,0.23141941345120587,3.431626008205268e-05,0.04603765053279494,0.97,0.6538924813226944,7.374233612776549e-05,0.23141941345120587,3.431626008205268e-05,0.04603765053279494,0.97,0.6539074588621817,7.764294297372669e-05,0.23142465697086,3.57259365304591e-05,0.05136140676175677,0.974,0.6542922332260929,9.462345144079892e-05,0.2315657132136522,4.080039467517737e-05,0.12430067234808712,0.664,0.02,0.0,0.0,0.006,0.0,0.0,1.4977539487275093e-05,2.409763630557544e-05,0.653823183962204
project,400,0.5,0.5,1.25,500,"[20260825, 212]",-0.3514573112771153,3,25.381625920814958,25.36849554894476,1.7670916796653289,19.935563235129127,31.252655516540102,1.5863516200509349,0.0,1.0,0.908,0.0,0.6390844017876142,7.92791589887106e-05,0.22465429537733067,3.877553780407252e-05,0.0,1.0,0.638738491624267,0.00011702625325569041,0.22445595181069575,4.722001735840637e-05,0.22844950295916186,0.0,0.6390399290009154,7.949896689687797e-05,0.22463375977140757,3.868026588010266e-05,0.07618920179558403,0.96,0.6390399290009154,7.949896689687797e-05,0.22463375977140757,3.868026588010266e-05,0.07618920179558403,0.96,0.6390449220960162,8.350135129653536e-05,0.2246312572732114,3.901135615046803e-05,0.10099293944885711,0.94,0.6386176816491886,9.658506030491313e-05,0.22443823423566278,4.168111615185873e-05,0.20226169526158194,0.396,0.722,0.04,0.04,0.516,0.0,0.0,4.993095100692901e-06,3.225816566451117e-05,0.638738491624267
project,400,0.5,0.5,1.5,500,"[20260825, 213]",-0.31311678010205346,3,26.121588082320347,26.090266866393296,1.8553618047045926,20.710092778188283,31.01186644067381,6.530397020580087,0.0,1.0,0.786,0.0,0.6261134953982971,7.349253312440459e-05,0.21863484123573354,3.655932604504085e-05,0.0,1.0,0.6211942564989993,0.0001099302675526747,0.21668770715273616,4.3374359119745214e-05,0.23960445251329127,0.0,0.625258840212168,0.0001201249476520983,0.2183025387854166,5.1257394687356745e-05,0.18486583353461514,0.848,0.625258840212168,0.0001201249476520983,0.2183025387854166,5.1257394687356745e-05,0.18486583353461514,0.848,0.6253108915452683,0.00011288064832564876,0.21832325566775046,4.892409269720095e-05,0.16850418851507215,0.86,0.6217935425506705,0.00012198538239402898,0.21693859218404254,4.975535236260296e-05,0.26132410190887695,0.112,0.978,0.148,0.148,0.878,0.0,0.0,5.205133310042087e-05,0.00011929306227352069,0.6211942564989993
project,400,0.5,0.5,2.0,500,"[20260825, 214]",-0.27085934328121364,3,26.944587803245753,26.97366121144956,1.9034764895332792,21.923579435115347,33.37311220004729,26.944587803245753,0.0,1.0,0.564,0.0,0.6052455695517197,7.35833881469694e-05,0.20881290829649168,3.687668894589694e-05,0.0,1.0,0.5858176076930895,0.00010653792774594647,0.20136634056535427,3.9491326663653516e-05,0.2702292587694997,0.0,0.5946229031548826,0.00041861991751480535,0.2047474614236877,0.0001610421499761966,0.38795883424332334,0.426,0.5946229031548826,0.00041861991751480535,0.2047474614236877,0.0001610421499761966,0.38795883424332334,0.426,0.5954159133969416,0.00042083987121496286,0.20504619959138437,0.0001616377220332534,0.3793344637680568,0.466,0.5859779627067134,0.00011525642574739987,0.20144063420586708,4.388388757352213e-05,0.2798152809403095,0.0,1.0,0.574,0.574,1.0,0.0,0.0,0.0007930102420587952,0.0004908809993118265,0.5858176076930895
project,400,0.5,1.0,0.7,500,"[20260825, 215]",-0.6528986815334421,3,48.867738425077015,48.90427446851143,2.577299252779796,40.53752289781031,56.07623733977347,4.398096458256933,0.0,1.0,0.772,0.0,0.6344833021123351,8.019605809662807e-05,0.22162613943572448,3.31844320106037e-05,0.0,1.0,0.6282806555173697,0.00011455979756547422,0.21979974159268495,4.444209410452249e-05,0.11873160065726665,0.0,0.6330816017323277,0.00015124456569361655,0.22121396533800952,5.1177317918527084e-05,0.14651984632214543,0.792,0.6330816017323277,0.00015124456569361655,0.22121396533800952,5.1177317918527084e-05,0.14651984632214543,0.792,0.6331456758695785,0.00014508430255033328,0.2212377666287835,4.917616876812041e-05,0.1456490155916283,0.8,0.6290196581221751,0.00014060114227651123,0.2200084581308703,4.987632158953742e-05,0.13742669289617832,0.112,0.98,0.206,0.206,0.882,0.0,0.0,6.407413725068456e-05,0.00015052641169763868,0.6282806555173697
project,400,0.5,1.0,1.0,500,"[20260825, 216]",-0.5417186865624273,3,53.21952510813135,53.279261313170494,2.685045496524685,44.27424631175401,61.022500055420394,0.0,0.0,1.0,0.992,0.0,0.584499908120435,7.63184204362043e-05,0.20095051813006853,3.2772482595389524e-05,0.0,1.0,0.5858295558836528,0.00010850874529834471,0.2013689692211385,4.104881296661368e-05,0.1418189984429331,0.0,0.5845245305547723,7.834819939765524e-05,0.20095893453489827,3.332540080014422e-05,0.018071031542639473,0.996,0.5845245305547723,7.834819939765524e-05,0.20095893453489827,3.332540080014422e-05,0.018071031542639473,0.996,0.5845131327882367,7.669531653696395e-05,0.20095450886824176,3.2828527675389886e-05,0.014516805928059706,0.996,0.5849315380673122,9.001910353759131e-05,0.20108779289209344,3.624021287053119e-05,0.08039153494169529,0.648,0.02,0.0,0.0,0.006,0.0,0.0,-1.1397766535521158e-05,2.053682601724822e-05,0.584499908120435
project,400,0.5,1.0,1.25,500,"[20260825, 217]",-0.5006514993098714,3,54.77813189470612,54.646487203433296,2.796311284926693,45.499336890341304,63.258653528980844,3.4236332434191326,0.0,1.0,0.904,0.0,0.5530700774767031,6.618269235233833e-05,0.1874147763621293,3.0346549256792162e-05,0.0,1.0,0.5509309468961103,0.00010489723644592041,0.18665478502767144,3.59028195025683e-05,0.1600414894071484,0.0,0.552904360865922,7.361958251367178e-05,0.18735349866573897,3.198693125855036e-05,0.09938840697211615,0.93,0.552904360865922,7.361958251367178e-05,0.18735349866573897,3.198693125855036e-05,0.09938840697211615,0.93,0.5529329276798445,7.278697868409216e-05,0.18736741278088073,3.2090219662615076e-05,0.08932902064833265,0.942,0.5512444639946328,9.94838505045594e-05,0.18678481468702152,3.663624307952699e-05,0.1691240433260402,0.238,0.88,0.066,0.066,0.728,0.0,0.0,2.856681392266225e-05,3.9740026635921844e-05,0.5509309468961103
project,400,0.5,1.0,1.5,500,"[20260825, 218]",-0.47940359392504506,3,55.70979677522448,55.76450203051684,2.8991638730958886,48.43299271884115,65.20514783231735,13.92744919380612,0.0,1.0,0.668,0.0,0.5285092600905789,8.07125773377884e-05,0.17658292926256372,3.7718361199789276e-05,0.0,1.0,0.5177342238680489,0.00012115166228246778,0.17301630984838906,4.080520262557373e-05,0.17598054066815205,0.0,0.5256087198355569,0.00023500931751333425,0.17563203701701655,8.021524408743098e-05,0.21680443080745873,0.748,0.5256087198355569,0.00023500931751333425,0.17563203701701655,8.021524408743098e-05,0.21680443080745873,0.748,0.5255420266768548,0.0002364228975609144,0.17561117508201302,8.031750618957166e-05,0.22137386010234636,0.744,0.5180849478980313,0.00013554895092886705,0.17314792213709818,4.669352679268207e-05,0.18859012596984667,0.016,0.998,0.252,0.252,0.984,0.0,0.0,-6.669315870219506e-05,0.0002980808534392171,0.5177342238680489
project,400,0.5,1.0,2.0,500,"[20260825, 219]",-0.46261150412711916,3,56.033485664022834,56.0636686766542,2.750169642277646,47.40156441930054,64.89832963811838,56.033485664022834,0.0,1.0,0.632,0.0,0.4922786719802813,7.604906060669107e-05,0.16029490520221593,3.750532503918887e-05,0.0,1.0,0.4565083720886462,0.00012580530554275466,0.14866743498392504,3.727358656130892e-05,0.22934062708723107,0.0,0.4652234638536447,0.0006679731022829293,0.15152301882738964,0.00021817746539037067,0.34828544644086784,0.226,0.4652234638536447,0.0006679731022829293,0.15152301882738964,0.00021817746539037067,0.34828544644086784,0.226,0.46434070794208837,0.0006340189478847904,0.15123114064682464,0.00020617007248326525,0.3313633173754464,0.2,0.4565471947087085,0.00012462413472432354,0.14869376571563941,3.8243241800284425e-05,0.23100383065634972,0.0,1.0,0.774,0.774,1.0,0.0,0.0,-0.0008827559115563196,0.000809144342740259,0.4565083720886462
project,400,0.5,2.0,0.7,500,"[20260825, 220]",-0.9726227905201128,3,84.48018886458746,84.42520897519512,3.50322740518642,73.25052177830175,94.82521391053567,7.603216997812874,0.0,1.0,0.712,0.0,0.5431927916068217,9.50902913826333e-05,0.1812327772303609,2.8988405183070643e-05,0.0,1.0,0.5309485141154143,0.00011902486120646773,0.17840388697425777,3.9912271432176824e-05,0.08631670683026779,0.0,0.5399581656923687,0.00026762072670364907,0.18049028283856164,6.579322547051255e-05,0.1545299139660863,0.74,0.5399581656923687,0.00026762072670364907,0.18049028283856164,6.579322547051255e-05,0.1545299139660863,0.74,0.5395449948591454,0.00027930740473499423,0.18039271812097368,6.83678007903438e-05,0.1601392517852401,0.708,0.5315657900462927,0.00015697430009493072,0.1785392703160084,4.5953817997902634e-05,0.10144612010006039,0.018,1.0,0.26,0.26,0.982,0.0,0.0,-0.00041317083322321046,0.0003125818391818116,0.5309485141154143
project,400,0.5,2.0,1.0,500,"[20260825, 221]",-0.9252230082542383,3,86.6537977573085,86.66667831124686,3.677809789918282,75.89002792124246,97.78822507853405,0.0,0.0,1.0,0.996,0.0,0.45495237938242644,8.517918222017567e-05,0.1482611739782799,2.8533318722016826e-05,0.0,1.0,0.4561731819726987,0.00012059329755092588,0.1485563248940772,3.463222702786354e-05,0.10623245490398116,0.0,0.4549693741550756,8.693709778674212e-05,0.148264356330446,2.872284371670175e-05,0.013044945153120742,0.998,0.4549693741550756,8.693709778674212e-05,0.148264356330446,2.872284371670175e-05,0.013044945153120742,0.998,0.454963038860228,8.571188262207205e-05,0.1482633104272836,2.8585539260352262e-05,0.010300030365022065,0.998,0.45537857599926007,0.00010274973524084653,0.14836135253258045,3.15354143386792e-05,0.06220122022461129,0.728,0.022,0.0,0.0,0.006,0.0,0.0,-6.335294847631956e-06,2.0079164279296186e-05,0.45495237938242644
project,400,0.5,2.0,1.25,500,"[20260825, 222]",-0.9186285232061429,3,87.129827269438,86.93241877548307,3.6589783541563827,77.11745024297605,98.2082722495475,5.445614204339875,0.0,1.0,0.908,0.0,0.40637904294069893,9.364316011488288e-05,0.12924017748488692,3.4917393418509844e-05,0.0,1.0,0.40228524500541335,0.00012874583002771072,0.12810138232330592,3.7315940238487184e-05,0.12301597721730856,0.0,0.40618802764940243,0.00010197319949494965,0.12918474837798008,3.656814829438532e-05,0.06998960050431383,0.956,0.40618802764940243,0.00010197319949494965,0.12918474837798008,3.656814829438532e-05,0.06998960050431383,0.956,0.4060828577499757,0.00010845595146963816,0.12915598724219263,3.801667791623279e-05,0.09091589446395067,0.928,0.402705475141978,0.0001291205874750959,0.12823396081289212,3.8905808346461003e-05,0.13366369870365957,0.116,0.974,0.042,0.042,0.878,0.0,0.0,-0.00010516989942673094,6.372424755250127e-05,0.40228524500541335
project,400,0.5,2.0,1.5,500,"[20260825, 223]",-0.920720315453506,3,87.2082388295629,87.0695130373005,3.642636212394024,77.8864296876853,98.93006883816535,21.802059707390725,0.0,1.0,0.662,0.0,0.3713592259606711,6.792221341802292e-05,0.11530811835583421,3.184315541223352e-05,0.0,1.0,0.3551837396773284,0.00012592996339295113,0.1109838463864034,2.916901532013694e-05,0.15282247360434978,0.0,0.36586628697633045,0.00036249088506730247,0.11385400764200601,9.861191814566671e-05,0.23860716885657346,0.674,0.36586628697633045,0.00036249088506730247,0.11385400764200601,9.861191814566671e-05,0.23860716885657346,0.674,0.3661179523490138,0.00035855763966804744,0.11391229448093394,9.744284047102347e-05,0.23641330045687659,0.686,0.3553820241399725,0.00012860943448490152,0.11104975224553272,3.187650906738148e-05,0.15791775987376921,0.0,0.998,0.326,0.326,0.998,0.0,0.0,0.00025166537268335166,0.000436239609672886,0.3551837396773284
project,400,0.5,2.0,2.0,500,"[20260825, 224]",-0.9294694599534736,3,86.7118767347994,86.80035019048091,3.887043173167407,75.74773812975664,96.97226718612936,86.7118767347994,0.0,1.0,0.77,0.0,0.32630979832855395,4.8697845263050096e-05,0.09731777487802026,3.8228616187090393e-05,0.0,1.0,0.27920441948220653,0.00012989918385582016,0.08499540414649562,2.6953021217500346e-05,0.2152457181685007,0.0,0.2862288009287446,0.0007187443759974791,0.08688860618126429,0.00018901630164428588,0.2977526281537802,0.136,0.2862288009287446,0.0007187443759974791,0.08688860618126429,0.00018901630164428588,0.2977526281537802,0.136,0.2843792966672732,0.0006137101111134886,0.0864115860680044,0.0001628453908090298,0.2618720530566066,0.094,0.27918007548708024,0.00012340161484455486,0.08500693601217449,2.725450776138598e-05,0.21415761614653403,0.0,1.0,0.864,0.864,1.0,0.0,0.0,-0.0018495042614714503,0.0008629377657358211,0.27920441948220653
