law,n,prev,sd_eta,b0,reps,seed,m_eta,folds,n_eff_mean,n_eff_median,n_eff_sd,n_eff_min,n_eff_max,S,one_class_share,same_penalty_CD,same_penalty_CDind,ml_nonconvergence_share,LL_A,LLse_A,BR_A,BRse_A,sdb_A,fix_share_A,LL_B,LLse_B,BR_B,BRse_B,sdb_B,fix_share_B,LL_C,LLse_C,BR_C,BRse_C,sdb_C,fix_share_C,LL_D,LLse_D,BR_D,BRse_D,sdb_D,fix_share_D,LL_Dind,LLse_Dind,BR_Dind,BRse_Dind,sdb_Dind,fix_share_Dind,LL_E,LLse_E,BR_E,BRse_E,sdb_E,fix_share_E,rep_beats_A_B,rep_beats_A_C,rep_beats_A_D,rep_beats_A_E,LL_D_minus_C,LL_D_minus_C_se,LL_Dind_minus_C,LL_Dind_minus_C_se,LL_oracle
normal,25,0.05,0.5,0.7,500,"[20260825, 0]",-4.3258707416264475,3,0.08525818325810305,0.07925194113581532,0.03444460597038768,0.027520809032900544,0.27489960158292714,0.007673236493229277,0.286,0.998,0.994,0.714,0.3449845895038496,0.009816920715082465,0.049631742401184335,0.00015790199631346294,0.0,1.0,0.35163748562761676,0.009629328882446308,0.049543756627129114,0.00013389136406290048,1.4525489841573256,0.0,0.3450534840194129,0.009815277085043709,0.049645835897452445,0.00015862780484765933,0.07323157792117058,0.998,0.3450095153583286,0.009816270262524502,0.04963459178503381,0.00015794761741631458,0.03640592025907271,0.998,0.3450602264078567,0.00981519254777008,0.049630126340736734,0.0001579897572149705,0.0871129468763515,0.992,0.34509009104990196,0.009814896568919419,0.04962651000832349,0.00015879679137600352,0.113076179379374,0.97,0.226,0.0,0.0,0.014,-4.396866108428038e-05,4.396866108428038e-05,6.742388443780445e-06,5.5833567659890494e-05,0.3449845895038496
normal,25,0.05,0.5,1.0,500,"[20260825, 1]",-3.087946961997922,3,0.2933508496133034,0.26808577506111647,0.12266246197850639,0.10051516581869442,1.006574806629683,0.0,0.25,0.998,0.988,0.54,0.3232592678834156,0.009515964278973612,0.04885135603597729,0.0001479953217631185,0.0,1.0,0.3293107586607993,0.00939659960056074,0.049072624380118855,0.00013733072594856384,1.6721498593322803,0.0,0.3232907141920133,0.009515680762878368,0.04886386405205282,0.000153691236143983,0.06276074002774125,0.992,0.3232914596011852,0.009515665950501288,0.048864467720427754,0.00015373495637505293,0.06271596932513825,0.994,0.3230795332873511,0.00951812611443705,0.04879463343890544,0.00013368584088514315,0.0968554108461674,0.994,0.32368496642002526,0.009505972309105182,0.04888407226273551,0.00014746212872981983,0.26248138191235854,0.95,0.458,0.002,0.0,0.01,7.454091719301114e-07,7.454091719301114e-07,-0.00021118090466215405,0.0002551197861983166,0.3232592678834156
normal,25,0.05,0.5,1.25,500,"[20260825, 2]",-2.522696094161743,3,0.4933087362908727,0.4552647975153879,0.19509377726837845,0.1266676404302351,1.3052833593966127,0.030831796018179543,0.264,1.0,0.98,0.41,0.3277618583882721,0.009747644013387425,0.048509643494098795,0.00013345646591569898,0.0,1.0,0.3468201272410801,0.009517981031760436,0.050397275558506906,0.00018247278603697743,2.903680965326619,0.0,0.3281446284442108,0.009739866995206426,0.04860841219572287,0.00014290655027267448,0.23754507991102528,0.986,0.3281446284442108,0.009739866995206426,0.04860841219572287,0.00014290655027267448,0.23754507991102528,0.986,0.3280194348253266,0.009742605711790031,0.04859234531858489,0.0001440270277039536,0.19963782400538022,0.986,0.3290719352226905,0.009718488000645729,0.048704476787890964,0.00013901119677239558,0.4285934334713304,0.91,0.366,0.002,0.002,0.018,0.0,0.0,-0.00012519361888419238,0.00018944715812056629,0.3277618583882721
normal,25,0.05,0.5,1.5,500,"[20260825, 3]",-2.154955254404358,3,0.6996614681732963,0.6575709735580669,0.2505595705020219,0.221282902054673,2.057775811589313,0.17491536704332408,0.276,0.994,0.97,0.37,0.33281084138774225,0.009913146541611755,0.04845443122965057,0.00014640817089392133,0.0,1.0,0.37331057050889377,0.009716400392955994,0.053421466967880644,0.0005232845271667721,3.7955845793119147,0.0,0.3346810347940288,0.00988923521751524,0.04887764663428545,0.00021607800249307123,0.49220907817746745,0.974,0.3346732579075628,0.00988766248226778,0.04889097736078436,0.000214971249180408,0.49069495524826495,0.976,0.33381843293895497,0.00989880701097756,0.04870217325198031,0.00018541414374808346,0.3514848073973511,0.984,0.3375310794625635,0.009890653431941364,0.04947142269450021,0.0002611689264083382,0.7693468615184927,0.834,0.392,0.002,0.0,0.04,-7.77688646600122e-06,0.000279220915471554,-0.0008626018550738377,0.0007857891050334176,0.33281084138774225
normal,25,0.05,0.5,2.0,500,"[20260825, 4]",-1.7143274073490882,3,1.0189688571878064,0.9691487617487069,0.36242898506637145,0.33167676174037547,2.5070589136991055,1.0189688571878064,0.29,0.992,0.962,0.406,0.3358053292078862,0.010174913657092688,0.047864812330709994,0.00013691665060331086,0.0,1.0,0.4207383816980557,0.010654987518595971,0.055392763835061816,0.000712746648637072,6.069095244083753,0.0,0.33707322322848277,0.010162445389161359,0.04826148973871093,0.00021850180964300684,0.43034058582328133,0.96,0.3373196144362522,0.010158829499316444,0.04831057278021291,0.00022692214950500062,0.46803287122408904,0.962,0.3367919463140528,0.010163990317638944,0.04817381619994936,0.00020748837799223715,0.40915078703537394,0.968,0.34492029031476956,0.010150673617642582,0.04960449059558449,0.00039081255257012316,1.2286774437057884,0.822,0.504,0.02,0.014,0.068,0.00024639120776940644,0.0001818414299152359,-0.0002812769144300785,0.0006642354474959842,0.3358053292078862
normal,25,0.05,1.0,0.7,500,"[20260825, 5]",-4.5702985313936075,3,0.3584028206833469,0.30010496023484196,0.23329173525995717,0.07812461517594106,1.8600175211683063,0.03225625386150123,0.298,0.996,0.968,0.54,0.346496781286502,0.010076774222947806,0.05001891512552893,0.0002897480909044357,0.0,1.0,0.36070830574596674,0.00982780453757104,0.05005645304603316,0.00025835237315865794,1.6859683808073533,0.0,0.3470526808078196,0.010063516562519623,0.05003253976451775,0.00029083890853524966,0.14978251516017896,0.976,0.3471179041195831,0.010063021118655448,0.05005822148434883,0.0002956525162184492,0.1788145612463062,0.976,0.34734747261607013,0.010057395962069606,0.05013815259528856,0.00029305124565008004,0.1762629219647471,0.976,0.34900972654424084,0.010021024592973422,0.05017107640417522,0.0002905902355268001,0.4057355851605131,0.814,0.496,0.006,0.006,0.082,6.522331176352347e-05,7.496465296485811e-05,0.0002947918082505822,0.0003169235930388992,0.346496781286502
normal,25,0.05,1.0,1.0,500,"[20260825, 6]",-3.4286548146981763,3,1.0384201764260137,0.8740628056242445,0.620380053863806,0.22018635723775598,4.5573355639981585,0.0,0.26,0.994,0.974,0.396,0.3163996721998154,0.0099532530027722,0.047672508543950824,0.00018942411521342349,0.0,1.0,0.35690408473838886,0.009852322621050883,0.05004443931687439,0.00025976740386353934,3.8816038288112615,0.0,0.3171187126939325,0.00994564338593271,0.047763220279117044,0.00019664767627692356,0.17472084732521084,0.982,0.3170213684258107,0.009947627271959962,0.04775492702001442,0.0001959454338294841,0.16143761800466652,0.984,0.31734599240880873,0.009943122715632809,0.04779538688645368,0.00020125175995001552,0.19869751693533882,0.984,0.31924483287757094,0.009891132399282066,0.04804211733236994,0.0001992609378609765,0.33410445868700306,0.864,0.362,0.002,0.002,0.016,-9.734426812183666e-05,0.00010071258632665252,0.00022727971487626042,0.000655447278842034,0.3163996721998154
normal,25,0.05,1.0,1.25,500,"[20260825, 7]",-2.93543695923504,3,1.6359082042443724,1.3922431270150515,0.8586051304181278,0.31963188339155174,5.1042003343335045,0.10224426276527328,0.276,0.998,0.978,0.396,0.3168402029464741,0.010352774469672076,0.046087649109012585,0.00018823217154274727,0.0,1.0,0.38736223379390916,0.010476984901920864,0.05104614949565833,0.00044557794881568147,5.615906571569247,0.0,0.3183844873926309,0.010370983766680282,0.046292057081485594,0.00023017751460996798,0.26350981405239243,0.982,0.3181835135042189,0.010372048092463754,0.04628925228872419,0.00023011650072965874,0.208930707927684,0.982,0.3194847817903855,0.010380337718475983,0.04643648078996337,0.0002584599993010192,0.27472750847685423,0.982,0.3202364999193112,0.010304551514836243,0.04666201704444035,0.000224267924990136,0.3487308393616076,0.876,0.398,0.002,0.002,0.018,-0.00020097388841203124,0.0002009738884120312,0.0011002943977545432,0.0008922070206418281,0.3168402029464741
normal,25,0.05,1.0,1.5,500,"[20260825, 8]",-2.6303738883853205,3,2.0214378517497527,1.7474599187309363,1.0168503720907858,0.5264424566702574,6.558141059584409,0.5053594629374382,0.23,0.992,0.962,0.442,0.28536031263458006,0.009936938023821201,0.04412578781153144,0.0001987894889442336,0.0,1.0,0.41226329373047904,0.011043384375917778,0.05148034711661185,0.0006508582265068133,7.7767194739997585,0.0,0.2903926722530377,0.01011758522959405,0.044670718991130516,0.00033995878451366276,0.5550933766895871,0.964,0.2880791494405206,0.00993913124221947,0.04446621310083814,0.00023264663326754478,0.4383018917876619,0.966,0.28770854937316936,0.009947558145655344,0.04444656659586917,0.0002420242707783578,0.39154703570086463,0.958,0.29220921760450974,0.010081852045104976,0.045255732869165316,0.0003801199194850885,0.44756684518425816,0.886,0.402,0.008,0.006,0.018,-0.0023135228125172338,0.0018900623614089252,-0.0026841228798684166,0.0019576552173378656,0.28536031263458006
normal,25,0.05,1.0,2.0,500,"[20260825, 9]",-2.2867119154145863,3,2.617237330282773,2.368232813556777,1.147538573456152,0.5897624732832967,6.45731121176654,2.617237330282773,0.264,0.984,0.944,0.532,0.2929552869848748,0.010680181631478169,0.04191198095402658,0.0002454386460909983,0.0,1.0,0.4074139499746129,0.010841796956320038,0.04647468277738641,0.0004738509405233299,8.488936670280749,0.0,0.29549084857101277,0.01066350491798533,0.042164473477993965,0.0002585470971137328,0.8541513629042143,0.93,0.2941191465840926,0.010667311699225298,0.042130906412357144,0.00025623431701767534,0.5429364642577453,0.93,0.29485056916494556,0.010674862108811719,0.04222968991157818,0.00028390963648848794,0.47661534674586487,0.946,0.2936012951959021,0.010687644278658185,0.04229721983151668,0.00028713955344030487,0.3444211160901384,0.874,0.522,0.038,0.038,0.088,-0.0013717019869201117,0.0006165208529229559,-0.0006402794060671428,0.00101554479730771,0.2929552869848748
normal,25,0.05,2.0,0.7,500,"[20260825, 10]",-5.473343871696933,3,1.0635683721310338,0.7491173601155805,0.9269330573911262,0.040891020682978965,4.474756720871851,0.09572115349179307,0.26,0.998,0.958,0.464,0.31712357321104123,0.01003950495636771,0.04880390281618939,0.00043558959577617493,0.0,1.0,0.37058431531443103,0.010267472383631822,0.04924384572367227,0.00044021197909910776,3.978890877821696,0.0,0.3177053309224816,0.010030470500633795,0.048761980507495396,0.00043106851300187286,0.1558235325841339,0.964,0.31740314897782423,0.010031423870366981,0.04875847893573403,0.00043106719695208657,0.11964034487785158,0.964,0.3175782406922094,0.010026681655353215,0.048791274156330916,0.0004269200111297113,0.13423343800537466,0.96,0.3198013002930944,0.010016603360293813,0.048890658345902054,0.0004239449695696595,0.3045482849716259,0.764,0.584,0.018,0.018,0.162,-0.000302181944657363,0.000302181944657363,-0.00012709023027212014,0.0006219533186889271,0.31712357321104123
normal,25,0.05,2.0,1.0,500,"[20260825, 11]",-4.573423830829173,3,2.0682345169651075,1.846888383835385,1.285870600908124,0.26284942532953587,5.948209930898766,0.0,0.302,0.994,0.976,0.552,0.30759326452582936,0.011325894175910858,0.041928088361061155,0.0003710514257429338,0.0,1.0,0.4134897964895016,0.010588270204258527,0.04582571250175816,0.00039053448588658677,6.513029926274267,0.0,0.3088886360720868,0.011323517579977647,0.042014853036672774,0.00038185761159310254,0.11434936333296773,0.974,0.30951484690734044,0.011325944761027908,0.04209653336683684,0.0003895372810596754,0.17181189898993027,0.976,0.3103622498687704,0.011314500623998183,0.042158650632184505,0.00039178454049391655,0.2104994987635493,0.972,0.3097783933237423,0.011274862455492788,0.04225324315182012,0.00036948405784913564,0.175451746490437,0.912,0.38,0.002,0.0,0.018,0.0006262108352536753,0.0004808867981723826,0.001473613796683675,0.0008816195682840657,0.30759326452582936
normal,25,0.05,2.0,1.25,500,"[20260825, 12]",-4.212240843450699,3,2.6469522712042814,2.4590637652435117,1.395536796939521,0.2737452202811709,6.41251354131209,0.1654345169502676,0.272,0.984,0.944,0.574,0.27651792496861854,0.011367533540174505,0.03772622447501431,0.0004165619536991934,0.0,1.0,0.4045705090085735,0.010610508113100147,0.043177091428077574,0.0004958035840377306,7.8456460359057445,0.0,0.28239928893763294,0.011351806613286006,0.03818856902843848,0.00044186511899460453,0.5896943985440966,0.942,0.2812734680922847,0.011356291491286277,0.038131395123228426,0.0004371979669436574,0.3883785687835999,0.944,0.2800609885001563,0.011367028307058108,0.03801055720551331,0.00043368172735338786,0.3571492038564927,0.956,0.2776499051844342,0.011343470749590192,0.037916937772517256,0.00041426553699376204,0.139580891416046,0.938,0.352,0.004,0.004,0.006,-0.0011258208453482146,0.0004509185330745767,-0.002338300437476569,0.0009219548746270049,0.27651792496861854
normal,25,0.05,2.0,1.5,500,"[20260825, 13]",-3.996928064001466,3,2.9449566820744,2.7431104481021302,1.4940867201439578,0.5091822928845294,6.953171303767146,0.7362391705186,0.272,0.962,0.93,0.656,0.2657061288850501,0.011647513164514072,0.03456037203594456,0.00045784021476892085,0.0,1.0,0.40299270801046,0.010378959701539108,0.04001650516877065,0.00050095381382481,8.743936477933905,0.0,0.2703606740283963,0.011585723619449892,0.03482958569140327,0.0004626505808982778,0.6908030524788678,0.918,0.26827290226234946,0.011617544680151446,0.03478395295129721,0.00046250001185239083,0.41509432558211,0.92,0.2685640249903951,0.011614302126166017,0.034801171744289074,0.00046230248049175006,0.4360159405778562,0.924,0.2665025850411779,0.011631841617009846,0.03468481453081813,0.00045753982530206364,0.3014876378010954,0.976,0.416,0.024,0.03,0.0,-0.0020877717660468236,0.0005370407420795776,-0.001796649038001194,0.0005672934705437658,0.2657061288850501
normal,25,0.05,2.0,2.0,500,"[20260825, 14]",-3.7595591506239066,3,3.3619606487976963,3.3464571838320136,1.523699885910271,0.43548922675014184,7.642956244451967,3.3619606487976963,0.274,0.962,0.894,0.782,0.2569026828996363,0.011943733575582899,0.031477034336756686,0.0005308986171543134,0.0,1.0,0.39476491829279076,0.010123104257571998,0.035817401093933755,0.000543940315216345,9.593630579827616,0.0,0.2577248703106745,0.01193019846246577,0.031461125834658744,0.0005324849825250098,0.8312155847199648,0.904,0.2566799414595211,0.011953329891458203,0.031426322545898853,0.0005336022410056515,0.5064562390945908,0.906,0.25644806258165104,0.011959529753790322,0.03145141414647178,0.0005341940664576035,0.4772195967319372,0.896,0.25711169558132574,0.011939955597930292,0.03153205358539816,0.0005316961652052155,0.1157915914513451,0.986,0.384,0.058,0.066,0.006,-0.0010449288511533775,0.0003992478902863445,-0.001276807729023455,0.0004682684378292233,0.2569026828996363
normal,25,0.2,0.5,0.7,500,"[20260825, 15]",-2.209673061709373,3,0.6683939808389501,0.6162428835336897,0.2722986170346724,0.23125699092647942,1.929555305006778,0.06015545827550552,0.002,0.992,0.918,0.064,0.5157133972802161,0.004691669561544787,0.16285675119475548,0.00037081144000692415,0.0,1.0,0.5492432750368862,0.006178507769579257,0.16857759068778813,0.0005634740294799593,1.260910042702265,0.0,0.5190484150862601,0.004844246710586122,0.16355874162586387,0.0004349598897628167,0.3637507900485389,0.944,0.5183604068614082,0.004797828312766902,0.16350763171799065,0.00043362923407313885,0.32600555062762177,0.948,0.5184685463346537,0.0047824486312457734,0.1634641203541741,0.00044009514651392767,0.30984953504509527,0.944,0.5239206299346931,0.004955094285834508,0.16455804497646495,0.0004721121358412053,0.6448071627263995,0.694,0.238,0.006,0.01,0.114,-0.0006880082248519328,0.0005677706732337024,-0.0005798687516063569,0.001267594018347494,0.5157133972802161
normal,25,0.2,0.5,1.0,500,"[20260825, 16]",-1.5938999129583271,3,1.0981180374827122,1.047314755470052,0.35602655341578215,0.4153553433847183,3.1185987941114974,0.0,0.008,0.996,0.94,0.018,0.5181820708368241,0.009145490081725468,0.15956547833881274,0.0004489986166367806,0.0,1.0,0.567784630246898,0.010736948048980339,0.16810229642427704,0.0007174820206333268,1.5842515884581923,0.0,0.5234741909016857,0.0093493566839883,0.16036623293058125,0.000515029835609801,0.42843083833782164,0.948,0.5231667369845521,0.009345858875008026,0.16031490017275576,0.0005129359617796987,0.41393845767580195,0.95,0.5214916102079569,0.00922397751387481,0.16019480733180996,0.0004993450478887182,0.33244368309216754,0.964,0.5334189950378098,0.009540012426346776,0.16254284647806394,0.0005880576690180196,0.7511867963048778,0.672,0.074,0.002,0.002,0.028,-0.00030745391713366124,0.00029412008952604173,-0.001982580693728663,0.001649845389194034,0.5181820708368241
normal,25,0.2,0.5,1.25,500,"[20260825, 17]",-1.3151834292549882,3,1.379118144816378,1.334390598282989,0.45185807775064396,0.4331236619418409,3.250377653472799,0.08619488405102363,0.006,0.994,0.946,0.02,0.501799388053237,0.00800736998316843,0.1551787684310984,0.00041341360052514036,0.0,1.0,0.562454347425756,0.010946481950374665,0.16237003287591417,0.000666850304519905,2.020218394252102,0.0,0.508887681100136,0.00851437109818036,0.15586879366294604,0.000483909706232511,0.6987268309032273,0.96,0.506798886164887,0.008274931422289552,0.15576822764637813,0.0004756301614756743,0.47709696865071627,0.964,0.5066417182408017,0.008232087413413984,0.1557493772915343,0.00046938595431877337,0.46990103936127386,0.962,0.5242468475874759,0.009222251397465159,0.1576050895767847,0.000568125298784989,1.1579606268331735,0.638,0.172,0.004,0.002,0.08,-0.0020887949352490424,0.0016283483248920412,-0.0022459628593342546,0.0019717051582094783,0.501799388053237
normal,25,0.2,0.5,1.5,500,"[20260825, 18]",-1.1350484931431324,3,1.6184199076235626,1.5420234810170874,0.5307322785159203,0.6247777452435916,3.99274337606642,0.40460497690589065,0.004,0.994,0.93,0.014,0.48676190774745054,0.006666332221852078,0.15162157583301972,0.00045340493236176497,0.0,1.0,0.544125852010668,0.010474862508133452,0.15789467719830264,0.0007684951060088396,1.9653802442672703,0.0,0.4931460428753771,0.00743703161150548,0.15231575746614037,0.000535006827357958,0.6991947861976385,0.95,0.49136052199755575,0.006926501982379114,0.1522346902068208,0.0005142183741351407,0.48523314448972665,0.95,0.4898410200650217,0.006763701974381383,0.1519523961038683,0.0004723594227894878,0.47407559162225527,0.948,0.5089497067485894,0.008563740402743415,0.1539922517197142,0.0006528052684106975,1.3048966071045112,0.594,0.326,0.012,0.012,0.166,-0.001785520877821396,0.0019888090296919744,-0.0033050228103553665,0.0025080636258165267,0.48676190774745054
normal,25,0.2,0.5,2.0,500,"[20260825, 19]",-0.9200381244090019,3,1.8645539624956178,1.840280220922144,0.5628575418004979,0.6444265550845604,4.234062568017787,1.8645539624956178,0.006,0.984,0.896,0.028,0.47274164410303193,0.008117321249332891,0.1452847961261604,0.0004770972505900646,0.0,1.0,0.5353365970446903,0.01351865518468408,0.14616130090757587,0.000721187807701498,3.3223371579883847,0.0,0.48505296030994804,0.009138263883905375,0.1456305985321307,0.000526583181098448,1.3525526470180962,0.892,0.4773461208425151,0.008283692286851087,0.14539863680892945,0.0005048866083218223,0.7418078718931962,0.894,0.4786617534608765,0.008315297342153359,0.14559609248907932,0.0005121233610961265,0.7850227912740577,0.892,0.49072983283208405,0.009388464848899488,0.14505327946639957,0.0006041907379700408,1.5718331894094886,0.486,0.572,0.068,0.066,0.35,-0.007706839467432857,0.002922039021340442,-0.006391206849071532,0.003273238362192523,0.47274164410303193
normal,25,0.2,1.0,0.7,500,"[20260825, 20]",-2.397425653558516,3,2.4331608833881035,2.267078256095441,1.0622947343995823,0.564392605944993,6.3733403566417905,0.21898447950492939,0.002,0.988,0.9,0.012,0.49092228855582776,0.004818706158300514,0.1536417510353228,0.0004643551858293458,0.0,1.0,0.5439513316725272,0.009681495343760163,0.15926683267842032,0.0006717762842976076,1.8144377548587405,0.0,0.502757574586813,0.006925588113798478,0.15441430117415597,0.0005129866546068774,0.6672095237808456,0.918,0.49699169157637507,0.005460996393850924,0.15420130610221566,0.0004931007352552146,0.35003747276852015,0.926,0.49668247062660864,0.005462029298949589,0.15414417406392392,0.0004938400852053234,0.3438249339007767,0.938,0.49889581500126745,0.005263954059778351,0.15503210233565773,0.0005414017214157721,0.37882839313970507,0.598,0.428,0.034,0.032,0.216,-0.005765883010438014,0.0033693064274643446,-0.006075103960204452,0.0027781402546228195,0.49092228855582776
normal,25,0.2,1.0,1.0,500,"[20260825, 21]",-1.8400762488180038,3,3.56147480135191,3.4018610303507506,1.317598219825132,0.9603257372129619,8.742912883120933,0.0,0.002,0.99,0.938,0.016,0.44214642518967995,0.004842222977419235,0.13803683404326728,0.00041777455845885657,0.0,1.0,0.5318192411618607,0.012800874741622413,0.146415383027657,0.0007984745372184492,2.6161903695536655,0.0,0.45353198722935406,0.006470413750925995,0.13892933412676087,0.0004906547349910769,0.6860984367021955,0.948,0.44947560019524596,0.005331373051342831,0.1387990026672206,0.00046862377999921554,0.3474399281960767,0.948,0.45153657069078273,0.005653670833449471,0.13880273118875663,0.0004925060878688589,0.3962502170042577,0.958,0.4691536494172669,0.007626397229971168,0.14106827467502947,0.0006407907532346644,0.8149308652593548,0.688,0.102,0.0,0.0,0.032,-0.00405638703410805,0.0022942611774514365,-0.001995416538571282,0.003675676729905611,0.44214642518967995
normal,25,0.2,1.0,1.25,500,"[20260825, 22]",-1.5976099851054766,3,4.072387283408858,4.078490449196133,1.2459181681441287,1.3096289918819464,8.403500417856149,0.25452420521305363,0.004,0.99,0.89,0.058,0.41829773970902345,0.006832168828979106,0.1285177976482604,0.0005417857844241825,0.0,1.0,0.5599568535360827,0.017364077318393147,0.13640700867197536,0.0008209097998564291,4.411558835391836,0.0,0.43227823383092256,0.007975631936711455,0.12930421689488494,0.0005956338699019674,0.8021170620937756,0.92,0.428407271575042,0.007407962168462112,0.1291383482987872,0.0005826678964995475,0.523774631527716,0.92,0.4263556270167687,0.007117707266528405,0.12914960046566443,0.0005648882815149827,0.4736516315054049,0.914,0.44542561002583136,0.008346704058054162,0.13103983421079113,0.0006682828944470829,0.761509392302969,0.654,0.2,0.022,0.022,0.076,-0.0038709622558805094,0.0018861474412251796,-0.00592260681415382,0.0029269984941944385,0.41829773970902345
normal,25,0.2,1.0,1.5,500,"[20260825, 23]",-1.4444456194816935,3,4.361665534115633,4.319605870013639,1.1598766584027498,1.715753023368611,7.462706767370896,1.0904163835289082,0.002,0.982,0.89,0.038,0.3862623562161545,0.0049523121183576,0.11895186728521334,0.0005165582283008471,0.0,1.0,0.48908679571665825,0.01374203696137773,0.12258239120354594,0.0008130401876822993,3.8298566126660005,0.0,0.40265251158484755,0.00718013115943561,0.11961782037826796,0.0005876876334949996,1.089661620671051,0.884,0.39437981436481506,0.005521721290994581,0.11935240315728071,0.000546356148216347,0.5899514771184816,0.884,0.3948733841131872,0.005587841537372111,0.11933813202368398,0.0005497301510447853,0.5922612311466585,0.872,0.40706690608586843,0.007035520209494195,0.11978002716841418,0.0006440433846027527,1.018308210022536,0.55,0.424,0.044,0.044,0.268,-0.008272697220032507,0.0031541180341387305,-0.007779127471660422,0.0034238548609738803,0.3862623562161545
normal,25,0.2,1.0,2.0,500,"[20260825, 24]",-1.2644735812685899,3,4.671664921899015,4.637941294927389,1.2157114875992747,1.563121834026303,8.651345523047242,4.671664921899015,0.002,0.974,0.774,0.104,0.3536694654893424,0.004994253502068319,0.1069905030878758,0.0005554550723321166,0.0,1.0,0.4826941560272284,0.01626765608240022,0.1049047055977962,0.0008896691630085446,5.71175790287348,0.0,0.3621235393912916,0.005835530100029809,0.10614487532388506,0.000605741079518964,1.2563257708690097,0.782,0.357057340736099,0.005313061906089222,0.10599778882795928,0.000599747505358108,0.8506187010598771,0.784,0.3557785822041207,0.005233359049161729,0.10575647751890198,0.0005843335899685323,0.8279030254933496,0.78,0.3641270457959027,0.007055555016226113,0.10437338124397309,0.0007125066350056626,1.2712051194747955,0.404,0.598,0.148,0.148,0.47,-0.005066198655192604,0.0018745911674173032,-0.006344957187170931,0.0024917409487408447,0.3536694654893424
normal,25,0.2,2.0,0.7,500,"[20260825, 25]",-2.9965641637977907,3,4.79683770533034,4.944342347208735,1.4596344534971673,0.5818388182495902,7.944633502547835,0.4317153934797307,0.004,0.984,0.872,0.046,0.41717168784265846,0.006924100488856702,0.12192458426036248,0.0004935201192639147,0.0,1.0,0.5132083643088097,0.015512006807823605,0.1279800337649461,0.0007954896949081308,3.7595750980918656,0.0,0.43111249316641415,0.008293376750960537,0.12282371051178696,0.0005552312048838031,0.5163027802970169,0.902,0.42758917945036706,0.007754057537713845,0.1226243634146685,0.0005332741835355858,0.3490969940718825,0.9,0.42608784172981357,0.007704967479739336,0.1224537720160778,0.0005265062357354669,0.3292380549143397,0.904,0.4206744742901227,0.007403269324675323,0.12332695494843285,0.0006112488125075836,0.2827001041398962,0.584,0.554,0.056,0.058,0.308,-0.0035233137160471067,0.0016393477599482625,-0.00502465143660061,0.0036373579303154184,0.41717168784265846
normal,25,0.2,2.0,1.0,500,"[20260825, 26]",-2.5289471625371798,3,5.35920863668619,5.4465714986741105,1.481084070564771,1.3800153683243395,9.304067565334014,0.0,0.006,0.98,0.914,0.112,0.32875981265033016,0.008592269121424356,0.0969047636556601,0.0005610687252058836,0.0,1.0,0.528374389710475,0.019823358018070864,0.1059313280948243,0.0009028850555959751,6.128292424282613,0.0,0.3472415090735194,0.009556473978409384,0.09782130694388988,0.0005922657342788117,0.6341902406830849,0.91,0.34249679903857067,0.009084273058394952,0.09768947166018567,0.0005881975885621988,0.4398034913844141,0.91,0.342192931426974,0.009097740486572923,0.09761416534646936,0.0005816344133192327,0.44944465807836004,0.928,0.34248747931532525,0.009016399621889994,0.09865858949615153,0.0006542476330478994,0.5952197287865805,0.788,0.106,0.0,0.0,0.026,-0.0047447100349487644,0.0016953945872734022,-0.005048577646545432,0.002613641770064611,0.32875981265033016
normal,25,0.2,2.0,1.25,500,"[20260825, 27]",-2.327313172361551,3,5.670508334114513,5.80609696500366,1.4412215369785772,1.6319348624358816,9.340656661477373,0.35440677088215705,0.0,0.96,0.902,0.156,0.270364694663505,0.001457728828016002,0.08248803324467974,0.000476697301873404,0.0,1.0,0.4958399570869617,0.01827321593476393,0.09104226947861631,0.0008838945109023994,7.101905564784404,0.0,0.2936970159824459,0.004571279127819814,0.0835925089081947,0.0005228891351188156,1.1416334750077701,0.892,0.2850060418196042,0.0030772995978405734,0.08331187743332587,0.0005039606970375331,0.5990179640782908,0.89,0.2855450668723713,0.0033674115458702655,0.083362682035853,0.0005295369761289049,0.5893906626728163,0.888,0.2848347343184257,0.004442822423566354,0.08346133129987973,0.0005470107905286221,0.7739982263241008,0.826,0.248,0.014,0.014,0.054,-0.008690974162841689,0.0021708706660700655,-0.008151949110074625,0.003027043822030969,0.270364694663505
normal,25,0.2,2.0,1.5,500,"[20260825, 28]",-2.199840903225337,3,5.907518223262681,6.017699142803236,1.3188693710085853,1.3785252706252074,9.260887883977693,1.4768795558156702,0.004,0.94,0.826,0.24,0.2534203884176458,0.007215250526267719,0.07395422551262885,0.00057246690974169,0.0,1.0,0.4987122236380685,0.0195314188840128,0.08169933878206351,0.0009757544296133569,8.33615516321677,0.0,0.27525067236877204,0.008222919964339286,0.07509968126243578,0.0006573520865671293,1.1213488531522837,0.818,0.2680018346552949,0.007767718284085218,0.07471236723479217,0.0006235759184473294,0.7196778868336493,0.818,0.26467367077516135,0.007475950929354534,0.07451693152438843,0.0006050600481463278,0.7005618027810389,0.812,0.259722542220898,0.007641335765244305,0.07422811205029853,0.000609314557386305,0.5023876161466633,0.786,0.338,0.054,0.064,0.14,-0.007248837713477011,0.002084515841050994,-0.010577001593610705,0.003120838739306839,0.2534203884176458
normal,25,0.2,2.0,2.0,500,"[20260825, 29]",-2.0504151541172417,3,6.059176685395304,6.104564379500188,1.3401731639585057,1.6289507117983957,9.82878744740651,6.059176685395304,0.006,0.91,0.706,0.358,0.22888220145876415,0.00888874288691108,0.06329222473698422,0.000675177173115319,0.0,1.0,0.4660134718122863,0.018564290862604672,0.06755544889080772,0.001085424695451179,9.242563844047643,0.0,0.2426083904802685,0.009455097043711239,0.06284024150846894,0.0007095365224235691,1.5867351883045386,0.69,0.23314508551732002,0.009172789225335036,0.062429332704456,0.0007139442901855155,0.9299387382398785,0.692,0.23091623914769235,0.009012778396567235,0.062386910742290316,0.0007071110492516821,0.9081335257438875,0.694,0.22988128220566198,0.009214069450358952,0.06257470377076922,0.0007244731318059301,0.796977098735823,0.744,0.408,0.166,0.186,0.204,-0.0094633049629485,0.0017337587965714544,-0.01169215133257612,0.002742392280409574,0.22888220145876415
normal,25,0.5,0.5,0.7,500,"[20260825, 30]",-0.5481596042002601,3,2.318978819469851,2.2687060240828036,0.6447429506315784,0.6360941308353508,4.3342531834052105,0.20870809375228666,0.0,0.998,0.852,0.0,0.6941711373288467,0.0015621135542144473,0.24786486949488243,0.0005844411583465539,0.0,1.0,0.7279669239578491,0.0034679053056913337,0.25766180149894163,0.0008930957710050781,0.7968218253015716,0.0,0.6970709342770148,0.0017474771514707323,0.24901642431328025,0.000632648966836933,0.28072521518445215,0.894,0.697024623341375,0.0017475764701506227,0.24899336113898948,0.0006325025723103982,0.2787582287021406,0.894,0.6964776044726481,0.0015761283917042034,0.2490560114908597,0.0006008325920844826,0.2920029788673585,0.896,0.7055808214010845,0.002282453620190722,0.251719508944295,0.000738080338779879,0.4972526928034641,0.598,0.348,0.034,0.034,0.144,-4.631093563974176e-05,4.631093563974174e-05,-0.0005933298043667943,0.0007041304049577113,0.6941711373288467
normal,25,0.5,0.5,1.0,500,"[20260825, 31]",-0.39866968039243333,3,2.453495212978916,2.3942610319360647,0.66137528575783,1.008366465412909,4.649733020396048,0.0,0.0,1.0,0.9,0.0,0.6600988393218059,0.0014503641078150073,0.23326858015069094,0.0005731438562500573,0.0,1.0,0.7100382385101933,0.006010275581985397,0.24329763477547073,0.0008949953668747802,0.964040547707434,0.0,0.665509922193819,0.0024904366472311653,0.23448377612585472,0.0006618212823497024,0.3036746676049634,0.924,0.665509922193819,0.0024904366472311653,0.23448377612585472,0.0006618212823497024,0.3036746676049634,0.924,0.6665801201685799,0.0028641343203891553,0.23448210239889805,0.0006622609836022012,0.3315576021482229,0.942,0.6812859643580158,0.004194474643543112,0.23723056722615565,0.0007406523589162118,0.6155633878333238,0.654,0.076,0.002,0.002,0.022,0.0,0.0,0.0010701979747608941,0.0013519100568385308,0.6600988393218059
normal,25,0.5,0.5,1.25,500,"[20260825, 32]",-0.3299502508062101,3,2.472227942133966,2.3914809124754584,0.6252239173752998,1.0246299137796988,5.196535809511014,0.15451424638337288,0.0,0.994,0.908,0.0,0.6392275261321204,0.0014815015394218313,0.2242801761515288,0.0006326544805738672,0.0,1.0,0.6875120013965732,0.006005086176252302,0.23157672765642173,0.0008310553424124744,1.0802591382083666,0.0,0.645926156030155,0.002788221112523443,0.22505425375500102,0.0006695601425577742,0.39897915704665976,0.924,0.6452490443968655,0.0026802712554545344,0.2249787010824184,0.0006671014990255832,0.38604394054981683,0.922,0.6434316944341779,0.0020967366071557103,0.22492928321816702,0.0006538257959366631,0.3583217612337067,0.926,0.6593616263380532,0.004029133459523962,0.22678926613899086,0.0007029642385126011,0.7203048395664706,0.61,0.226,0.016,0.018,0.102,-0.0006771116332895181,0.0005918229115766753,-0.0024944615959769934,0.001896053475966277,0.6392275261321204
normal,25,0.5,0.5,1.5,500,"[20260825, 33]",-0.2842134249531738,3,2.5702001333078104,2.504889831850053,0.6661925031670879,1.0594647280480733,4.882578154929529,0.6425500333269526,0.0,0.998,0.848,0.002,0.617381676247674,0.0013454494938177715,0.2146945538307087,0.0005903550351356564,0.0,1.0,0.6624199053293253,0.00578381141480013,0.2194909754343415,0.0008308900494842992,1.2277550409763995,0.0,0.6220238078551031,0.0022217258949980214,0.21492841579132457,0.0006091812738257417,0.4670067230608096,0.878,0.6228579805867971,0.0023878090409313857,0.21498867331578275,0.0006132135801171093,0.5139263537193294,0.878,0.6229726436717399,0.0023720866732104646,0.21531502788804585,0.0006552919183039718,0.5154948248425334,0.878,0.6373579646532119,0.004125955591604809,0.2162720529534445,0.0006883276235065769,0.93289383935028,0.536,0.402,0.062,0.06,0.206,0.0008341727316940899,0.00083417273169409,0.000948835816636832,0.0014918817902741834,0.617381676247674
normal,25,0.5,0.5,2.0,500,"[20260825, 34]",-0.22604298351630997,3,2.6313023032801284,2.5731142888091005,0.6294069037075397,1.210367251809757,5.487869296325334,2.6313023032801284,0.0,0.992,0.72,0.0,0.5851471642717138,0.001229189885574487,0.20041918526764563,0.0005815040731185713,0.0,1.0,0.6270034205547288,0.008058843478246121,0.195996725250888,0.0009204829322830831,1.964860414403226,0.0,0.5854975201965154,0.0020821022277459625,0.19832451017790925,0.0006473767970074819,0.810835378698762,0.72,0.5864420068495715,0.00249328061506192,0.1983464027989053,0.0006533164855510391,0.8150132127566712,0.72,0.5875532511265592,0.0024610180311040925,0.19870502229485543,0.000616136871942148,0.8000283356384651,0.756,0.5984099745159515,0.00507872996981221,0.19561547773804291,0.0008201942553290832,1.383363825753581,0.282,0.628,0.222,0.222,0.528,0.000944486653056076,0.0011851070129465357,0.0020557309300438618,0.001971312226782943,0.5851471642717138
normal,25,0.5,1.0,0.7,500,"[20260825, 35]",-0.6011472245998741,3,5.589676826413954,5.610091218121431,1.0530351556830047,2.2082186188436586,8.420229109543293,0.503070914377256,0.0,0.998,0.864,0.002,0.6441805931464635,0.0020410763153028474,0.21960361391274802,0.0006156410012351814,0.0,1.0,0.6866170452945146,0.008034875820283656,0.2257357891233149,0.0009270980580751962,0.7450336325101613,0.0,0.6467925464334532,0.002893323081271796,0.2204953063697055,0.0006979259995813415,0.2694425730695602,0.868,0.6468258277516489,0.0028924326663163484,0.2205015786770633,0.0006977161920207331,0.26915696247731125,0.87,0.6465893485283236,0.002893071040886978,0.22016334802012655,0.0006833291083655926,0.2581172672913342,0.878,0.6571652734281568,0.004790179325867838,0.22166281351252629,0.0007951579357379566,0.40078766825785744,0.554,0.542,0.084,0.082,0.29,3.32813181957321e-05,3.3281318195732074e-05,-0.00020319790512957382,0.0006710555291897138,0.6441805931464635
normal,25,0.5,1.0,1.0,500,"[20260825, 36]",-0.45208596703261994,3,5.713420052176083,5.757617763706103,0.9912679843533605,2.481477283321226,8.435679669411908,0.0,0.0,0.994,0.918,0.002,0.5552794699639939,0.0017699326072763333,0.18788058818622952,0.0005683114263669731,0.0,1.0,0.6133285139856705,0.007138429496025436,0.19518482671570114,0.0008577754712628292,0.8747654116836743,0.0,0.5600967953263253,0.002581974858716435,0.1887647333608581,0.000711985641293226,0.2193890871542125,0.94,0.5599668703288185,0.0025822014694455364,0.18871724566562173,0.0007118783740362831,0.2172464181059265,0.942,0.5602730555852872,0.002682199335259526,0.18883017553403642,0.0007221139731124538,0.24408671388062947,0.952,0.5744610534015926,0.003621409179157599,0.19046312229080622,0.0007555241396923895,0.4390278943148237,0.672,0.088,0.004,0.004,0.042,-0.00012992499750663522,8.625470003067936e-05,0.00017626025896191533,0.0010444984331106713,0.5552794699639939
normal,25,0.5,1.0,1.25,500,"[20260825, 37]",-0.37897254629952803,3,5.710815272673078,5.695038458267431,1.0124433579229704,2.81766052228961,8.923485781505583,0.3569259545420674,0.0,0.994,0.866,0.004,0.5065441557526553,0.0014517404950369222,0.1693333260368495,0.0005509560805337979,0.0,1.0,0.5801277341340552,0.01042884463120389,0.17447404377012868,0.0007551925894323686,1.8023931444245571,0.0,0.5176229870335093,0.0044559387397025045,0.16992267823703286,0.0006044272839538848,0.6026641886257079,0.906,0.5139403401848126,0.003091192693566799,0.16979082061437356,0.0005816400302581535,0.3802952296969963,0.906,0.5135584988194765,0.0025318908179160216,0.16982717417905843,0.0005770777641630012,0.3933730381677527,0.9,0.5292350121849144,0.004003776026248931,0.17093874606396553,0.0006055387789959254,0.6050814899770312,0.592,0.302,0.03,0.03,0.132,-0.0036826468486966632,0.002181243808051139,-0.004064488214032867,0.002796928356633673,0.5065441557526553
normal,25,0.5,1.0,1.5,500,"[20260825, 38]",-0.3274508960443001,3,5.697666295021776,5.725258292473132,0.9909662945497067,3.013809258203866,8.623248329531274,1.424416573755444,0.0,0.992,0.85,0.012,0.4701367618243768,0.001021005820841216,0.15479370612762067,0.00043445047713552837,0.0,1.0,0.5330011925653803,0.009894596536567641,0.1560690043214451,0.000659329032330346,2.243781989959404,0.0,0.47950993032810335,0.0041789779195556135,0.154879267656367,0.0004687305930240217,0.7171294328914215,0.868,0.47548000928463147,0.002586304022677887,0.15474970783585096,0.0004555623225234259,0.4824972898637351,0.868,0.4766424781427395,0.0026878837462673637,0.15481253930172006,0.00046152718252110813,0.5469498157970532,0.868,0.4899677869083439,0.00468458776963437,0.15445647701915954,0.0004901898197002997,1.034288763623084,0.452,0.528,0.084,0.084,0.34,-0.004029921043471868,0.0021655788842111865,-0.0028674521853638358,0.0024974509913791624,0.4701367618243768
normal,25,0.5,1.0,2.0,500,"[20260825, 39]",-0.25812333977812374,3,5.755862476148827,5.729125524313059,0.9731478188612482,2.9110950315962305,8.542989817830115,5.755862476148827,0.0,0.968,0.69,0.044,0.4289588611480085,0.0010005577671547829,0.13771034212279584,0.00046293237078386064,0.0,1.0,0.5079925413690127,0.013115757312186501,0.13121271953960123,0.0006739534221904219,4.431554726745041,0.0,0.4412364093382863,0.005342754262019438,0.13555431155595826,0.0005186487784273001,1.574064106108139,0.712,0.4288651959403984,0.0022031257968967884,0.13516025291235287,0.0004979103173499754,0.870756686779129,0.712,0.4297308294912889,0.00257108561398924,0.1348118556901722,0.0005148568169293925,0.9246928490482283,0.674,0.430124249893002,0.00471141278975437,0.1308065387383512,0.0005433603293566768,1.4944066989158522,0.242,0.692,0.226,0.228,0.62,-0.012371213397887977,0.003918017187740362,-0.011505579846997398,0.0044920446375914585,0.4289588611480085
normal,25,0.5,2.0,0.7,500,"[20260825, 40]",-0.6923660444400166,3,6.754165903384738,6.7877348847005265,1.0587064832683404,2.9820166343436543,9.602206130416192,0.6078749313046266,0.0,0.998,0.856,0.008,0.5047510506209477,0.0022350157087634354,0.1603174688173376,0.0004893751184564065,0.0,1.0,0.5557339331869805,0.010912651747693843,0.16288828589114415,0.0006257040622738218,1.8949275667534746,0.0,0.5084879359051949,0.004532284457036284,0.16036649843712616,0.0004945507503124825,0.44955448674975557,0.892,0.5068876672537963,0.0033659814868746704,0.1603409614601107,0.0004896072671651739,0.24183316304984118,0.892,0.5084502293604108,0.003592464349072644,0.16049420421060615,0.0005031591340197311,0.25078049855902496,0.888,0.5106121595771048,0.00483328070399252,0.16031099599886764,0.000504191239676747,0.37200689989946945,0.536,0.622,0.086,0.086,0.372,-0.001600268651398558,0.0016002686513985583,-3.770654478402291e-05,0.0020239087207599856,0.5047510506209477
normal,25,0.5,2.0,1.0,500,"[20260825, 41]",-0.5162466795562475,3,6.703199308531874,6.664697892147002,1.06157709591402,2.948621648985436,10.07882165561552,0.0,0.0,0.976,0.918,0.046,0.38775191946982623,0.0017990094290740984,0.12477833513707184,0.00048524347537160694,0.0,1.0,0.5330547000950677,0.016966766606798928,0.13227998475601643,0.0007918136396921588,4.447720787285109,0.0,0.4164571340485979,0.007248494500044309,0.12620589176157623,0.0005805681805791543,0.9585282552964456,0.926,0.410435508682094,0.005889335775346476,0.12608912692168403,0.0005678099623773577,0.5516113335164989,0.93,0.40855146721555463,0.005495339822380824,0.12602912376884381,0.0005588171521811706,0.5127967698494692,0.924,0.4040492535963,0.004188191496214319,0.12595966195750172,0.0005183637200392033,0.5697898520089383,0.762,0.104,0.0,0.0,0.02,-0.006021625366503977,0.0033630592343728617,-0.007905666833043348,0.004648767772844294,0.38775191946982623
normal,25,0.5,2.0,1.25,500,"[20260825, 42]",-0.4259336570781149,3,6.716391652768556,6.714671900977189,1.0477974999022643,3.415648277204901,9.65836034323712,0.41977447829803477,0.0,0.962,0.868,0.078,0.3346032636615385,0.0013055887596122528,0.10681891574033299,0.0004514222167608375,0.0,1.0,0.5218225331677318,0.018188023144586198,0.11519407378547715,0.0008896197201651057,5.464750950265718,0.0,0.369307377533931,0.007566713441708022,0.10843067564032997,0.0005601753244926398,1.1186600008752867,0.874,0.3600476910028568,0.005962624545430532,0.10809447452807303,0.0005350638096622253,0.6562902530464207,0.874,0.3592879075985008,0.0057130792561334185,0.108182859974055,0.0005337936357589907,0.6722266167831404,0.874,0.3516340659763363,0.003310895484632968,0.10798368714162293,0.0004977240007955652,0.5236074177931612,0.676,0.26,0.028,0.028,0.106,-0.009259686531074236,0.0027219889952378082,-0.010019469935430222,0.0033431336419082565,0.3346032636615385
normal,25,0.5,2.0,1.5,500,"[20260825, 43]",-0.3622576368137276,3,6.642747101694555,6.643093537550387,1.085434424781725,3.41444872487256,9.852227568613033,1.6606867754236387,0.0,0.956,0.804,0.11,0.3003152006376441,0.0011957267476392186,0.09405127571013201,0.00041691803452197914,0.0,1.0,0.4792450530427237,0.016700030588216393,0.0991113169809266,0.0007493582304398584,6.516593974846669,0.0,0.328157657592406,0.006296969007474018,0.09482039809033975,0.0004913636836057126,1.3536408338141863,0.786,0.31828378415576947,0.004378155792849153,0.09450989249563842,0.0004765137940449762,0.7879059842663222,0.786,0.3206381320951608,0.0052340522402983605,0.09461452287080371,0.0004941712998471737,0.7750684149291714,0.796,0.3113548233913391,0.003242870865469487,0.09393908587619001,0.0004395078266591689,0.7173541531070724,0.638,0.386,0.11,0.114,0.208,-0.009873873436636522,0.002898663375942751,-0.0075195254972452025,0.005693074665549126,0.3003152006376441
normal,25,0.5,2.0,2.0,500,"[20260825, 44]",-0.2771520089265439,3,6.601722284211097,6.5829759987043275,1.0818700766278397,3.058633734676519,9.688966863249446,6.601722284211097,0.0,0.916,0.698,0.222,0.266692251847923,0.000944158315122113,0.08090730121492587,0.0004085942269751136,0.0,1.0,0.4599710200407942,0.016555248046302044,0.08143972343490927,0.0008201821140345438,7.958113992035754,0.0,0.289499707209821,0.005151141311519889,0.08014369974429937,0.0005053360531090127,1.8746881358969893,0.678,0.2744292397505581,0.0033428521751425744,0.07959731321638713,0.0004672842650695646,1.0628542307632527,0.682,0.2739718899487649,0.0031384850877319566,0.0794814947159769,0.0004464232979707679,1.0543443413086662,0.658,0.2591189529919531,0.0022577729590262984,0.07816276782106764,0.00046963247855528616,0.8551346070237504,0.536,0.556,0.186,0.194,0.418,-0.015070467459262871,0.0029451904168073255,-0.01552781726105614,0.0037124100680496147,0.266692251847923
normal,50,0.05,0.5,0.7,500,"[20260825, 45]",-4.3258707416264475,3,0.17895095481319845,0.16926477633701956,0.0534069385638906,0.0857152392826856,0.3947187546338655,0.016105585933187866,0.084,1.0,0.99,0.508,0.24471446474928119,0.006057963519153633,0.048381436632444645,7.089728114857414e-05,0.0,1.0,0.25201412534447265,0.005969813741741804,0.04863797434690344,7.040042857292172e-05,1.0091592821244992,0.0,0.24476722157530686,0.006057342420570943,0.048383485137584926,7.087613110160664e-05,0.0386076184855262,0.994,0.24476722157530686,0.006057342420570943,0.048383485137584926,7.087613110160664e-05,0.0386076184855262,0.994,0.24475899747436614,0.006057418274195005,0.04838634381637004,7.094307823727406e-05,0.10090839474000989,0.996,0.24498458217174887,0.006054400349065736,0.04838944590107327,6.990137507816634e-05,0.276774311377366,0.902,0.276,0.002,0.002,0.044,0.0,0.0,-8.224100940732448e-06,6.809918294896174e-05,0.24471446474928119
normal,50,0.05,0.5,1.0,500,"[20260825, 46]",-3.087946961997922,3,0.596884981193736,0.575667796681469,0.1686901155270539,0.24689311995157054,1.318407680511537,0.0,0.052,1.0,0.968,0.248,0.22529713091449405,0.004895675212411148,0.047899897416817126,7.474477769069277e-05,0.0,1.0,0.2331750786830063,0.004904639735905854,0.0483160803177923,7.882302432986664e-05,1.3129302481640304,0.0,0.22565797084729783,0.004895848245726797,0.04792255068142667,7.529550757926339e-05,0.1923379479536053,0.986,0.22565797084729783,0.004895848245726797,0.04792255068142667,7.529550757926339e-05,0.1923379479536053,0.986,0.22594203479529296,0.004894108495741914,0.047949900875742024,7.477969540093276e-05,0.28464861538539804,0.972,0.22609536553715684,0.004890719566286461,0.047956320314857526,7.523514105869601e-05,0.3451085585046906,0.856,0.218,0.0,0.0,0.008,0.0,0.0,0.00028406394799509137,0.00017056622139165995,0.22529713091449405
normal,50,0.05,0.5,1.25,500,"[20260825, 47]",-2.522696094161743,3,1.0206227639514605,0.9679946064503351,0.29155787669724703,0.5136993342304278,2.503579466886269,0.06378892274696628,0.066,1.0,0.976,0.116,0.22973207729093265,0.0055005275752845004,0.047661574123141766,7.356776770828294e-05,0.0,1.0,0.2487578586728814,0.0056655477852795766,0.04960581668711575,0.000174994853176264,2.3552535107046526,0.0,0.23033885639442309,0.005499995882384841,0.04776620899540727,8.649472049014513e-05,0.30683140558552785,0.982,0.23033885639442309,0.005499995882384841,0.04776620899540727,8.649472049014513e-05,0.30683140558552785,0.982,0.2306078633433298,0.005499672125006953,0.047799728285271154,9.078535732375795e-05,0.3706237177384789,0.98,0.23371428646943196,0.005487651865217829,0.048224722555676856,0.00010453958380816037,0.800109175896742,0.718,0.214,0.004,0.004,0.024,0.0,0.0,0.0002690069489066989,0.0004051489427193557,0.22973207729093265
normal,50,0.05,0.5,1.5,500,"[20260825, 48]",-2.154955254404358,3,1.4138477217176801,1.3669129077097346,0.39375786955699016,0.5752868541369225,3.1101034615663177,0.35346193042942003,0.088,1.0,0.976,0.106,0.23774669958220973,0.006311816352327713,0.04732709540931861,7.452296387128457e-05,0.0,1.0,0.26012867693597763,0.0065055086565636916,0.04984567049256026,0.00023541275541063498,2.7374811335301037,0.0,0.2389988007772516,0.006342035549446968,0.04746311944615965,0.00010358904161157703,0.5514240891326542,0.98,0.2389988007772516,0.006342035549446968,0.04746311944615965,0.00010358904161157703,0.5514240891326542,0.98,0.23852395766672024,0.006343634625605331,0.04739063035316589,9.132284552095715e-05,0.47636798229956956,0.992,0.24270696339160838,0.00629800809691367,0.048157934991571866,0.00014366570735830974,0.9648022904634355,0.698,0.316,0.002,0.002,0.084,0.0,0.0,-0.00047484311053136284,0.0002670621110386696,0.23774669958220973
normal,50,0.05,0.5,2.0,500,"[20260825, 49]",-1.7143274073490882,3,2.082138651682516,2.019662144564919,0.5401897280881789,0.8891282566052167,4.4886377700368385,2.082138651682516,0.08,1.0,0.966,0.114,0.2282877632839087,0.006115594973333629,0.04651109896234163,6.866018666158809e-05,0.0,1.0,0.262303000248894,0.007253196365309224,0.04936231510363705,0.0003453680500841521,4.119049313534962,0.0,0.22917957540747944,0.006124903698203903,0.04665147247877712,8.596505595162054e-05,0.5756646191674871,0.962,0.22917957540747944,0.006124903698203903,0.04665147247877712,8.596505595162054e-05,0.5756646191674871,0.962,0.22905068717424262,0.006111876840003518,0.046700776785679195,9.330399714422945e-05,0.5037631681510096,0.968,0.23761200336318022,0.0064015457948104195,0.04777583050678328,0.00025486829584634915,1.6962140992921069,0.626,0.478,0.016,0.016,0.218,0.0,0.0,-0.00012888823323679694,0.0004697627641534792,0.2282877632839087
normal,50,0.05,1.0,0.7,500,"[20260825, 50]",-4.5702985313936075,3,0.7584868838891947,0.6912137214254515,0.3664252181644418,0.20045139941287404,3.4789163773688423,0.06826381955002754,0.074,1.0,0.974,0.252,0.23408574761157258,0.005800717368804474,0.048376397790713885,0.00015141013489218747,0.0,1.0,0.2443350611384385,0.005785824202403257,0.048402939182357184,0.00012889784966564,1.0179732925521308,0.0,0.23448273075673817,0.00580358090393194,0.04839572221161111,0.00015267749266140927,0.15280221352564136,0.984,0.23448273075673817,0.00580358090393194,0.04839572221161111,0.00015267749266140927,0.15280221352564136,0.984,0.23443130147945032,0.0057988691364578996,0.04839650046002866,0.0001520045180143374,0.15619791413929007,0.98,0.23619800172034566,0.005799880597749141,0.048371025091665854,0.00013749332454353924,0.4074419136410188,0.742,0.396,0.004,0.004,0.124,0.0,0.0,-5.142927728782504e-05,0.000259542170110718,0.23408574761157258
normal,50,0.05,1.0,1.0,500,"[20260825, 51]",-3.4286548146981763,3,2.1746871797339526,1.9446835650913947,1.008746562817934,0.6478505786487341,6.873816052970908,0.0,0.084,1.0,0.968,0.122,0.22487438599868959,0.006328130921412283,0.045989238316058036,0.00010449491175376963,0.0,1.0,0.2578469372426133,0.0070243285590445475,0.048558203452709434,0.00022110609707003936,3.080005075158716,0.0,0.2264957042157615,0.006351788796398955,0.04616958329753059,0.00011707175388819378,0.3536761832395894,0.974,0.2264957042157615,0.006351788796398955,0.04616958329753059,0.00011707175388819378,0.3536761832395894,0.974,0.22693424454595063,0.006358040358320543,0.046187821913536896,0.0001193394572642213,0.3915065542809488,0.968,0.23004265084225436,0.006317547239689474,0.04669995602079507,0.00014675930296654052,0.47211725153625805,0.748,0.164,0.0,0.0,0.028,0.0,0.0,0.000438540330189088,0.0006025184057478574,0.22487438599868959
normal,50,0.05,1.0,1.25,500,"[20260825, 52]",-2.93543695923504,3,3.318993055758175,3.037454541789648,1.3058626087324756,1.2337430708191675,8.769493024532524,0.20743706598488593,0.086,1.0,0.958,0.154,0.21671908775201387,0.006520912763761599,0.04438337319955187,0.00010973827002039531,0.0,1.0,0.2737043006657942,0.008078371769419553,0.047876536960511105,0.0003361621754867766,4.898625011049561,0.0,0.22236814943731006,0.006763915917796418,0.04487696244248957,0.000212972411246353,0.6876187985520208,0.96,0.22236814943731006,0.006763915917796418,0.04487696244248957,0.000212972411246353,0.6876187985520208,0.96,0.2201884426877662,0.0065987158831175875,0.044735226054598086,0.00015730452707736324,0.49614498213832403,0.954,0.22563899376953744,0.006705797307583556,0.04565105830810398,0.0002560018981670452,0.6420908740430364,0.722,0.244,0.002,0.002,0.068,0.0,0.0,-0.0021797067495438614,0.0013323298630289126,0.21671908775201387
normal,50,0.05,1.0,1.5,500,"[20260825, 53]",-2.6303738883853205,3,4.298270983807719,4.143110773792785,1.447904304986574,1.3805057082439114,11.43223509993814,1.0745677459519298,0.088,1.0,0.942,0.168,0.2092412210793717,0.006706898697458689,0.04273050925698718,0.00013186328682897867,0.0,1.0,0.26654264345573947,0.008218305969213892,0.04564266384052692,0.0003168838309493217,5.476943727496017,0.0,0.21504299892157253,0.006849589516480662,0.04323125441251597,0.0001973338578618587,0.9619723610143703,0.946,0.21504299892157253,0.006849589516480662,0.04323125441251597,0.0001973338578618587,0.9619723610143703,0.946,0.2133575164631049,0.006825464116714523,0.043104018593121365,0.00017732718900914223,0.7852362863314901,0.944,0.2149540024426484,0.0067557489124880615,0.043646615545640914,0.00023921897309220455,0.6810156362954863,0.684,0.406,0.014,0.014,0.164,0.0,0.0,-0.0016854824584676194,0.001153202144749985,0.2092412210793717
normal,50,0.05,1.0,2.0,500,"[20260825, 54]",-2.2867119154145863,3,5.4303990448292305,5.304960312342178,1.65408675578866,1.9776056140102778,13.63534660040272,5.4303990448292305,0.084,1.0,0.876,0.232,0.19442241042496827,0.006737272197081891,0.04011235986989198,0.00016677177298969246,0.0,1.0,0.2555995063183306,0.008360074372338268,0.04096464314364794,0.00033254702213753924,6.6346922314151735,0.0,0.19727592920299572,0.006796440508533603,0.04018005141566128,0.00018945770646881452,1.026968215165459,0.876,0.19727592920299572,0.006796440508533603,0.04018005141566128,0.00018945770646881452,1.026968215165459,0.876,0.196563764197114,0.006787088335865418,0.040200529978853546,0.00018854945522088972,0.8419377893187805,0.902,0.19723490639363206,0.006898533032566252,0.04013068421549419,0.00024036508707944658,1.1837281251965908,0.578,0.56,0.082,0.082,0.324,0.0,0.0,-0.0007121650058817069,0.0013351885205685936,0.19442241042496827
normal,50,0.05,2.0,0.7,500,"[20260825, 55]",-5.473343871696933,3,2.385404263328997,1.9483677580679408,1.5210798069348297,0.37332709637795786,7.61383714616521,0.2146863836996098,0.058,1.0,0.918,0.164,0.20282379523556396,0.0054690838743908995,0.04449126098004159,0.00022919775894871013,0.0,1.0,0.24032094761449593,0.0069468583757736554,0.04514983936300788,0.00020552101034072533,3.788935047546811,0.0,0.20539095820415768,0.005560885088480194,0.04454676321103178,0.00023156084475662794,0.36530509076989853,0.934,0.20539095820415768,0.005560885088480194,0.04454676321103178,0.00023156084475662794,0.36530509076989853,0.934,0.2057312969626608,0.005569961059580747,0.044587028753202404,0.00023236631451018034,0.37728919292952107,0.928,0.20256226062569146,0.005483057533041053,0.044221788532777494,0.00020429619059989613,0.2544668751301221,0.618,0.516,0.04,0.04,0.28,0.0,0.0,0.00034033875850309413,0.0004991453607613156,0.20282379523556396
normal,50,0.05,2.0,1.0,500,"[20260825, 56]",-4.573423830829173,3,4.4950217898005755,4.230921586586629,2.005210766193676,0.5666568877946276,10.164479240482121,0.0,0.082,1.0,0.95,0.242,0.17978657295092038,0.006857856228703114,0.03721937432693904,0.00022834256547771457,0.0,1.0,0.26901299094172454,0.00881680716390261,0.04139053108023247,0.00035322167670845893,6.4469916667622735,0.0,0.18430251387165908,0.006944593332617997,0.03749523257591596,0.00023970079618001794,0.5336487261614931,0.948,0.18430251387165908,0.006944593332617997,0.03749523257591596,0.00023970079618001794,0.5336487261614931,0.948,0.18469631704993883,0.006949816988073308,0.037538905052385316,0.00024302921869829707,0.5377615506832398,0.94,0.18499761083570648,0.0068899438305824465,0.037910603897991224,0.00026027065132669874,0.29009670408308896,0.81,0.154,0.004,0.004,0.01,0.0,0.0,0.0003938031782797803,0.0011955369479054218,0.17978657295092038
normal,50,0.05,2.0,1.25,500,"[20260825, 57]",-4.212240843450699,3,5.690477278410089,5.672670610957289,2.1684781668704383,1.2054989528373565,11.517236998641586,0.3556548299006306,0.094,1.0,0.934,0.3,0.1695156560095545,0.007527201865612009,0.03323347167599567,0.0002697395671053439,0.0,1.0,0.2582233221464482,0.008920386547106106,0.0368038450195731,0.00036048115773191965,7.8672139900298514,0.0,0.17603798474747281,0.007597339072833827,0.03368279947943392,0.0002933930985423657,0.7993080177412337,0.918,0.17603798474747281,0.007597339072833827,0.03368279947943392,0.0002933930985423657,0.7993080177412337,0.918,0.17785732111063776,0.0076138179863193805,0.033804734016693684,0.0002958372685245063,0.9134538164113617,0.912,0.1715350766655187,0.00751373645761796,0.03357064187526562,0.00027479304382492655,0.33980598563557496,0.862,0.288,0.014,0.014,0.038,0.0,0.0,0.0018193363631649456,0.0012303902869287263,0.1695156560095545
normal,50,0.05,2.0,1.5,500,"[20260825, 58]",-3.996928064001466,3,6.4239249647394265,6.555273594557385,2.175035540318657,1.5958637901855295,11.913913361101407,1.6059812411848566,0.096,1.0,0.906,0.366,0.1594496377056935,0.0077598346380552815,0.030281654451610063,0.0003123523989885337,0.0,1.0,0.26217698777762,0.009182354527418658,0.033736417426366315,0.0004227406626329145,8.371571256610933,0.0,0.16671635857737288,0.007866541119150985,0.03065019868935205,0.00032541032319456415,1.1247827389044287,0.898,0.16671635857737288,0.007866541119150985,0.03065019868935205,0.00032541032319456415,1.1247827389044287,0.898,0.16582017963761575,0.007839587134146725,0.030629589508573963,0.00032386060681972184,1.001989606927657,0.886,0.16341039494223647,0.007818490413917774,0.030745631368238574,0.0003449656603435043,0.49298123954897677,0.842,0.396,0.026,0.026,0.09,0.0,0.0,-0.0008961789397571203,0.0018944301402454636,0.1594496377056935
normal,50,0.05,2.0,2.0,500,"[20260825, 59]",-3.7595591506239066,3,7.273674524413595,7.284680054335569,2.164567464184998,2.026806762953021,12.984448787895706,7.273674524413595,0.066,1.0,0.836,0.466,0.12988318049179776,0.0066821240794585225,0.025964126801181656,0.0003137994932127303,0.0,1.0,0.22741179729492297,0.008021143504799258,0.028253000815257945,0.0004254703366809207,9.460776778704112,0.0,0.13479181457844144,0.006769314581314897,0.026175427363108943,0.00033445134145219723,1.2856154731504295,0.796,0.13479181457844144,0.006769314581314897,0.026175427363108943,0.00033445134145219723,1.2856154731504295,0.796,0.13289114518862347,0.006727056640937765,0.025977468193171652,0.00032396081849799755,1.2083779513763189,0.824,0.1301941745772788,0.00672224961030768,0.026099811340109566,0.00033548965629958376,0.6585026068934995,0.78,0.414,0.112,0.112,0.168,0.0,0.0,-0.0019006693898179915,0.0011134076965999733,0.12988318049179776
normal,50,0.2,0.5,0.7,500,"[20260825, 60]",-2.209673061709373,3,1.354066896627892,1.2973471214872259,0.3463992803927879,0.5787594599577393,2.729191254675507,0.12186602069651031,0.0,1.0,0.958,0.012,0.5022724721441959,0.0007020854234943435,0.16060695227271674,0.0002363120122056638,0.0,1.0,0.5147419345463146,0.0012634879968645909,0.16374998526160278,0.0003220487611368865,0.7668845736164421,0.0,0.5028274537950845,0.0007269963485377656,0.16077194089728306,0.00024341192807341648,0.1878903849558781,0.96,0.5028274537950845,0.0007269963485377656,0.16077194089728306,0.00024341192807341648,0.1878903849558781,0.96,0.5025459288017262,0.0007070743139491297,0.16069804649128264,0.00023877737272066384,0.15470738262928665,0.972,0.5065035079145673,0.0009549048304481133,0.16171888019650965,0.0002729176328742137,0.4978840283178742,0.584,0.328,0.012,0.012,0.148,0.0,0.0,-0.00028152499335832047,0.00018563666879444475,0.5022724721441959
normal,50,0.2,0.5,1.0,500,"[20260825, 61]",-1.5938999129583271,3,2.345561972611784,2.2397661404560516,0.615908320814317,0.9211276539778077,4.712443003128326,0.0,0.0,1.0,0.972,0.002,0.48838713521530164,0.0008118037169039852,0.1558387935756683,0.00024578991279096066,0.0,1.0,0.5035852299999074,0.001469370533577034,0.1597161750366241,0.0003582735504273707,0.7804165133955999,0.0,0.4889138724888983,0.0008496157395393097,0.15598361764376892,0.00025670847449412614,0.13788601197685363,0.974,0.4889138724888983,0.0008496157395393097,0.15598361764376892,0.00025670847449412614,0.13788601197685363,0.974,0.48858628600594173,0.0008229261275305498,0.15591001134703106,0.0002515388705186993,0.07793798378192601,0.992,0.4936172503975184,0.0010906055226003871,0.1572604584257628,0.0003084368586802126,0.4548994787915788,0.644,0.066,0.002,0.002,0.01,0.0,0.0,-0.00032758648295661176,0.00020705105853315728,0.48838713521530164
normal,50,0.2,0.5,1.25,500,"[20260825, 62]",-1.3151834292549882,3,2.933139498702765,2.826922594167068,0.7078026689341992,1.2980001241817007,5.779017815751778,0.18332121866892281,0.0,1.0,0.948,0.002,0.4770880439724069,0.0008143213953965583,0.15197284325606256,0.00022935161041042707,0.0,1.0,0.4931680770346826,0.0017235618432441735,0.15532725460123223,0.00033242841731646996,0.8393670078417862,0.0,0.4777682970876191,0.0008531337970539017,0.1521796322462695,0.0002445793850296549,0.1747478075796851,0.97,0.4777682970876191,0.0008531337970539017,0.1521796322462695,0.0002445793850296549,0.1747478075796851,0.97,0.47766777945941635,0.0009252665936500948,0.1520449028099166,0.00022998922060731418,0.21992566018344673,0.968,0.48348765930461673,0.0012792528215357407,0.15332869876373528,0.00028470858503378113,0.5758193913193733,0.62,0.266,0.004,0.004,0.09,0.0,0.0,-0.00010051762820273424,0.0003823016067466394,0.4770880439724069
normal,50,0.2,0.5,1.5,500,"[20260825, 63]",-1.1350484931431324,3,3.3114789799632516,3.2490718132908816,0.7485983701952301,1.4819650807733182,6.342691037631176,0.8278697449908129,0.0,1.0,0.934,0.0,0.46549709990898325,0.0007677564828249177,0.14800068195432287,0.0002342141184740358,0.0,1.0,0.4750055972531802,0.0013333834457259861,0.1495310162392579,0.0002969739100903891,0.8085296602774955,0.0,0.46600193263715595,0.0007966842928091968,0.1480691006135053,0.00023745409474785077,0.24381739980625175,0.96,0.46600193263715595,0.0007966842928091968,0.1480691006135053,0.00023745409474785077,0.24381739980625175,0.96,0.4657261923603004,0.0007732571848416782,0.14802215648227018,0.0002336919711335077,0.2178194417531977,0.948,0.46854055401722167,0.001018111102806039,0.14835291024239375,0.00025781636522445746,0.5890626023911455,0.548,0.456,0.014,0.014,0.266,0.0,0.0,-0.00027574027685560687,0.00021090410725510832,0.46549709990898325
normal,50,0.2,0.5,2.0,500,"[20260825, 64]",-0.9200381244090019,3,3.792988186808111,3.689933901660899,0.8721231181302773,1.743360734964868,6.808235885437937,3.792988186808111,0.0,1.0,0.858,0.0,0.44648214037639156,0.0008495457800151989,0.14116351892871803,0.00025717119561057515,0.0,1.0,0.4452172543400708,0.0018675311749523753,0.13803565026777137,0.000367879174672737,0.9859346028752011,0.0,0.44509633819372346,0.0008831545550037423,0.14068396388874357,0.0002708059910324241,0.3441174082273646,0.892,0.44509633819372346,0.0008831545550037423,0.14068396388874357,0.0002708059910324241,0.3441174082273646,0.892,0.4450339864136042,0.0009056662526591283,0.14061995617501646,0.00027299535626869304,0.45544159413074126,0.874,0.4425595928266323,0.0014080660813621014,0.13849383049522934,0.00031961274004420787,0.8764628413631906,0.326,0.718,0.104,0.104,0.558,0.0,0.0,-6.235178011928699e-05,0.00032251802808571094,0.4452172543400708
normal,50,0.2,1.0,0.7,500,"[20260825, 65]",-2.397425653558516,3,5.088883341115343,4.89694228844746,1.7010485793201549,2.0810516608232614,11.286343809382034,0.457999500700381,0.0,1.0,0.914,0.0,0.4746276675857742,0.0007543207023749444,0.15017605779230622,0.0002297871359134997,0.0,1.0,0.4862542444548952,0.00244742348094009,0.15214164461703297,0.00038913658459871936,0.46687720975338887,0.0,0.4751807851949778,0.0008503758578247819,0.1503712169902526,0.0002542795849153817,0.15727518113911454,0.936,0.4751807851949778,0.0008503758578247819,0.1503712169902526,0.0002542795849153817,0.15727518113911454,0.936,0.475110133541602,0.000849127188779399,0.15036874075059894,0.0002558844560853599,0.15112400002720316,0.938,0.4786184562787248,0.0016222469803575965,0.15093280120028452,0.00032344389407079594,0.32209388671414646,0.542,0.56,0.038,0.038,0.318,0.0,0.0,-7.06516533758248e-05,0.0002569262088138414,0.4746276675857742
normal,50,0.2,1.0,1.0,500,"[20260825, 66]",-1.8400762488180038,3,7.371675531325238,7.3321387508219855,1.7928249757352972,3.1703525410133846,12.810660481259784,0.0,0.0,1.0,0.958,0.0,0.42533285764447876,0.0006840103860660287,0.134098201771883,0.0002092923998111273,0.0,1.0,0.44468078704232505,0.0019361101070498653,0.1375458310557993,0.00034251309340754983,0.4926483518617678,0.0,0.42627891165459453,0.0008055917261819422,0.13422914070034045,0.00021894994576160325,0.10045035376845586,0.964,0.42627891165459453,0.0008055917261819422,0.13422914070034045,0.00021894994576160325,0.10045035376845586,0.964,0.42563010061772866,0.0007152800831857061,0.13413048271353098,0.00021002473064789606,0.059709548322830895,0.982,0.4328052263303331,0.0013562659593097227,0.13545072317271625,0.00029576159854546294,0.2997420542152305,0.642,0.082,0.0,0.0,0.034,0.0,0.0,-0.0006488110368659018,0.000384686607041687,0.42533285764447876
normal,50,0.2,1.0,1.25,500,"[20260825, 67]",-1.5976099851054766,3,8.364353396851058,8.291455731083275,1.7960405767465155,3.7982111624803876,14.43246106200402,0.5227720873031911,0.0,1.0,0.936,0.0,0.3939292513569381,0.0005587350109818194,0.12321616148125458,0.00020186548198438515,0.0,1.0,0.41277838207072853,0.0026861196362976633,0.1253708292627475,0.0002840309353289273,0.6388814451495087,0.0,0.39609795186137253,0.0013992153113082874,0.12337642925221655,0.00021616747946686236,0.260943922289437,0.938,0.39609795186137253,0.0013992153113082874,0.12337642925221655,0.00021616747946686236,0.260943922289437,0.938,0.3955586119036333,0.001371822124646672,0.1233378200611191,0.00021656610218284282,0.23208856108425244,0.956,0.4022210058066298,0.0021749710955858265,0.12400602027767048,0.00024238266806284403,0.48206660702860327,0.55,0.362,0.034,0.034,0.21,0.0,0.0,-0.0005393399577392469,0.0003253473529689425,0.3939292513569381
normal,50,0.2,1.0,1.5,500,"[20260825, 68]",-1.4444456194816935,3,8.901032900724552,8.87123848769384,1.787367543134872,4.111159879800662,15.054710707803368,2.225258225181138,0.0,1.0,0.864,0.002,0.3712591334362935,0.0006632016568391679,0.11508595946826015,0.0002597878369765552,0.0,1.0,0.3882691022895401,0.004218877700832677,0.1143016367055572,0.00031140807636604044,1.36062195179323,0.0,0.3718171773513119,0.0009569401327600529,0.1147971893820119,0.000261046081914767,0.3351492857806843,0.88,0.3718171773513119,0.0009569401327600529,0.1147971893820119,0.000261046081914767,0.3351492857806843,0.88,0.3734943561875974,0.001884429094303311,0.11480986226786066,0.0002541096280232486,0.5183309014565355,0.876,0.3768802236085429,0.0019609733433209936,0.1142115891817782,0.0002728410297481509,0.6805925776321011,0.416,0.628,0.082,0.082,0.432,0.0,0.0,0.0016771788362854748,0.0015283341643625278,0.3712591334362935
normal,50,0.2,1.0,2.0,500,"[20260825, 69]",-1.2644735812685899,3,9.667517349953208,9.617837001892413,1.7462728354841826,4.891505354399155,15.066369549825415,9.667517349953208,0.0,1.0,0.684,0.004,0.3385743771947661,0.0005398871587064311,0.10285204367708631,0.00027090914418702577,0.0,1.0,0.33699843779878336,0.004742786856588009,0.09514122204685822,0.00032222363891235267,2.0413410104012435,0.0,0.33349892534099135,0.00145527060976903,0.10040859765762644,0.00030439359380824246,0.7874089519696511,0.696,0.33349892534099135,0.00145527060976903,0.10040859765762644,0.00030439359380824246,0.7874089519696511,0.696,0.33312189935779674,0.0013632457843656771,0.10049243102521484,0.0003065142597292289,0.7732878632206079,0.71,0.32622972505757514,0.0025925338324735846,0.09579611585105677,0.0003123558918357217,1.171031163644219,0.1,0.8,0.274,0.274,0.792,0.0,0.0,-0.0003770259831945778,0.0011379675650894877,0.33699843779878336
normal,50,0.2,2.0,0.7,500,"[20260825, 70]",-2.9965641637977907,3,9.879477100271826,9.884696268950686,2.1046193727688047,3.3122387431633737,15.333144758363797,0.8891529390244646,0.0,1.0,0.856,0.002,0.39126858570621803,0.0009115059645080785,0.11784229328752505,0.0002232646644869687,0.0,1.0,0.3986487408686639,0.0042781672075769776,0.11845211741911266,0.0003149064158583871,0.6414656477620592,0.0,0.38992998642203747,0.0009912196833537744,0.11771966626008601,0.0002259383610220343,0.137870860343188,0.874,0.38992998642203747,0.0009912196833537744,0.11771966626008601,0.0002259383610220343,0.137870860343188,0.874,0.390086846481209,0.0009517475815657513,0.11774424325585456,0.00022728251558526275,0.11193616719574276,0.908,0.3884203435999121,0.001957381328313755,0.11763850502741531,0.00025278346679664,0.2821853845935676,0.468,0.726,0.11,0.11,0.464,0.0,0.0,0.00015686005917153257,0.0004794839907708321,0.39126858570621803
normal,50,0.2,2.0,1.0,500,"[20260825, 71]",-2.5289471625371798,3,11.222022941358816,11.309854699799317,2.0300390739442604,5.39582413034295,16.458017970288278,0.0,0.0,1.0,0.94,0.006,0.300758140578974,0.0007163999794030282,0.09221260039075005,0.00022115672151601015,0.0,1.0,0.3334071623346124,0.004523233104855431,0.09462321791328282,0.00028979980643955737,1.3506285167147452,0.0,0.3032560474702768,0.0012338494027488208,0.0923574463574796,0.00022394740920007094,0.19336965896620686,0.958,0.3032560474702768,0.0012338494027488208,0.0923574463574796,0.00022394740920007094,0.19336965896620686,0.958,0.30433974745898573,0.0015605544288808655,0.09242248203558136,0.00023371267274276638,0.2580823158345067,0.964,0.31056440440635885,0.0018355451673211088,0.0930367775069336,0.00024387941124003195,0.35571395722980553,0.678,0.1,0.002,0.002,0.044,0.0,0.0,0.0010836999887089483,0.000920907374639934,0.300758140578974
normal,50,0.2,2.0,1.25,500,"[20260825, 72]",-2.327313172361551,3,11.738738805556045,11.918386342305709,1.9639158856356793,5.0474554057363985,16.832966583710594,0.7336711753472528,0.0,1.0,0.894,0.02,0.2602442544150467,0.0006438636452738596,0.07911285711565973,0.00023395408063880418,0.0,1.0,0.3053433533286054,0.006972753153234751,0.08108697527500303,0.0004043468538538953,2.768842177921123,0.0,0.26914048211621683,0.0030471192979842137,0.0792896328395407,0.0002513716662041356,0.9112924457171788,0.908,0.26914048211621683,0.0030471192979842137,0.0792896328395407,0.0002513716662041356,0.9112924457171788,0.908,0.26878575203632127,0.0029957674444337015,0.07932491690436004,0.00024469148976332707,0.9140484416318434,0.914,0.2741204661358089,0.0035399737260463646,0.07978451289276137,0.0003414273911256008,0.6594977870456509,0.566,0.402,0.052,0.052,0.188,0.0,0.0,-0.000354730079895591,0.001653507278516564,0.2602442544150467
normal,50,0.2,2.0,1.5,500,"[20260825, 73]",-2.199840903225337,3,12.096109281230518,12.243771434646302,1.8554560461015541,3.9701612851729817,17.652399129250885,3.0240273203076296,0.0,1.0,0.828,0.032,0.2347314738138863,0.0005486057108987584,0.07015935610718846,0.00022483052034552616,0.0,1.0,0.2855536948188125,0.007617128424304071,0.07072234914130346,0.0003987912381548433,3.7090109383055903,0.0,0.24380103839677933,0.003001777500236094,0.0702795840196296,0.0002666336388445762,0.8808468136625348,0.844,0.24380103839677933,0.003001777500236094,0.0702795840196296,0.0002666336388445762,0.8808468136625348,0.844,0.24249378476078454,0.0020889153962935303,0.07024867340448249,0.000255037455743124,0.8015621043630358,0.816,0.24363941631164987,0.0028555037391173365,0.06990908024385106,0.00029421836855897225,0.7311432936891296,0.426,0.598,0.088,0.088,0.41,0.0,0.0,-0.0013072536359948193,0.002692180143806412,0.2347314738138863
normal,50,0.2,2.0,2.0,500,"[20260825, 74]",-2.0504151541172417,3,12.33571997759337,12.424329923307933,1.8611642372010249,6.338982525461278,16.783219332335506,12.33571997759337,0.0,1.0,0.706,0.064,0.2061308673260961,0.00048256305709038475,0.05933388465595198,0.0002402148069422192,0.0,1.0,0.2345014638461145,0.006626758413344783,0.054778127325145025,0.00037109765278241816,5.089802562636792,0.0,0.2055243115722468,0.002190251174253993,0.05750197164058193,0.0002716648157001404,1.4104684137340582,0.664,0.2055243115722468,0.002190251174253993,0.05750197164058193,0.0002716648157001404,1.4104684137340582,0.664,0.20462998766356646,0.0021474528398925897,0.0575555555405397,0.00027604671603641495,1.2564237186227956,0.656,0.19257756380579638,0.001766369143297891,0.05484229736625081,0.00028234537350190934,0.9730998733074069,0.2,0.704,0.272,0.272,0.714,0.0,0.0,-0.0008943239086803775,0.0012869679372865632,0.2061308673260961
normal,50,0.5,0.5,0.7,500,"[20260825, 75]",-0.5481596042002601,3,4.680982144021828,4.648935895139774,0.9374718224042932,2.5114701158784225,7.633425376193458,0.4212883929619647,0.0,1.0,0.848,0.0,0.6812693299483853,0.0007282776446721072,0.2428636461261342,0.00028934181231516043,0.0,1.0,0.6903102415942449,0.0015165269431278885,0.24618931452425294,0.0004382977046319046,0.5046674462333128,0.0,0.6827112529742582,0.0010499218268736777,0.2434481917323755,0.0003307808191504851,0.2614387548060965,0.864,0.6827112529742582,0.0010499218268736777,0.2434481917323755,0.0003307808191504851,0.2614387548060965,0.864,0.6825524434142541,0.0008480382722775055,0.24339205635349873,0.00031487127026550566,0.23392062400140373,0.876,0.6842385402364417,0.0011592714461767933,0.2440324576711222,0.00036586855753754823,0.3511422751704554,0.556,0.488,0.058,0.058,0.262,0.0,0.0,-0.00015880956000399315,0.0005586291164875321,0.6812693299483853
normal,50,0.5,0.5,1.0,500,"[20260825, 76]",-0.39866968039243333,3,4.976832056477659,4.922503651640014,0.9226225234983686,2.802879443194239,7.649482439877481,0.0,0.0,1.0,0.932,0.0,0.6498357130171728,0.0006566893297290596,0.2290846119508588,0.0002814930498784493,0.0,1.0,0.6650381963505142,0.001406035420619662,0.2336850034178276,0.00042938197889908684,0.5264916041612083,0.0,0.6505552012880118,0.0007191531319686975,0.22940998060797357,0.00031467599613563225,0.1159055158580942,0.956,0.6505552012880118,0.0007191531319686975,0.22940998060797357,0.00031467599613563225,0.1159055158580942,0.956,0.6507030872938334,0.0007106959961463301,0.22947694225025228,0.0003100324012936304,0.1266002007492546,0.946,0.655335351595114,0.0010559138737152311,0.23073946701852266,0.0003663098453346871,0.3128978506835547,0.642,0.058,0.002,0.002,0.022,0.0,0.0,0.00014788600582152055,0.0002189561423894619,0.6498357130171728
normal,50,0.5,0.5,1.25,500,"[20260825, 77]",-0.3299502508062101,3,5.160694697997873,5.1477383644261785,0.8663812156736082,2.936580378652524,7.902938526494928,0.3225434186248671,0.0,1.0,0.912,0.0,0.62740474275615,0.0006549158919818298,0.21915184873318938,0.0002947503452588491,0.0,1.0,0.6408248952044164,0.0014965148345063507,0.22190444800029852,0.00039336607202131353,0.5673962105165314,0.0,0.6285509673973857,0.0007802739622190932,0.21934332520287297,0.0003048821029192877,0.2075226855213614,0.932,0.6285509673973857,0.0007802739622190932,0.21934332520287297,0.0003048821029192877,0.2075226855213614,0.932,0.6281526140877881,0.0007007375018457825,0.21928179247281857,0.0002970889550796727,0.1740566330301189,0.95,0.6327243902761202,0.0011023684171938995,0.22004966299990825,0.0003367335461117631,0.4064826817498422,0.552,0.342,0.028,0.028,0.196,0.0,0.0,-0.00039835330959746583,0.0003918779221499143,0.62740474275615
normal,50,0.5,0.5,1.5,500,"[20260825, 78]",-0.2842134249531738,3,5.21271992347893,5.192677953570525,0.8816440908023555,2.616077273356795,7.729815791938091,1.3031799808697324,0.0,1.0,0.862,0.0,0.6067880403792901,0.0006194127903213808,0.20996452464996707,0.000290511651819054,0.0,1.0,0.6139293791880671,0.0019874650730513214,0.2093387590272792,0.00034071473718469674,0.6170383714826106,0.0,0.6073019039034296,0.0007809992570452368,0.20986614544934493,0.00029487779427188034,0.2695777466154061,0.914,0.6073019039034296,0.0007809992570452368,0.20986614544934493,0.00029487779427188034,0.2695777466154061,0.914,0.6073340524236942,0.0008028040173594551,0.20982824096245584,0.0002979002477478049,0.26433136563758897,0.9,0.6093394223666898,0.0015605474268568554,0.20909285451042983,0.00031231804324652817,0.5318821578861986,0.434,0.592,0.058,0.058,0.41,0.0,0.0,3.214852026453507e-05,0.0005670978435534555,0.6067880403792901
normal,50,0.5,0.5,2.0,500,"[20260825, 79]",-0.22604298351630997,3,5.262753613756778,5.240727027562062,0.8642721803314325,3.1248472881367624,7.879698076018154,5.262753613756778,0.0,1.0,0.674,0.0,0.5761836748243142,0.0005904657345344102,0.1961371217969978,0.0002958455433718274,0.0,1.0,0.5608773717363955,0.0019847319691752552,0.1867875898750941,0.00032261889655530086,0.722060817150383,0.0,0.5705382285125318,0.0008372599492206945,0.1937675715711999,0.0003505668809802564,0.47487421374172056,0.742,0.5705382285125318,0.0008372599492206945,0.1937675715711999,0.0003505668809802564,0.47487421374172056,0.742,0.5704159868340368,0.0012423029794821111,0.1933785308190824,0.00036062980307086513,0.5151923712336943,0.702,0.5604086209941382,0.0015567458491331776,0.18814950157364357,0.00033988194130492473,0.7186683772990632,0.152,0.844,0.254,0.254,0.774,0.0,0.0,-0.00012224167849482238,0.0010974908869203273,0.5608773717363955
normal,50,0.5,1.0,0.7,500,"[20260825, 80]",-0.6011472245998741,3,11.316246915342242,11.393640428374106,1.5233099021356566,6.824085506942168,15.801261326127078,1.0184622223808022,0.0,1.0,0.818,0.0,0.6252417974656392,0.0008728114184752175,0.21413378192338545,0.0002812541048803553,0.0,1.0,0.6256234936607259,0.0020010249872780697,0.21450586478667777,0.00039155517498424153,0.30979334229560634,0.0,0.6241197602661919,0.0009875828422981068,0.21405032422010228,0.00030686410685219355,0.1777764107981931,0.828,0.6241197602661919,0.0009875828422981068,0.21405032422010228,0.00030686410685219355,0.1777764107981931,0.828,0.6240797553678842,0.0009131676031680451,0.21405617004494482,0.00028988721434513865,0.1586277524749857,0.86,0.6227530373353752,0.0014246929618906682,0.21378061020030045,0.0003297875823717142,0.24150062967049624,0.448,0.714,0.148,0.148,0.474,0.0,0.0,-4.0004898307513856e-05,0.00046295599075081383,0.6252417974656392
normal,50,0.5,1.0,1.0,500,"[20260825, 81]",-0.45208596703261994,3,11.565464323966415,11.50327996745088,1.440588557395108,8.014069210254476,15.870236365437753,0.0,0.0,1.0,0.95,0.0,0.542864767062834,0.0007535912848179473,0.18364298967986312,0.0002717741160479011,0.0,1.0,0.5585262211570828,0.0015179824543156408,0.18662196476417683,0.00032884408506154793,0.347500112684958,0.0,0.5431298237027236,0.0007657661210582381,0.18374994587054932,0.00027998897291122365,0.04370194543953066,0.976,0.5431298237027236,0.0007657661210582381,0.18374994587054932,0.00027998897291122365,0.04370194543953066,0.976,0.5434799611684437,0.000783482951017314,0.18383709915199847,0.00028280114209612594,0.07124292664094063,0.964,0.5478205288028294,0.0011040921630086494,0.18463796185956377,0.0002990345969974517,0.20057683234948792,0.66,0.074,0.0,0.0,0.026,0.0,0.0,0.00035013746572007507,0.00022679828875317174,0.542864767062834
normal,50,0.5,1.0,1.25,500,"[20260825, 82]",-0.37897254629952803,3,11.50859498461593,11.512836921674406,1.4248148205185833,7.2882950493502845,15.822146469847556,0.7192871865384957,0.0,1.0,0.898,0.0,0.4954099444348026,0.0005662001682691984,0.16501011434979024,0.0002306241701182709,0.0,1.0,0.5121695051485371,0.0026272868421969514,0.16631860672453735,0.0002886205694065911,0.5146824506060407,0.0,0.4964145192103217,0.0007231795698038683,0.16506809967999844,0.00023362964117661607,0.17378365382684646,0.922,0.4964145192103217,0.0007231795698038683,0.16506809967999844,0.00023362964117661607,0.17378365382684646,0.922,0.4963762752345622,0.0007334332056805477,0.16505902345444998,0.00023493907919705628,0.17015723976210567,0.928,0.5032165713690369,0.0021625135536610103,0.16535669818395127,0.00026356812815163817,0.41420904181547036,0.508,0.392,0.048,0.048,0.282,0.0,0.0,-3.8243975759460366e-05,0.0003604938727118852,0.4954099444348026
normal,50,0.5,1.0,1.5,500,"[20260825, 83]",-0.3274508960443001,3,11.573797392839166,11.481717375665147,1.4309225601300404,8.165886140277296,15.085464624340993,2.8934493482097916,0.0,1.0,0.808,0.0,0.46389387502976254,0.0005394557394304489,0.15219183860441582,0.00024033397952394082,0.0,1.0,0.47171530545508966,0.0025978526107610844,0.15030604635194034,0.000314377438983434,0.5993190256338192,0.0,0.4631828178590806,0.0008169213463537135,0.15169572428218248,0.0002459670598691217,0.24720502031029287,0.864,0.4631828178590806,0.0008169213463537135,0.15169572428218248,0.0002459670598691217,0.24720502031029287,0.864,0.46287717123083316,0.0006808625549905,0.15162983621527504,0.00024813240680160773,0.2531715476959491,0.848,0.46522112003985955,0.0016958351995851795,0.15047381163072185,0.0002833574865438604,0.5292296586536936,0.31,0.678,0.11,0.11,0.514,0.0,0.0,-0.000305646628247496,0.0005570920808066227,0.46389387502976254
normal,50,0.5,1.0,2.0,500,"[20260825, 84]",-0.25812333977812374,3,11.69805873776029,11.708075783287995,1.3860792561402437,7.250793615475299,15.9426619970232,11.69805873776029,0.0,1.0,0.612,0.0,0.4215072642351696,0.0004891649438023252,0.13419077294878556,0.00024754890229009696,0.0,1.0,0.395816639781307,0.002313944708981602,0.12328584163895084,0.00028800204916940584,0.8256329045323005,0.0,0.41002006075391206,0.001082544910759729,0.1305662025386525,0.0003352770350295142,0.5364859710586123,0.646,0.41002006075391206,0.001082544910759729,0.1305662025386525,0.0003352770350295142,0.5364859710586123,0.646,0.40996450668406975,0.0011137783593684562,0.13053391396897326,0.0003484915656091955,0.557875319052979,0.644,0.3924364089016219,0.0016803165984251498,0.12403117125628037,0.00031509235136649015,0.7394607255978495,0.048,0.88,0.342,0.342,0.876,0.0,0.0,-5.555406984231825e-05,0.0010615207433700524,0.395816639781307
normal,50,0.5,2.0,0.7,500,"[20260825, 85]",-0.6923660444400166,3,13.862716146006989,13.9644477939224,1.5317508910848643,8.153751161663642,19.186007432714185,1.2476444531406292,0.0,1.0,0.858,0.0,0.4884294646195282,0.0010922170054364175,0.156495590429867,0.00024381498183014105,0.0,1.0,0.47979351600066944,0.0020577930342757585,0.1552669221976139,0.00027483735570117565,0.2527602799014118,0.0,0.4860255447330374,0.001295897785559059,0.15599110226809648,0.0002327381572686054,0.14020742774004868,0.87,0.4860255447330374,0.001295897785559059,0.15599110226809648,0.0002327381572686054,0.14020742774004868,0.87,0.4854081288333861,0.0011309375147673779,0.15603387977640437,0.00023703392615289607,0.13974344520758425,0.86,0.47945444665756104,0.0014335114769124142,0.15517996149816202,0.00024747292881731407,0.19414059514664642,0.386,0.828,0.126,0.126,0.578,0.0,0.0,-0.0006174158996514179,0.0007187950437788726,0.47979351600066944
normal,50,0.5,2.0,1.0,500,"[20260825, 86]",-0.5162466795562475,3,13.756057265193256,13.73136342644807,1.4388824321624418,9.325946764419077,17.926593560937416,0.0,0.0,1.0,0.954,0.0,0.3743430737237873,0.0007614337139645038,0.12084596301234574,0.00023813474597923423,0.0,1.0,0.3986435068154655,0.002707736196078352,0.12350921041273409,0.00031871275977482933,0.4357379047069176,0.0,0.3758334809908694,0.0009023935200249752,0.12107242599113227,0.00024622879627793305,0.10913458690972709,0.954,0.3758334809908694,0.0009023935200249752,0.12107242599113227,0.00024622879627793305,0.10913458690972709,0.954,0.3753490381690387,0.000833222237732725,0.12099851078285861,0.00024073708554046266,0.0938001821608582,0.962,0.3833086828304905,0.0017275188240597453,0.12183011210272061,0.000276048767092121,0.27491316810104194,0.644,0.074,0.0,0.0,0.032,0.0,0.0,-0.00048444282183063747,0.000324826119939633,0.3743430737237873
normal,50,0.5,2.0,1.25,500,"[20260825, 87]",-0.4259336570781149,3,13.660549658441779,13.69381834774246,1.4791807925499862,9.74178321376504,18.7826598467336,0.8537843536526112,0.0,1.0,0.902,0.004,0.3244227901043107,0.000642255317794897,0.10319031237305452,0.000226008520547755,0.0,1.0,0.35345507417722954,0.004608754139937212,0.10484153619951185,0.0003641183426042971,1.3524527478444934,0.0,0.3298820919832016,0.0021307734598887914,0.1035039402522103,0.0002575182714646846,0.5311995325730975,0.922,0.3298820919832016,0.0021307734598887914,0.1035039402522103,0.0002575182714646846,0.5311995325730975,0.922,0.32827938124211165,0.0018586747330538234,0.10342392500631567,0.00024429743429464884,0.4927517303224824,0.922,0.3369331765261001,0.0027735663995343504,0.10384452725139291,0.00029152171791445286,0.652167367107829,0.516,0.454,0.032,0.032,0.244,0.0,0.0,-0.0016027107410900388,0.001088071696739239,0.3244227901043107
normal,50,0.5,2.0,1.5,500,"[20260825, 88]",-0.3622576368137276,3,13.516762862501473,13.538911700382137,1.4333521819417236,8.826062999987705,18.014137767744963,3.379190715625368,0.0,1.0,0.824,0.004,0.2934070870147696,0.0004941795418774394,0.09143788801790877,0.00020250820285757796,0.0,1.0,0.3141797541819279,0.00472737544388397,0.09063822202946523,0.0003166725037142303,1.5685255711625017,0.0,0.29636510492888263,0.0019283772787515908,0.09122578699606192,0.00021619618815427047,0.6052117811976367,0.844,0.29636510492888263,0.0019283772787515908,0.09122578699606192,0.00021619618815427047,0.6052117811976367,0.844,0.2971271582899879,0.0021362119229965475,0.09127808512071219,0.00021751593995658966,0.6537519693546188,0.858,0.30085707835027004,0.0030788618498226307,0.09048250154011997,0.0002633179778759913,0.7774568289394146,0.316,0.648,0.11,0.11,0.514,0.0,0.0,0.0007620533611053513,0.0017753618363347229,0.2934070870147696
normal,50,0.5,2.0,2.0,500,"[20260825, 89]",-0.2771520089265439,3,13.396411963772767,13.433667894347153,1.439749064677384,9.3759261567996,17.996014560609797,13.396411963772767,0.0,1.0,0.642,0.036,0.259844326680002,0.0004634743622503165,0.07788949020228186,0.0002062125512644164,0.0,1.0,0.28499278482814216,0.007296753549892474,0.07304217225077181,0.0003650683602377624,3.7687802892376845,0.0,0.25643575707519667,0.0022026815736918455,0.07567642036089964,0.00026036880414709106,1.288012260753515,0.622,0.25643575707519667,0.0022026815736918455,0.07567642036089964,0.00026036880414709106,1.288012260753515,0.622,0.25454586708890603,0.0019419238669238054,0.07552402987940163,0.00026401970981158234,1.1814868524776496,0.584,0.2429272465020185,0.0024256991559988704,0.07216866722426696,0.0002604617290003126,1.2093690273246667,0.096,0.764,0.324,0.324,0.792,0.0,0.0,-0.0018898899862905773,0.0020096116879855666,0.259844326680002
normal,100,0.05,0.5,0.7,500,"[20260825, 90]",-4.3258707416264475,3,0.3609687154218011,0.35045945164977454,0.08028933680040552,0.1934669514694792,0.6611160333765295,0.03248718438796211,0.01,1.0,0.984,0.346,0.20651420559207548,0.002209727339482363,0.04782668904327741,3.795182681570495e-05,0.0,1.0,0.21324477039494702,0.0022135664552825336,0.048078296155984364,3.205611273208693e-05,0.5901417456791976,0.0,0.20652388828026388,0.0022097530588798776,0.04782814655375735,3.796181123832896e-05,0.09049953279496964,0.992,0.20652388828026388,0.0022097530588798776,0.04782814655375735,3.796181123832896e-05,0.09049953279496964,0.992,0.20653219520766242,0.0022097067490029192,0.04782794536728194,3.7927539901003256e-05,0.09183279156726687,0.988,0.20664330815667517,0.0022092157178847734,0.04782360570602257,3.718808345570845e-05,0.26444027850430774,0.826,0.33,0.002,0.002,0.112,0.0,0.0,8.306927398576024e-06,2.0376706610428392e-05,0.20651420559207548
normal,100,0.05,0.5,1.0,500,"[20260825, 91]",-3.087946961997922,3,1.2216563376933778,1.1874120413240603,0.2556640127584699,0.6361109478592183,2.3343424207656827,0.0,0.004,1.0,0.972,0.09,0.2001168219972901,0.0014444861357387287,0.04746344153209561,3.87921357218424e-05,0.0,1.0,0.20541443731444953,0.0015321891966776455,0.04787282017839861,4.7818829750537236e-05,0.956900494916258,0.0,0.20041965307704193,0.001455290040089235,0.047494122270968435,4.140118072488007e-05,0.23312331063659641,0.98,0.20041965307704193,0.001455290040089235,0.047494122270968435,4.140118072488007e-05,0.23312331063659641,0.98,0.20035245267805762,0.0014562166200292317,0.04747523201290657,4.039118393999295e-05,0.20385577032721253,0.986,0.20127694417892977,0.001460706800947952,0.047545640544255405,4.100366228815962e-05,0.438025992056819,0.762,0.108,0.002,0.002,0.016,0.0,0.0,-6.720039898431096e-05,9.985616738615865e-05,0.2001168219972901
normal,100,0.05,0.5,1.25,500,"[20260825, 92]",-2.522696094161743,3,2.044433518788876,1.97563523875623,0.40390488360035226,1.1208148958335435,3.6868940953285483,0.12777709492430475,0.004,1.0,0.978,0.02,0.19649938504370792,0.0014455909290610192,0.04705355485854608,4.015222262380394e-05,0.0,1.0,0.20500378867037117,0.0018958265534346197,0.047886878065377586,8.539993047023074e-05,1.4638886568398355,0.0,0.1968669674141214,0.0014622589865025905,0.047111932386183074,5.42059991140202e-05,0.2554791037069304,0.986,0.1968669674141214,0.0014622589865025905,0.047111932386183074,5.42059991140202e-05,0.2554791037069304,0.986,0.1969455234791331,0.0014687754351475836,0.04710923915930381,5.517710565403362e-05,0.2971880285049944,0.982,0.19922952416718503,0.001535608550979186,0.04735120211824104,6.423581768722888e-05,0.7270235375023923,0.694,0.222,0.002,0.002,0.072,0.0,0.0,7.855606501169316e-05,0.0001534998132493367,0.19649938504370792
normal,100,0.05,0.5,1.5,500,"[20260825, 93]",-2.154955254404358,3,2.9739751664438137,2.926821332496521,0.584253259617986,1.641357431994123,5.7103488238061475,0.7434937916109534,0.008,1.0,0.962,0.01,0.19621479894741656,0.002029946120797012,0.046736842044202545,4.0036317865324456e-05,0.0,1.0,0.20388752354728087,0.002222075822726299,0.04773430764362653,0.00010164902635203769,1.2789237123420587,0.0,0.1964396334145373,0.0020326803529246134,0.04677781955015533,4.3752798771301995e-05,0.2587244153008665,0.97,0.1964396334145373,0.0020326803529246134,0.04677781955015533,4.3752798771301995e-05,0.2587244153008665,0.97,0.19640010338260258,0.0020327323479142276,0.046770717099241764,4.3647593902695256e-05,0.21406097824099718,0.97,0.19859817557346326,0.002065114951848389,0.04713612177204153,7.75560228807765e-05,0.7908848508992453,0.582,0.396,0.01,0.01,0.186,0.0,0.0,-3.953003193466931e-05,0.00017189792176887147,0.19621479894741656
normal,100,0.05,0.5,2.0,500,"[20260825, 94]",-1.7143274073490882,3,4.323179028670255,4.269657896110926,0.7871975524556627,2.5876351861598748,7.401899399653197,4.323179028670255,0.008,1.0,0.928,0.01,0.18991754171126177,0.0020420170175229602,0.045953613550697554,4.087835325915736e-05,0.0,1.0,0.19412023195969902,0.002362699820830227,0.04636771361059969,0.00012124403710099336,1.4956904385485317,0.0,0.19058849077567336,0.002125186053797934,0.04600985222608081,5.395181977028121e-05,0.6756528224991211,0.954,0.19058849077567336,0.002125186053797934,0.04600985222608081,5.395181977028121e-05,0.6756528224991211,0.954,0.19039556825772735,0.002120747683509525,0.045966274732062946,4.4770525877631636e-05,0.6687158564343213,0.948,0.19085148378332495,0.0021542489503189695,0.04609983067697273,9.237812533877024e-05,1.0807677176378265,0.456,0.652,0.032,0.032,0.404,0.0,0.0,-0.00019292251794601905,0.00019064883661158016,0.18991754171126177
normal,100,0.05,1.0,0.7,500,"[20260825, 95]",-4.5702985313936075,3,1.6009320129374245,1.4663851431868866,0.6470499192252713,0.5563099397360979,6.192504362837835,0.14408388116436824,0.006,1.0,0.962,0.088,0.19814750983325202,0.0017657357673741224,0.04748600488566177,8.151669891619874e-05,0.0,1.0,0.20402324984844866,0.0019347538696554767,0.047491490142545556,6.840098983550876e-05,0.5847282530079724,0.0,0.19818537196346692,0.0017657785336948548,0.047477284955693075,8.050038119602202e-05,0.08015561643413326,0.978,0.19818537196346692,0.0017657785336948548,0.047477284955693075,8.050038119602202e-05,0.08015561643413326,0.978,0.19828734257534608,0.0017663049620788055,0.047489288540343864,8.13544822200809e-05,0.12168002044933285,0.976,0.19934730580035154,0.0017987492114700406,0.047441827273398816,7.298564878830483e-05,0.35028609205966216,0.658,0.48,0.01,0.01,0.198,0.0,0.0,0.00010197061187918054,7.238230443989549e-05,0.19814750983325202
normal,100,0.05,1.0,1.0,500,"[20260825, 96]",-3.4286548146981763,3,4.425151823385456,4.310987505689392,1.309643546578371,1.8071745197145281,9.567002802320076,0.0,0.004,1.0,0.988,0.01,0.1819227450307975,0.001485683551089825,0.045113293395767876,5.5137823109958424e-05,0.0,1.0,0.19223255024926977,0.0021648422749288806,0.046338077226291276,0.00013329705776242285,1.1281974180943095,0.0,0.18207645537871003,0.001492393819786167,0.04514539045574906,6.402774273178696e-05,0.06291571843209985,0.996,0.18207645537871003,0.001492393819786167,0.04514539045574906,6.402774273178696e-05,0.06291571843209985,0.996,0.18221746641729009,0.0014951170486140288,0.04517809522827817,6.814552292976258e-05,0.09524961802941635,0.988,0.18464690703855696,0.0015869693129046938,0.04552851893218952,9.746183548363068e-05,0.328340977047801,0.708,0.056,0.0,0.0,0.012,0.0,0.0,0.00014101103858006996,9.101632346855782e-05,0.1819227450307975
normal,100,0.05,1.0,1.25,500,"[20260825, 97]",-2.93543695923504,3,6.893636220356864,6.626937264837176,1.804001737832322,3.0742913953734714,12.550410150411954,0.430852263772304,0.008,1.0,0.96,0.014,0.17402609660254661,0.002108958357336176,0.04337402055711042,6.082601233915013e-05,0.0,1.0,0.1858858436394329,0.002805253997293675,0.04440724145080072,0.00011898765886916722,1.7363466524976825,0.0,0.17524623711564688,0.0022025937246103193,0.04342049835140679,6.500765134682084e-05,0.3643926008100304,0.964,0.17524623711564688,0.0022025937246103193,0.04342049835140679,6.500765134682084e-05,0.3643926008100304,0.964,0.174810668648158,0.0021766661396808674,0.043401999633708714,6.223812763842488e-05,0.3073870293242167,0.974,0.1770578095289163,0.0021684933869600825,0.04375268279125308,8.517774086716563e-05,0.4608028442694957,0.662,0.362,0.008,0.008,0.124,0.0,0.0,-0.0004355684674888826,0.00028766046699260536,0.17402609660254661
normal,100,0.05,1.0,1.5,500,"[20260825, 98]",-2.6303738883853205,3,8.566397966707894,8.403384596095055,2.157671871065252,3.838890777257266,15.73087133427556,2.1415994916769736,0.002,1.0,0.932,0.016,0.16150448645873025,0.001125295407474547,0.041574747652799476,7.239652525489903e-05,0.0,1.0,0.17498485384448073,0.0028331531038442597,0.0422566657881316,0.00017443652405619322,2.4777255145801544,0.0,0.16275047348390315,0.0013160147544559043,0.041699160592443205,9.724834021130112e-05,0.35676102775140595,0.952,0.16275047348390315,0.0013160147544559043,0.041699160592443205,9.724834021130112e-05,0.35676102775140595,0.952,0.16236500316018043,0.0012418044514496914,0.041588181767464746,7.535611709243335e-05,0.39237016194304497,0.958,0.1652071534355386,0.0017416947983589948,0.041870185088989674,0.00014319486783136807,0.829828455676313,0.462,0.546,0.02,0.02,0.37,0.0,0.0,-0.0003854703237226989,0.0007856930567203285,0.16150448645873025
normal,100,0.05,1.0,2.0,500,"[20260825, 99]",-2.2867119154145863,3,11.3490988056478,11.240431720122587,2.379689280943816,4.7218601206804465,19.266937167261695,11.3490988056478,0.002,1.0,0.824,0.038,0.14823358017276952,0.0011488810993093295,0.0388048152575329,0.00010255119974809644,0.0,1.0,0.15894567548872807,0.0034602273274808868,0.03715464061532225,0.00019366567364124357,3.2110241257788767,0.0,0.14843809120456927,0.001334015972335128,0.038506853048961884,0.00012059182682008288,0.8059946708955119,0.826,0.14843809120456927,0.001334015972335128,0.038506853048961884,0.00012059182682008288,0.8059946708955119,0.826,0.14927236361215251,0.001701877031767885,0.03856840845524998,0.00014284256471687587,1.055501066522726,0.828,0.14653790432955116,0.00194248633679639,0.037440253297898324,0.00018031424314606017,1.2981045378816358,0.216,0.736,0.144,0.144,0.66,0.0,0.0,0.0008342724075832701,0.0008195103224861744,0.14823358017276952
normal,100,0.05,2.0,0.7,500,"[20260825, 100]",-5.473343871696933,3,5.38181597901688,4.869299082812151,2.4115050210613584,0.80964771191135,13.381577652941461,0.4843634381115193,0.004,1.0,0.93,0.02,0.17071327837572245,0.0015507880347275153,0.04282285904577046,0.00011535012909261038,0.0,1.0,0.18269724065118437,0.003141054222100276,0.043211141217707506,0.00014175466067434212,1.760114782455106,0.0,0.17206665917517655,0.0017131372590252615,0.0429244693866693,0.00012762275013371692,0.17827075405495965,0.94,0.17206665917517655,0.0017131372590252615,0.0429244693866693,0.00012762275013371692,0.17827075405495965,0.94,0.17156201166710947,0.0016596049372635622,0.04287766860533051,0.00011788953025449691,0.17496818582074278,0.942,0.1712797899388455,0.0016956615926786483,0.042769281187026574,0.00011419167588284904,0.28333237354973284,0.516,0.586,0.036,0.036,0.376,0.0,0.0,-0.0005046475080670267,0.0006349716582815301,0.17071327837572245
normal,100,0.05,2.0,1.0,500,"[20260825, 101]",-4.573423830829173,3,9.616021524986682,9.612493506686459,2.8715117638750622,3.2995211845193526,19.29067944352231,0.0,0.01,1.0,0.96,0.03,0.13680414436924387,0.0025140178096874793,0.03537756909493749,0.0001033632845593441,0.0,1.0,0.15825782093494833,0.003594277801173526,0.036961264330861485,0.0001689336062832082,2.4047898134805608,0.0,0.13752564316049132,0.002525566562048449,0.03544295320700301,0.00010722295448286449,0.12823942018925422,0.976,0.13752564316049132,0.002525566562048449,0.03544295320700301,0.00010722295448286449,0.12823942018925422,0.976,0.13851586638122873,0.0026299080068250486,0.035485381116271704,0.00011562855015100724,0.2347405191335777,0.968,0.14133041111482422,0.0026432699717875456,0.03591808238014988,0.00013479643285939225,0.332715322897459,0.702,0.076,0.0,0.0,0.032,0.0,0.0,0.0009902232207373966,0.000723636954867294,0.13680414436924387
normal,100,0.05,2.0,1.25,500,"[20260825, 102]",-4.212240843450699,3,11.596105099406042,11.565138877505756,3.00708346168484,3.033371804770073,20.465735085779485,0.7247565687128776,0.004,1.0,0.936,0.052,0.11483854286915789,0.0016620924739665682,0.03076119406990478,0.00010577234066086633,0.0,1.0,0.14691291421101282,0.0040133434232079305,0.0321748365829515,0.00019455590759731844,4.584415039782983,0.0,0.11757263572494442,0.0019028430006153962,0.03094977707567544,0.00012802067450318902,0.5061710611957129,0.924,0.11757263572494442,0.0019028430006153962,0.03094977707567544,0.00012802067450318902,0.5061710611957129,0.924,0.11729041386665608,0.001814421775870304,0.03095301568580897,0.00012414392086223548,0.4445896766919773,0.908,0.12005132835981565,0.001901346183734806,0.03127587305172675,0.0001402133147249395,0.5474987552977658,0.61,0.366,0.028,0.028,0.184,0.0,0.0,-0.0002822218582883308,0.00045766096179824227,0.11483854286915789
normal,100,0.05,2.0,1.5,500,"[20260825, 103]",-3.996928064001466,3,13.172647669211145,13.12637572713542,3.0995068368694145,4.602468415806072,20.953563027188657,3.293161917302786,0.006,1.0,0.888,0.072,0.104893529509465,0.0020672517574862625,0.027986051763699483,0.00014781767625607218,0.0,1.0,0.13412920097548642,0.004286365250952017,0.028026411638711522,0.00018881207069250272,5.316747137857228,0.0,0.10721270955568832,0.002222747642475132,0.02796571367958847,0.00015126164801142759,0.8545874426490007,0.888,0.10721270955568832,0.002222747642475132,0.02796571367958847,0.00015126164801142759,0.8545874426490007,0.888,0.10674855706654632,0.0021598348230742193,0.027924556996404074,0.00014986907350702296,0.7326631379168572,0.876,0.10598896867188579,0.002144587272690136,0.02784608803982765,0.00016132215008825382,0.6115261213941171,0.502,0.584,0.066,0.066,0.39,0.0,0.0,-0.00046415248914201277,0.0008293622766909679,0.104893529509465
normal,100,0.05,2.0,2.0,500,"[20260825, 104]",-3.7595591506239066,3,14.646079710168335,14.571913563475121,3.1006714358533345,6.401497014386902,23.360394360389524,14.646079710168335,0.002,1.0,0.722,0.202,0.08973514634654947,0.0012350280879711321,0.02419913941624522,0.0001465764911073767,0.0,1.0,0.12991990353277344,0.004238331423628344,0.022911427368022267,0.0002178198292164154,7.932305822767532,0.0,0.09257214502599251,0.0016132654880384478,0.023583338661785164,0.00016845387623190024,1.6038694892477896,0.684,0.09257214502599251,0.0016132654880384478,0.023583338661785164,0.00016845387623190024,1.6038694892477896,0.684,0.09290518166148283,0.0016232651298281524,0.02358428297760524,0.00016560241001275036,1.6425765403625896,0.682,0.08634473992791875,0.0014844357718398176,0.023152103585254196,0.0001821039813691495,1.029336112151021,0.38,0.608,0.216,0.216,0.538,0.0,0.0,0.000333036635490316,0.0008486170888699363,0.08973514634654947
normal,100,0.2,0.5,0.7,500,"[20260825, 105]",-2.209673061709373,3,2.8000238891150424,2.731801979806651,0.5660351122071444,1.4559628370933775,6.178544958356056,0.25200215002035387,0.0,1.0,0.962,0.0,0.49596452576186845,0.000368806816695855,0.15845191695386712,0.00011242000644814756,0.0,1.0,0.4997552724813279,0.000538448666335295,0.15953296832397929,0.0001507099276971902,0.4979466481871957,0.0,0.4960979328668983,0.00037797208755073204,0.15849224038605453,0.00011547862132001424,0.11335890749538459,0.97,0.4960979328668983,0.00037797208755073204,0.15849224038605453,0.00011547862132001424,0.11335890749538459,0.97,0.4960002975681262,0.00036975066926729145,0.15846457762137675,0.00011276083363596661,0.07922887786905437,0.982,0.4971498321495512,0.00042741123245338357,0.15880147997522545,0.00012642663921540436,0.33774453212932204,0.602,0.494,0.018,0.018,0.22,0.0,0.0,-9.763529877209576e-05,9.401084606055468e-05,0.49596452576186845
normal,100,0.2,0.5,1.0,500,"[20260825, 106]",-1.5938999129583271,3,4.685276235318273,4.609272055617744,0.8501116224703539,2.4336420835936443,7.373097833401872,0.0,0.0,1.0,0.976,0.0,0.48193814871989993,0.00034100439824944997,0.1538159927797346,0.00010284256931881502,0.0,1.0,0.48921934249704147,0.0006224387690967055,0.15584756418743287,0.0001575512503823689,0.5512595020195603,0.0,0.48204673448397806,0.00034771976407868847,0.15384597466282873,0.00010440751140852092,0.06484839439559713,0.99,0.48204673448397806,0.00034771976407868847,0.15384597466282873,0.00010440751140852092,0.06484839439559713,0.99,0.48206569307251607,0.00034310323690520415,0.15385462055131216,0.00010344459988586461,0.0725326822209041,0.982,0.4848308411263107,0.0004961581080008296,0.15460886800203089,0.00013051270990578102,0.35346850039383526,0.642,0.058,0.0,0.0,0.014,0.0,0.0,1.895858853795107e-05,0.00010254121010215036,0.48193814871989993
normal,100,0.2,0.5,1.25,500,"[20260825, 107]",-1.3151834292549882,3,5.832778840151859,5.7633830994235185,0.9948955878858932,3.4551914044129046,8.68110098701796,0.3645486775094912,0.0,1.0,0.976,0.0,0.4703076705940214,0.0003332245335410798,0.14989326584254217,0.00011518658171289457,0.0,1.0,0.4752131902301604,0.000595574137633283,0.1512689643035033,0.00017962908834804578,0.5174605952981223,0.0,0.47039935573197195,0.0003410726230630509,0.14991054809327628,0.00011508639136722703,0.08986808844607626,0.986,0.47039935573197195,0.0003410726230630509,0.14991054809327628,0.00011508639136722703,0.08986808844607626,0.986,0.47040623565341955,0.0003427219340673386,0.14992252050011035,0.00011806444795881784,0.08619584084916657,0.982,0.47206124026250007,0.0004708999094313324,0.15036501716020206,0.00014989841572981118,0.35423353912396216,0.592,0.364,0.004,0.004,0.198,0.0,0.0,6.879921447617509e-06,8.79489621005821e-05,0.4703076705940214
normal,100,0.2,0.5,1.5,500,"[20260825, 108]",-1.1350484931431324,3,6.698770198883333,6.6634409977352504,1.1084892650129066,3.770258528732769,10.877932806813488,1.6746925497208331,0.0,1.0,0.93,0.0,0.45926923045735507,0.0002794861642840036,0.1460705743180685,0.00010248454819867977,0.0,1.0,0.46114652152815866,0.0006429643582456657,0.14601985225316974,0.00015460846572297847,0.5712275519409129,0.0,0.4593782832429241,0.0003035957907637567,0.1460960603067791,0.00010811038466589509,0.18172212514022767,0.956,0.4593782832429241,0.0003035957907637567,0.1460960603067791,0.00010811038466589509,0.18172212514022767,0.956,0.45933088563755703,0.0003011622834453991,0.1460500298590428,0.00010502820416850511,0.20181263440217923,0.946,0.4596665273090286,0.0004997041358384038,0.14584468495788572,0.00013207947535667813,0.49545005763275446,0.454,0.642,0.026,0.026,0.42,0.0,0.0,-4.739760536705195e-05,0.00012796930934539245,0.45926923045735507
normal,100,0.2,0.5,2.0,500,"[20260825, 109]",-0.9200381244090019,3,7.6706834594502515,7.5960366698589254,1.0730331271511908,4.427701804959182,11.596484401954209,7.6706834594502515,0.0,1.0,0.778,0.0,0.4409017185909386,0.00033515944150067355,0.1393199661323769,0.00013616728720421196,0.0,1.0,0.4271541675646859,0.0005735082937579019,0.13408661406518904,0.0001415840522337589,0.568638943867678,0.0,0.43863508616971875,0.0004047344162790488,0.13853357741637326,0.0001568797624986776,0.3369121176188762,0.844,0.43863508616971875,0.0004047344162790488,0.13853357741637326,0.0001568797624986776,0.3369121176188762,0.844,0.43878933569083844,0.00043631131243424047,0.1385662115074238,0.00016215878614440012,0.33040921847553933,0.85,0.42879415998047216,0.0005264117300915297,0.1349248200982514,0.00016162572649104943,0.5937762398991269,0.17,0.936,0.156,0.156,0.802,0.0,0.0,0.00015424952111964163,0.0003329026286448962,0.4271541675646859
normal,100,0.2,1.0,0.7,500,"[20260825, 110]",-2.397425653558516,3,10.282418055579324,10.13328102554869,2.263972077442995,4.42022216181309,18.073235167649305,0.9254176250021394,0.0,1.0,0.91,0.0,0.46809328444486814,0.00037757258952751405,0.148267700489207,0.0001245719636007194,0.0,1.0,0.4669633434173929,0.0006430081971614281,0.14807661580422818,0.00016574784529522162,0.28246245911961476,0.0,0.4676136852244347,0.00038303661831521463,0.14815069815421356,0.00012443333140777855,0.11233345594533006,0.922,0.4676136852244347,0.00038303661831521463,0.14815069815421356,0.00012443333140777855,0.11233345594533006,0.922,0.4677562255870753,0.0004135297101796044,0.14816709623590046,0.00012789056582983435,0.11682739260464564,0.924,0.46601718338347226,0.00048057790381953087,0.14786562147293755,0.00014281256077953316,0.23400049434186823,0.428,0.724,0.068,0.068,0.48,0.0,0.0,0.0001425403626405649,0.00018040490243428057,0.4669633434173929
normal,100,0.2,1.0,1.0,500,"[20260825, 111]",-1.8400762488180038,3,14.876125701894882,14.6623694194415,2.6676573922549607,7.609423990456498,25.63508297447803,0.0,0.0,1.0,0.966,0.0,0.42089883736904943,0.00030996247419298116,0.13267807564846998,0.00011004765119401657,0.0,1.0,0.42793011862551067,0.0007038708597408026,0.13406911684165052,0.00015983267561074394,0.29367650190648126,0.0,0.4212168173387306,0.00033432707786879305,0.1327430999811338,0.00011248865047513694,0.061465969850868295,0.974,0.4212168173387306,0.00033432707786879305,0.1327430999811338,0.00011248865047513694,0.061465969850868295,0.974,0.4210632371344527,0.00034000865388865344,0.13270866782056415,0.00011436807740147095,0.04052437229438224,0.988,0.4235979326007855,0.0005211148869885766,0.13319105514858073,0.0001372856279572085,0.1815094332113671,0.706,0.074,0.0,0.0,0.022,0.0,0.0,-0.00015358020427792162,0.00016662162547145795,0.42089883736904943
normal,100,0.2,1.0,1.25,500,"[20260825, 112]",-1.5976099851054766,3,16.81503581737723,16.762274297857132,2.591062132156244,10.88987222156797,25.529430430479483,1.0509397385860768,0.0,1.0,0.944,0.0,0.3903608227256646,0.00033979564709463677,0.12195336807709804,0.00012868938539896985,0.0,1.0,0.394382922469608,0.0007086251046772372,0.12218312691864801,0.0001527381049891417,0.3424773697464161,0.0,0.3905149201638244,0.0003681212774079035,0.12195104573043902,0.00012949606982290022,0.11164980046557575,0.96,0.3905149201638244,0.0003681212774079035,0.12195104573043902,0.00012949606982290022,0.11164980046557575,0.96,0.390578217480409,0.00037039677831779557,0.12198474663118451,0.0001300769168613188,0.11361086660565349,0.964,0.39169228091499003,0.0005470105903554708,0.12187121886457115,0.00013824416339261052,0.2853180022791194,0.452,0.534,0.024,0.024,0.372,0.0,0.0,6.329731658465332e-05,4.984125370853447e-05,0.3903608227256646
normal,100,0.2,1.0,1.5,500,"[20260825, 113]",-1.4444456194816935,3,18.192215570667283,18.269753915177212,2.5826645533788493,9.566199775440591,26.439808418284848,4.548053892666821,0.0,1.0,0.874,0.002,0.366175131473472,0.00031207454282037103,0.11313547304089423,0.0001429266977777636,0.0,1.0,0.36011661830011654,0.0007299500492578836,0.11056295928476204,0.0001496587215699434,0.3817575176347937,0.0,0.36536791918000866,0.0003766487354101311,0.11285281772263947,0.00015005551024909922,0.20672674073750008,0.892,0.36536791918000866,0.0003766487354101311,0.11285281772263947,0.00015005551024909922,0.20672674073750008,0.892,0.36531563363621056,0.0003693653277265854,0.11283426566689198,0.0001453202410004564,0.1822775065967223,0.906,0.3606435912687789,0.0005773293475966007,0.11109805838682102,0.0001513981723444352,0.37863318099360926,0.23,0.848,0.092,0.092,0.692,0.0,0.0,-5.2285543798097466e-05,0.00023752230883795209,0.36011661830011654
normal,100,0.2,1.0,2.0,500,"[20260825, 114]",-1.2644735812685899,3,19.740023419640565,19.81126897256896,2.430483397647205,12.148600865469142,26.840918952059315,19.740023419640565,0.0,1.0,0.632,0.0,0.3342185662849556,0.0002503273709889031,0.10086734698206755,0.00015179163090803978,0.0,1.0,0.3030554820184972,0.0006560742070352342,0.09159582994143206,0.00012559169881299639,0.490938869263811,0.0,0.3221544031785728,0.0007426625668171938,0.09751622237165725,0.00024116064193980473,0.4146425887498957,0.614,0.3221544031785728,0.0007426625668171938,0.09751622237165725,0.00024116064193980473,0.4146425887498957,0.614,0.32281668080667636,0.0007446566589858402,0.09768206866982143,0.00024019015497924693,0.4177523349048341,0.63,0.30294613661380376,0.0005855125923286147,0.0919271674997237,0.0001499706808416938,0.48247323908874423,0.024,0.964,0.386,0.386,0.966,0.0,0.0,0.0006622776281034977,0.0007195471174661354,0.3030554820184972
normal,100,0.2,2.0,0.7,500,"[20260825, 115]",-2.9965641637977907,3,20.019039190686694,20.193975225347636,2.8410408762617716,10.26905104702285,26.881176496441437,1.801713527161803,0.0,1.0,0.856,0.0,0.38433348042788124,0.00043255594575585037,0.11612769479842285,0.00011128871361146436,0.0,1.0,0.37423343801054726,0.0007919058548405487,0.11499100776497423,0.00014336775401983966,0.19672489697977605,0.0,0.3825632154914878,0.00048096051911298546,0.1159553464708535,0.00011531921922254327,0.12845967836821423,0.884,0.3825632154914878,0.00048096051911298546,0.1159553464708535,0.00011531921922254327,0.12845967836821423,0.884,0.38219320748750085,0.000499774711263128,0.11589995423894413,0.00011670305048460929,0.13417548444897856,0.862,0.3754934597612456,0.0005744130243642765,0.11513985797533181,0.00012890299765197847,0.1747297099475446,0.32,0.874,0.116,0.116,0.656,0.0,0.0,-0.0003700080039870244,0.00028752356963576567,0.37423343801054726
normal,100,0.2,2.0,1.0,500,"[20260825, 116]",-2.5289471625371798,3,23.08488736084844,23.13344124144309,2.688152809251734,13.121332925371131,31.11725719657431,0.0,0.0,1.0,0.968,0.0,0.29558468999295423,0.00029608168483298704,0.09057115503057246,9.694840152456274e-05,0.0,1.0,0.30491798788248814,0.000908120863212254,0.09162680784913452,0.00012647599486522625,0.28082508957079494,0.0,0.2961565037766134,0.00037831853111349313,0.09063321895680265,9.874312892928801e-05,0.07920955952367323,0.976,0.2961565037766134,0.00037831853111349313,0.09063321895680265,9.874312892928801e-05,0.07920955952367323,0.976,0.29580529440760495,0.000310079895851796,0.09058628279766831,9.69719317332561e-05,0.050587351517512605,0.986,0.2992594012330224,0.0006296255967923858,0.09098051912072204,0.00011008764095450016,0.18308740050055933,0.704,0.086,0.0,0.0,0.016,0.0,0.0,-0.0003512093690084519,0.00022000775079225577,0.29558468999295423
normal,100,0.2,2.0,1.25,500,"[20260825, 117]",-2.327313172361551,3,24.084644823746686,24.21055302253459,2.700144389686203,12.974681229223929,31.485944973051634,1.5052903014841679,0.0,1.0,0.948,0.0,0.2547691894716199,0.0002731966620137503,0.07704309270609835,0.00010423742447162901,0.0,1.0,0.2605301054786064,0.0014869968197019712,0.07718301843698909,0.00014419716152023408,0.46422488563341446,0.0,0.25581063205279936,0.0008813918345883886,0.07708725735700571,0.00011623169464230034,0.2126879957104705,0.952,0.25581063205279936,0.0008813918345883886,0.07708725735700571,0.00011623169464230034,0.2126879957104705,0.952,0.25515243529606796,0.0003729748589881735,0.07707327328377692,0.00010639369289257701,0.11862950996310777,0.97,0.25740186198410014,0.001257400583083659,0.07701116459698505,0.00013006388362987378,0.3824682404118238,0.43,0.592,0.034,0.034,0.392,0.0,0.0,-0.0006581967567313644,0.0006252012322710343,0.2547691894716199
normal,100,0.2,2.0,1.5,500,"[20260825, 118]",-2.199840903225337,3,24.83359121620435,24.942889932364977,2.619738845555163,16.23586869678399,32.94439814269086,6.208397804051088,0.0,1.0,0.808,0.0,0.22962767095595732,0.00023984567227982418,0.06805325213681485,0.00010750848170779541,0.0,1.0,0.22774736221425917,0.0015096953459193486,0.06641270223940529,0.00014291843086203625,0.5696775839339507,0.0,0.22862646033830225,0.00043735191757681433,0.06772462128170897,0.00011429390160073495,0.2851907976193833,0.828,0.22862646033830225,0.00043735191757681433,0.06772462128170897,0.00011429390160073495,0.2851907976193833,0.828,0.22833492613906195,0.0004324080683159472,0.06767865248928896,0.00011467745712478533,0.26141529543830755,0.836,0.22548106593471492,0.0010445504645770992,0.0665529525154694,0.00012855956663621182,0.4948578881251113,0.15,0.8,0.136,0.136,0.742,0.0,0.0,-0.00029153419924030603,0.0003012367833030579,0.22774736221425917
normal,100,0.2,2.0,2.0,500,"[20260825, 119]",-2.0504151541172417,3,25.360295176079855,25.306468736350453,2.5501808950090616,17.79934451615883,31.542042703051674,25.360295176079855,0.0,1.0,0.6,0.0,0.2023282058821261,0.0002139184492119046,0.05760101448903861,0.00011140367528124839,0.0,1.0,0.18178478646438406,0.0019099558610234857,0.051236064557116136,0.00015146709006331942,1.3138289753524022,0.0,0.1897460641990486,0.0007757917775423684,0.05471938777180115,0.00017860930839581828,0.5519067517185077,0.536,0.1897460641990486,0.0007757917775423684,0.05471938777180115,0.00017860930839581828,0.5519067517185077,0.536,0.1910770734514287,0.0009418297755722514,0.05490980693034895,0.0001840970855086948,0.7112560864909022,0.566,0.17759861021683543,0.0012444433744952144,0.051271348218960344,0.0001408682093837028,0.9223852945438453,0.008,0.902,0.452,0.452,0.932,0.0,0.0,0.0013310092523800882,0.000948668963924212,0.18178478646438406
normal,100,0.5,0.5,0.7,500,"[20260825, 120]",-0.5481596042002601,3,9.362029476648276,9.308430748962781,1.2562302628068556,5.757011031839079,13.768139495631582,0.8425826528983451,0.0,1.0,0.796,0.0,0.6758834043139689,0.00034971494160412843,0.24068324155429283,0.00014217894806486096,0.0,1.0,0.6773650895624894,0.0005585827842495686,0.24151564092959604,0.00022284027519931454,0.3404700646984759,0.0,0.6759312881095922,0.0003742260748771724,0.24081805756937666,0.00015954282545519387,0.20068781812034198,0.85,0.6759312881095922,0.0003742260748771724,0.24081805756937666,0.00015954282545519387,0.20068781812034198,0.85,0.6758759399037781,0.0003811037567801243,0.24079593320524842,0.00016181760747326798,0.20504474495620645,0.824,0.6757442313933646,0.00043150346060450936,0.2408486191580072,0.0001837200056672638,0.26898665089888923,0.48,0.66,0.106,0.106,0.404,0.0,0.0,-5.534820581414102e-05,0.00019557917295390316,0.6758834043139689
normal,100,0.5,0.5,1.0,500,"[20260825, 121]",-0.39866968039243333,3,10.203927233479194,10.211582868498889,1.29578006796487,6.308179856737397,14.187034703503034,0.0,0.0,1.0,0.928,0.0,0.6442660891179202,0.0003797137509572993,0.22665437437159622,0.00016130957435064186,0.0,1.0,0.6502092530687145,0.0005578982047764913,0.22863751310130725,0.00019584926256400139,0.33842779965716413,0.0,0.6445855482370947,0.0003871592002803369,0.22678691188953207,0.00016487964472001548,0.08053648438309918,0.958,0.6445855482370947,0.0003871592002803369,0.22678691188953207,0.00016487964472001548,0.08053648438309918,0.958,0.6446897952227926,0.0003921669675418733,0.22682448860380597,0.0001670397102187346,0.0916457053495734,0.948,0.6464306222535877,0.00046656503571160105,0.22735501926707907,0.00017685710057619656,0.2037048541141414,0.686,0.064,0.0,0.0,0.02,0.0,0.0,0.00010424698569776991,0.00010883701863361119,0.6442660891179202
normal,100,0.5,0.5,1.25,500,"[20260825, 122]",-0.3299502508062101,3,10.302955184702816,10.250757416187415,1.3016749873927986,6.827144309971338,14.86855442465159,0.643934699043926,0.0,1.0,0.942,0.0,0.6216609715570689,0.0003260019629429536,0.21656782947511455,0.0001503929262168196,0.0,1.0,0.6253622196294694,0.0007015821527774002,0.2171291547845512,0.00018250013869377182,0.36040571538263944,0.0,0.621946600565435,0.00036604843874670856,0.21662087856375267,0.00015494271036386903,0.12757074204972474,0.962,0.621946600565435,0.00036604843874670856,0.21662087856375267,0.00015494271036386903,0.12757074204972474,0.962,0.6222286971351837,0.00046117541412355834,0.2166279863046341,0.000157835626553957,0.1487546690741694,0.958,0.6231026201556306,0.000587672617707932,0.21664788517219508,0.00016675088025529602,0.2840673705718515,0.542,0.5,0.022,0.022,0.294,0.0,0.0,0.00028209656974870987,0.00030318342612635973,0.6216609715570689
normal,100,0.5,0.5,1.5,500,"[20260825, 123]",-0.2842134249531738,3,10.606938033195114,10.496719580425346,1.2980978553330107,7.484529099974378,14.853837020981285,2.6517345082987784,0.0,1.0,0.81,0.0,0.6017825961879547,0.0002845174827284527,0.20758704027053507,0.00013683008261963843,0.0,1.0,0.5974507647322989,0.0005666129373130987,0.20524362845959723,0.00016966351850037612,0.38108875553500415,0.0,0.6010847116432201,0.0003239581588516803,0.207244510342076,0.00014232175687399286,0.20983103610927648,0.886,0.6010847116432201,0.0003239581588516803,0.207244510342076,0.00014232175687399286,0.20983103610927648,0.886,0.6006085872729549,0.000319108560447289,0.20711379035698116,0.0001451102317541087,0.1888218653382225,0.854,0.5979724419118108,0.0004744467398835547,0.20576283527941525,0.00016346473548219754,0.3725694556825901,0.302,0.822,0.1,0.1,0.626,0.0,0.0,-0.0004761243702651889,0.00021791815900852504,0.5974507647322989
normal,100,0.5,0.5,2.0,500,"[20260825, 124]",-0.22604298351630997,3,10.712438114933018,10.752683039445042,1.2772138424481467,6.874785296624755,14.754028732683484,10.712438114933018,0.0,1.0,0.578,0.0,0.5706114985771394,0.0002576435817283028,0.19333122143210607,0.0001331256074004689,0.0,1.0,0.5432606920706562,0.0006651103606187345,0.18263085543397653,0.00015625663742359277,0.47751059935541634,0.0,0.5597860874073435,0.0006832815210655415,0.18931047212067,0.0002585664979775177,0.4587664588294315,0.596,0.5597860874073435,0.0006832815210655415,0.18931047212067,0.0002585664979775177,0.4587664588294315,0.596,0.5602021605897334,0.00065558605014006,0.1895128940605901,0.00024999064174196026,0.4376318546664274,0.61,0.5441458256511603,0.000625413909275347,0.18326435928620116,0.0001853864890380919,0.5018463728158071,0.024,0.956,0.398,0.398,0.954,0.0,0.0,0.00041607318238990243,0.0007166744798628327,0.5432606920706562
normal,100,0.5,1.0,0.7,500,"[20260825, 125]",-0.6011472245998741,3,23.00508737879202,23.034335272913278,1.9398376614782233,16.136787388517522,28.496779821796302,2.0704578640912823,0.0,1.0,0.822,0.0,0.6180152030284866,0.000409708721383476,0.21181122653102077,0.00012846896209701606,0.0,1.0,0.6088182238615004,0.0005466940330621548,0.209996812728277,0.00016240873829302422,0.18672081799181175,0.0,0.6161000624014122,0.00045875793844016364,0.211426376109694,0.00013820590525780017,0.1424277140096267,0.846,0.6161000624014122,0.00045875793844016364,0.211426376109694,0.00013820590525780017,0.1424277140096267,0.846,0.6157848051953091,0.00047662402249681846,0.2113079685164523,0.00013828615855431442,0.1455377286829628,0.824,0.6108847308278407,0.0004995746122125415,0.21031205170190798,0.00014732580097264437,0.18121009311871109,0.326,0.876,0.148,0.148,0.64,0.0,0.0,-0.0003152572061032681,0.0002647547558571498,0.6088182238615004
normal,100,0.5,1.0,1.0,500,"[20260825, 126]",-0.45208596703261994,3,23.38033266604065,23.466486967910427,1.9821838608377607,16.709321154072047,28.446199192555238,0.0,0.0,1.0,0.968,0.0,0.536242737686061,0.0003129173255475597,0.18120133248775933,0.00011873654515169264,0.0,1.0,0.5427838992584896,0.0005871676342512879,0.18255440167800094,0.00014685727341522424,0.22764934645764423,0.0,0.5364879295809689,0.0003338523941575384,0.18125349610758035,0.0001205660529349485,0.04870418699337157,0.982,0.5364879295809689,0.0003338523941575384,0.18125349610758035,0.0001205660529349485,0.04870418699337157,0.982,0.5364199517280563,0.00031643274877388096,0.18125096783407632,0.00011928810293546297,0.03797925378121412,0.98,0.5384462551030882,0.00044773868137290486,0.18165013009277017,0.00013200639641512414,0.13481689285600268,0.682,0.054,0.0,0.0,0.028,0.0,0.0,-6.797785291263425e-05,0.00010790636438835228,0.536242737686061
normal,100,0.5,1.0,1.25,500,"[20260825, 127]",-0.37897254629952803,3,23.57648925566987,23.51358551269682,1.9822496311605513,17.605040187045972,29.31407699834785,1.4735305784793669,0.0,1.0,0.924,0.0,0.49107351976751784,0.00029315316910795707,0.16324477326936804,0.00012460419963168732,0.0,1.0,0.49201332503029666,0.0005488412430555753,0.16289410714584027,0.00013683173335456565,0.26272434337726247,0.0,0.49106387319050904,0.00031438330837071,0.16321530077542842,0.00012665739250342735,0.1009156283770482,0.954,0.49106387319050904,0.00031438330837071,0.16321530077542842,0.00012665739250342735,0.1009156283770482,0.954,0.49088239699777714,0.0002991935961431544,0.1631749329299142,0.0001252440808390923,0.10387840451023427,0.934,0.49056835322738823,0.0004210640988397129,0.16282525715373636,0.00013064003877464632,0.2289889567163368,0.414,0.666,0.034,0.034,0.452,0.0,0.0,-0.00018147619273184234,0.00010636994191114508,0.49107351976751784
normal,100,0.5,1.0,1.5,500,"[20260825, 128]",-0.3274508960443001,3,23.530921740934804,23.469260123648148,1.923670566052436,18.499430499859177,29.338235045580213,5.882730435233701,0.0,1.0,0.808,0.0,0.4586450510566515,0.00026965268422070163,0.14984884749202174,0.0001214078128136357,0.0,1.0,0.44813033973135136,0.0007263246733426839,0.1461615180618874,0.00014117597551722047,0.3399827533516265,0.0,0.4558632066682381,0.0004057091045294316,0.14906015195767286,0.00014660741833880093,0.22429316538596972,0.816,0.4558632066682381,0.0004057091045294316,0.14906015195767286,0.00014660741833880093,0.22429316538596972,0.816,0.45635627379893146,0.0003993926643910365,0.14917212811075717,0.0001398808949887345,0.21812288422899723,0.842,0.44881804781524376,0.0006189075909678275,0.14669190379753622,0.00014821699493867033,0.34928893003976363,0.142,0.896,0.174,0.174,0.796,0.0,0.0,0.0004930671306934045,0.0003500929141970616,0.44813033973135136
normal,100,0.5,1.0,2.0,500,"[20260825, 129]",-0.25812333977812374,3,23.349712759326323,23.379012178128246,1.972207488558253,18.446550471164098,28.4430361523379,23.349712759326323,0.0,1.0,0.552,0.0,0.4173491089292232,0.00019751659417709146,0.13221793655933212,0.00010651356099502398,0.0,1.0,0.3759537346425326,0.0007373215389287155,0.1199578161811765,0.00011696870124101709,0.45776248883081033,0.0,0.3953051212290679,0.0009578382130399482,0.12604837204589753,0.000280576939384273,0.46128864010507414,0.462,0.3953051212290679,0.0009578382130399482,0.12604837204589753,0.000280576939384273,0.46128864010507414,0.462,0.39625914264686807,0.0009548078446938134,0.12630867214679345,0.0002764094752186215,0.445097528447211,0.48,0.3753584394837144,0.0006194379153663155,0.12014690240695822,0.000125642133906162,0.44617903216894567,0.0,0.966,0.538,0.538,0.982,0.0,0.0,0.0009540214178000972,0.0010911388107724288,0.3759537346425326
normal,100,0.5,2.0,0.7,500,"[20260825, 130]",-0.6923660444400166,3,27.907851838266968,27.897186566995472,2.0081935847658703,22.173897235494074,34.357369019881105,2.5117066654440277,0.0,1.0,0.81,0.0,0.4833915780907434,0.0006455852992920423,0.15555299853436358,0.00016224593140475637,0.0,1.0,0.4664439643681827,0.0008243534960595309,0.15280634839668414,0.00016354636630278708,0.15579093978137895,0.0,0.47898416771096797,0.000729062699983162,0.15480282769452902,0.00016903721015031496,0.14848153126909844,0.794,0.47898416771096797,0.000729062699983162,0.15480282769452902,0.00016903721015031496,0.14848153126909844,0.794,0.47991351919929925,0.0007468134170656497,0.15494906722770618,0.00016946430339280746,0.14025984237466121,0.832,0.4688534716824375,0.0007469873508248099,0.15317038157607113,0.000166393625793227,0.15698993281205795,0.208,0.928,0.206,0.206,0.784,0.0,0.0,0.0009293514883312618,0.0004630173250680921,0.4664439643681827
normal,100,0.5,2.0,1.0,500,"[20260825, 131]",-0.5162466795562475,3,27.528635358730657,27.535356163227693,1.957496241429319,18.929099404939972,33.09048615859921,0.0,0.0,1.0,0.966,0.0,0.3688055800290299,0.00036295474066713783,0.11909574453417227,0.00011480837640495587,0.0,1.0,0.3767793381958392,0.0007581477780010838,0.12022653529543909,0.00013433597058447753,0.24287558298293305,0.0,0.36913393759909363,0.0003808629277498131,0.11914117441466854,0.00011584815821959859,0.05263216384662046,0.978,0.36913393759909363,0.0003808629277498131,0.11914117441466854,0.00011584815821959859,0.05263216384662046,0.978,0.3692712755773618,0.00042655494358830547,0.1191586523796744,0.00011687510208171368,0.06711021998671655,0.98,0.37172173011645937,0.0005524267341460646,0.11950012959639125,0.0001229192249611967,0.15380951219739117,0.666,0.07,0.0,0.0,0.024,0.0,0.0,0.00013733797826818238,0.00020770808962136724,0.3688055800290299
normal,100,0.5,2.0,1.25,500,"[20260825, 132]",-0.4259336570781149,3,27.543314480755168,27.631989168519674,2.0341217669298124,21.055741113320508,34.36317795603636,1.721457155047198,0.0,1.0,0.92,0.0,0.3193232916884188,0.00025943090570173323,0.10134887191319629,9.860889834551851e-05,0.0,1.0,0.3213606104204376,0.000796586867378695,0.1011407273330521,0.0001235320337865508,0.2872722276403758,0.0,0.31948320904903443,0.000296139205555946,0.10133725774192655,9.80956107777712e-05,0.10676415202563574,0.958,0.31948320904903443,0.000296139205555946,0.10133725774192655,9.80956107777712e-05,0.10676415202563574,0.958,0.3193826221651074,0.0003084833196220547,0.10133598988351977,0.00010134874439071109,0.10761805382849374,0.948,0.3195682004547466,0.0005855310966596436,0.1010934877903012,0.0001121686774492125,0.25181053917792356,0.406,0.67,0.028,0.028,0.456,0.0,0.0,-0.00010058688392713123,0.00022031467009898348,0.3193232916884188
normal,100,0.5,2.0,1.5,500,"[20260825, 133]",-0.3622576368137276,3,27.18127368373413,27.11595153685881,2.0303322164844975,20.316346812737024,33.07749482475581,6.795318420933532,0.0,1.0,0.816,0.0,0.2894411961562279,0.00023027359130856493,0.08982389200454277,9.514775752827197e-05,0.0,1.0,0.2832947111372023,0.0010514152262097233,0.08741785455947461,0.00012747878158473778,0.4579502744145293,0.0,0.28755480537151706,0.0004259947866611234,0.08933900197755491,0.00011285336986475248,0.23681633522967754,0.84,0.28755480537151706,0.0004259947866611234,0.08933900197755491,0.00011285336986475248,0.23681633522967754,0.84,0.2871008902908109,0.0003722177882609465,0.08928236324158907,0.00011263064930650618,0.21882177291783672,0.83,0.282994871934824,0.0007910217633974791,0.08781239436467478,0.00012006767984631725,0.4343119637430157,0.154,0.854,0.144,0.144,0.762,0.0,0.0,-0.0004539150807062459,0.00039095363861931345,0.2832947111372023
normal,100,0.5,2.0,2.0,500,"[20260825, 134]",-0.2771520089265439,3,26.96495665919503,26.975848412703954,1.985888246198088,20.613595451875273,32.01370251989611,26.96495665919503,0.0,1.0,0.552,0.0,0.256067821079776,0.00019277521153393857,0.07631718420994067,9.39898199207294e-05,0.0,1.0,0.2246518697531921,0.0010078736949244264,0.0687897228500029,0.0001363424617785435,0.6792398084872644,0.0,0.2392644294100276,0.0008143493442083058,0.07263961722303042,0.0001969319595348419,0.4753193304098428,0.508,0.2392644294100276,0.0008143493442083058,0.07263961722303042,0.0001969319595348419,0.4753193304098428,0.508,0.23920383813649762,0.0008290087040287903,0.07259340378213035,0.00019629452683298136,0.4897393939475612,0.496,0.22308308236215144,0.0007595884765770962,0.06880919491010908,0.00013324369053910066,0.6100383159225246,0.002,0.952,0.49,0.49,0.97,0.0,0.0,-6.059127352996208e-05,0.0008443512087968572,0.2246518697531921
normal,200,0.05,0.5,0.7,500,"[20260825, 135]",-4.3258707416264475,3,0.7329700002751739,0.7199229094012592,0.1132581688189337,0.46558810955354624,1.2783769504830278,0.06596730002476567,0.0,1.0,0.984,0.26,0.19884234422093358,0.00017947360140842583,0.04756670066653723,1.862472217838657e-05,0.0,1.0,0.20511527873758656,0.0004691883399919348,0.047834235680556975,2.4466841599844186e-05,0.42807331185499325,0.0,0.19884668662066027,0.00017945504184880927,0.04756699242575174,1.8624486490436003e-05,0.04527100066017635,0.996,0.19884668662066027,0.00017945504184880927,0.04756699242575174,1.8624486490436003e-05,0.04527100066017635,0.996,0.19887154661614342,0.00017995786343511975,0.047569506245197554,1.8642102000126155e-05,0.10008751249712662,0.988,0.19899193388028777,0.00018291441061208278,0.04756871855248947,1.8123819043293534e-05,0.2893408868293729,0.758,0.388,0.002,0.002,0.14,0.0,0.0,2.485999548315482e-05,1.814428998267894e-05,0.19884234422093358
normal,200,0.05,0.5,1.0,500,"[20260825, 136]",-3.087946961997922,3,2.4563180957251776,2.4265989941144515,0.35395655288431044,1.6757447746896132,4.224762647017744,0.0,0.0,1.0,0.986,0.008,0.19483281782361025,0.000168506471883355,0.04712702517138672,1.9605590191992144e-05,0.0,1.0,0.1978599620146495,0.0002697290963912339,0.04748829916867811,3.182126854172985e-05,0.7000199917479697,0.0,0.1949068783399794,0.00017485425058414637,0.047135031720711026,2.0362612394975793e-05,0.11202851550582743,0.99,0.1949068783399794,0.00017485425058414637,0.047135031720711026,2.0362612394975793e-05,0.11202851550582743,0.99,0.19488594952659247,0.00017085036035459402,0.047135562791714165,2.0264541165865173e-05,0.09374379774263272,0.992,0.19583271455721898,0.00020933775703852752,0.04723329865474554,2.2734370052698573e-05,0.40554846778607756,0.652,0.04,0.0,0.0,0.016,0.0,0.0,-2.092881338696434e-05,3.3310443672066227e-05,0.19483281782361025
normal,200,0.05,0.5,1.25,500,"[20260825, 137]",-2.522696094161743,3,4.213130413806421,4.148438791573607,0.585636064020244,2.8027777306971453,6.173085693554198,0.2633206508629013,0.0,1.0,0.98,0.0,0.19202466985903419,0.00019342507331519617,0.046782347527677855,1.8312318893565058e-05,0.0,1.0,0.19488928532782623,0.0003943254636189965,0.047214861737522554,5.1547377372597465e-05,0.7198704275738839,0.0,0.19215428568746995,0.00020428473035004566,0.04680596957464792,2.2246351055238922e-05,0.16455480013385212,0.986,0.19215428568746995,0.00020428473035004566,0.04680596957464792,2.2246351055238922e-05,0.16455480013385212,0.986,0.1920446253621262,0.00019698346190190837,0.046786469550543386,1.8675576027049034e-05,0.08008706586378075,0.992,0.19305759698454533,0.0003055155824625113,0.04695865039107387,4.099963408720071e-05,0.4596346245897146,0.64,0.276,0.004,0.004,0.132,0.0,0.0,-0.00010966032534373582,7.109209930298786e-05,0.19202466985903419
normal,200,0.05,0.5,1.5,500,"[20260825, 138]",-2.154955254404358,3,5.84459265862002,5.795423064826957,0.7827764850605046,3.5955900568779997,9.36006527772004,1.461148164655005,0.0,1.0,0.976,0.0,0.18915798429247954,0.00021489200338432467,0.04642617172263969,1.9475976618759396e-05,0.0,1.0,0.19096823511931596,0.00035670958880153745,0.04672637740515794,4.680698962227786e-05,0.7387485530250787,0.0,0.18919786603518293,0.00021617331910189007,0.04642930851890708,1.9590249690513203e-05,0.154839832790398,0.986,0.18919786603518293,0.00021617331910189007,0.04642930851890708,1.9590249690513203e-05,0.154839832790398,0.986,0.18920715333309313,0.00021701189071822016,0.04642781087072482,1.9538909493871784e-05,0.15803704711915306,0.98,0.18972834632200863,0.00026748917799656094,0.04654441944062613,3.485905850928729e-05,0.5456842087080106,0.588,0.516,0.002,0.002,0.258,0.0,0.0,9.287297910164749e-06,1.9717231508809506e-05,0.18915798429247954
normal,200,0.05,0.5,2.0,500,"[20260825, 139]",-1.7143274073490882,3,8.562381055625577,8.435783474425952,1.1370683811672053,5.778931745662135,13.533063706315343,8.562381055625577,0.0,1.0,0.906,0.0,0.18347117810550426,0.00021178225441000355,0.04567559081007016,2.5101886314468157e-05,0.0,1.0,0.1810541623029209,0.00035103894338739026,0.045320193727439534,5.023994135240969e-05,0.7678428652681376,0.0,0.183205030704551,0.00022103068496413399,0.04564415491234355,2.7504470184903662e-05,0.26804537679966384,0.932,0.183205030704551,0.00022103068496413399,0.04564415491234355,2.7504470184903662e-05,0.26804537679966384,0.932,0.18323730938916008,0.0002195162039546334,0.04564526795074083,2.6919528887836322e-05,0.2827277378932516,0.94,0.18099396197510947,0.0002801326916699414,0.045330466763929336,4.0705740850009416e-05,0.7221839970235683,0.27,0.798,0.066,0.066,0.662,0.0,0.0,3.2278684609100324e-05,5.6493337128430765e-05,0.1810541623029209
normal,200,0.05,1.0,0.7,500,"[20260825, 140]",-4.5702985313936075,3,3.1180263208985726,2.984466285321112,0.7926774288072707,1.5666179471370063,7.6231731595631,0.2806223688808716,0.0,1.0,0.98,0.038,0.19157823723709785,0.00020446186968054052,0.04691505368022884,3.696990299976309e-05,0.0,1.0,0.1926873679032748,0.00033364850984005047,0.046858112585398154,3.468683066469277e-05,0.32186906323090514,0.0,0.19156913021414665,0.00020422081738387501,0.04690380396602584,3.603501425272435e-05,0.05626066786757543,0.988,0.19156913021414665,0.00020422081738387501,0.04690380396602584,3.603501425272435e-05,0.05626066786757543,0.988,0.19159116748142918,0.0002063249119973344,0.046908364351564064,3.687477403662192e-05,0.05494248490469805,0.988,0.1914298247007085,0.00023123431152609385,0.04682345153917892,3.368774295852627e-05,0.24324318555849014,0.58,0.618,0.01,0.01,0.336,0.0,0.0,2.2037267282544014e-05,2.494614686929056e-05,0.19157823723709785
normal,200,0.05,1.0,1.0,500,"[20260825, 141]",-3.4286548146981763,3,9.172976385469694,8.86487827256964,2.0603138690534037,4.6578746303638106,17.455616968178443,0.0,0.0,1.0,0.996,0.0,0.1776470984142944,0.00019264256929903687,0.04478439987864905,3.240643452293553e-05,0.0,1.0,0.1810877890155381,0.00038103626087698393,0.04538410741725469,7.331307296245188e-05,0.37277888950800075,0.0,0.17769010464651314,0.00020109614268130327,0.04480290709770724,3.912030965800528e-05,0.02620389371699694,0.996,0.17769010464651314,0.00020109614268130327,0.04480290709770724,3.912030965800528e-05,0.02620389371699694,0.996,0.1776470984142944,0.00019264256929903687,0.04478439987864905,3.240643452293553e-05,0.0,1.0,0.17887713182136614,0.000299186263835278,0.04501860621321308,6.0525395102024266e-05,0.22167609608049998,0.68,0.054,0.0,0.0,0.014,0.0,0.0,-4.3006232218729456e-05,3.610245925302731e-05,0.1776470984142944
normal,200,0.05,1.0,1.25,500,"[20260825, 142]",-2.93543695923504,3,13.998160954794367,13.784985759794086,2.6684958046042895,7.238421870440957,23.71034189064162,0.8748850596746479,0.0,1.0,0.976,0.0,0.1668974476211071,0.00018089205935746666,0.04286030512227213,3.210437852549516e-05,0.0,1.0,0.16911131083563147,0.00033999457936122044,0.04318912329829359,5.6344308429724646e-05,0.40706347949748417,0.0,0.1669158626242112,0.00018212836103807895,0.042862249974101714,3.2982679256385626e-05,0.07939569478891405,0.976,0.1669158626242112,0.00018212836103807895,0.042862249974101714,3.2982679256385626e-05,0.07939569478891405,0.976,0.16689178111218175,0.00018091761420295404,0.04285886178335248,3.207933647090233e-05,0.039375200449880715,0.992,0.16761282699038044,0.000245500743742465,0.04295253758508126,4.4278496320177006e-05,0.29867485848090847,0.548,0.484,0.016,0.016,0.266,0.0,0.0,-2.4081512029453632e-05,2.2682053915514808e-05,0.1668974476211071
normal,200,0.05,1.0,1.5,500,"[20260825, 143]",-2.6303738883853205,3,17.629215893218635,17.107762677842665,3.173144046763458,10.924526098188768,32.47649515934042,4.407303973304659,0.0,1.0,0.934,0.002,0.1577056874215251,0.00019483193365632878,0.04112633819304351,4.740923922870653e-05,0.0,1.0,0.1567715825428358,0.0004867437983295676,0.040679017301638414,6.864015135462197e-05,0.4761820875389304,0.0,0.15758390451825818,0.00020442270226854096,0.04110527511038734,4.877015802360838e-05,0.12260100067943973,0.96,0.15758390451825818,0.00020442270226854096,0.04110527511038734,4.877015802360838e-05,0.12260100067943973,0.96,0.15771689674396305,0.0002248575193185409,0.04111889771723396,5.292149746304765e-05,0.19992638306060181,0.942,0.15662495104670263,0.0003735996001567815,0.040800714034389764,6.219187507690581e-05,0.4387256058165297,0.342,0.79,0.038,0.038,0.572,0.0,0.0,0.0001329922257048813,9.079560750737049e-05,0.1567715825428358
normal,200,0.05,1.0,2.0,500,"[20260825, 144]",-2.2867119154145863,3,22.812097841281748,22.612571689944822,3.3491791789206538,13.063995114450146,34.479537325288234,22.812097841281748,0.0,1.0,0.722,0.0,0.14402112924133142,0.00015138333921019509,0.03825749740276642,6.597341601481419e-05,0.0,1.0,0.1327888491007676,0.0004313397888279583,0.03512793142682179,7.087331647428776e-05,0.5906495691695455,0.0,0.14126209334250714,0.00029432497727058254,0.03758036166391283,9.160967604645121e-05,0.44109323453033966,0.766,0.14126209334250714,0.00029432497727058254,0.03758036166391283,9.160967604645121e-05,0.44109323453033966,0.766,0.14138597010100923,0.0002854229097504305,0.037602745949447056,8.80026380206489e-05,0.4370218084504446,0.772,0.13260965610672795,0.0003471300933881533,0.035313564618817614,7.77756773624144e-05,0.56718836352035,0.044,0.934,0.226,0.226,0.92,0.0,0.0,0.00012387675850209718,0.00029643561045867737,0.1327888491007676
normal,200,0.05,2.0,0.7,500,"[20260825, 145]",-5.473343871696933,3,11.495850985389831,11.299757009510493,3.690829759461849,3.786675129541676,24.785086298722753,1.0346265886850852,0.0,1.0,0.906,0.0,0.1654239327424976,0.00023787042820590815,0.04220007566897863,7.601015672641254e-05,0.0,1.0,0.16260615509528828,0.0004761926618056861,0.041799784122911,7.3757622155094e-05,0.2436170190142663,0.0,0.1651455495792953,0.0002500773407510137,0.04216473685946972,7.613280387895484e-05,0.09886206644295362,0.94,0.1651455495792953,0.0002500773407510137,0.04216473685946972,7.613280387895484e-05,0.09886206644295362,0.94,0.16512668017377694,0.0002464968269082194,0.04216465593174846,7.456312004584888e-05,0.10443426274118253,0.936,0.16228515018332224,0.00031780081307878656,0.0418122082159476,7.106947401661796e-05,0.20196271074446784,0.3,0.828,0.056,0.056,0.646,0.0,0.0,-1.8869405518341988e-05,0.0001028169466149698,0.16260615509528828
normal,200,0.05,2.0,1.0,500,"[20260825, 146]",-4.573423830829173,3,19.696589637110055,19.687630218636407,3.9333138931314218,7.106022142760128,30.277806260024583,0.0,0.0,1.0,0.978,0.0,0.1287277139709316,0.00021978256361536197,0.03460242210820081,5.0798260106851914e-05,0.0,1.0,0.13321100740627476,0.0005514423962317332,0.035113454655261736,7.295381959655224e-05,0.3151495209228562,0.0,0.12904086996300057,0.0002621827210064285,0.03462655260048438,5.157591476808078e-05,0.09329055529051027,0.986,0.12904086996300057,0.0002621827210064285,0.03462655260048438,5.157591476808078e-05,0.09329055529051027,0.986,0.12885204923834662,0.00022206192388454427,0.03462133781699312,5.101292219434758e-05,0.05178266765325918,0.98,0.13034732161090148,0.00036569059000698766,0.03479406856807637,5.823571771792692e-05,0.19805540099901467,0.694,0.104,0.0,0.0,0.028,0.0,0.0,-0.0001888207246539746,0.00012144544652300549,0.1287277139709316
normal,200,0.05,2.0,1.25,500,"[20260825, 147]",-4.212240843450699,3,24.27039363468186,24.375011647796807,4.228138544146801,11.239088550390647,36.11156144451076,1.5168996021676162,0.0,1.0,0.936,0.002,0.10997027844799628,0.0001351047641317954,0.029989726628168498,4.6963739010295874e-05,0.0,1.0,0.11379451406547324,0.0008499789988868345,0.030089370021291303,6.595672210946904e-05,1.1422219693267819,0.0,0.11046840072539732,0.0002956216444351739,0.03001724294843245,4.852207499840954e-05,0.22975111565909476,0.948,0.11046840072539732,0.0002956216444351739,0.03001724294843245,4.852207499840954e-05,0.22975111565909476,0.948,0.1105765342833108,0.00045130697418055356,0.030003556244067007,4.90416206315407e-05,0.40784009704080193,0.952,0.11101948261548923,0.0003622772556229071,0.029956035461342637,5.213814750017612e-05,0.3326158990780868,0.466,0.566,0.028,0.028,0.37,0.0,0.0,0.00010813355791345592,0.00022874639523773492,0.10997027844799628
normal,200,0.05,2.0,1.5,500,"[20260825, 148]",-3.996928064001466,3,27.073223606800482,27.199999824552958,4.2366638269980585,15.010123351540173,41.32391949823115,6.768305901700121,0.0,1.0,0.846,0.004,0.09855237958755478,0.00013643075257477986,0.026848413743039132,6.215860218694806e-05,0.0,1.0,0.09870373004707367,0.0008604042631059326,0.02612447384356069,6.846752637486433e-05,1.2135771799054709,0.0,0.09820101103422761,0.00023892674907537173,0.02671283540173151,6.461169441325632e-05,0.29556549466425636,0.858,0.09820101103422761,0.00023892674907537173,0.02671283540173151,6.461169441325632e-05,0.29556549466425636,0.858,0.0985784539099636,0.00045621265694535733,0.02669033879495094,6.0365998573391275e-05,0.4622541495544888,0.866,0.09676621930149032,0.00042917859945811434,0.026183490092153983,6.289071112461865e-05,0.5024037284767927,0.194,0.782,0.116,0.116,0.678,0.0,0.0,0.00037744287573597904,0.0003778998625382893,0.09855237958755478
normal,200,0.05,2.0,2.0,500,"[20260825, 149]",-3.7595591506239066,3,29.84695809512153,29.79131420634277,4.077508219806042,14.7648895611574,41.66850907154469,29.84695809512153,0.0,1.0,0.606,0.032,0.08616327066405861,0.00011660226341864014,0.02344065760259797,8.178253330639919e-05,0.0,1.0,0.08359573892347479,0.0019329348703719057,0.020459773131486385,9.006538898548191e-05,3.241178218625613,0.0,0.08326007190848622,0.0008000970437229426,0.022208109228803556,0.00010009500004891656,1.2599268363466654,0.572,0.08326007190848622,0.0008000970437229426,0.022208109228803556,0.00010009500004891656,1.2599268363466654,0.572,0.08292245513391767,0.0007008010985242332,0.02220269366332819,0.00010153995814492293,1.07352188841965,0.568,0.07567961119157852,0.0006680700268266057,0.020480340481300537,7.334666584713542e-05,0.9176533094176242,0.034,0.858,0.394,0.394,0.906,0.0,0.0,-0.0003376167745685397,0.0005871155495302168,0.08359573892347479
normal,200,0.2,0.5,0.7,500,"[20260825, 150]",-2.209673061709373,3,5.582933920682817,5.516280900482382,0.738112858941614,3.7920704331830493,8.454561646289749,0.5024640528614537,0.0,1.0,0.96,0.0,0.49338876594941933,0.00017193417703439826,0.15774092004371507,5.965008902462382e-05,0.0,1.0,0.49363169939749585,0.00023367719257208957,0.1577745453197741,7.347223812130047e-05,0.31740982067044876,0.0,0.4933474463534764,0.0001727284061482135,0.15772029348456962,5.974608317337129e-05,0.0741158028719403,0.972,0.4933474463534764,0.0001727284061482135,0.15772029348456962,5.974608317337129e-05,0.0741158028719403,0.972,0.49336265770987425,0.0001722445192604412,0.15773075928265504,5.9731128512767235e-05,0.06009596265040596,0.976,0.493127486588333,0.0001886449824327861,0.1576429540053344,6.26358193035467e-05,0.2507529011061244,0.482,0.686,0.024,0.024,0.402,0.0,0.0,1.5211356397866526e-05,2.0234756433743927e-05,0.49338876594941933
normal,200,0.2,0.5,1.0,500,"[20260825, 151]",-1.5938999129583271,3,9.528106120674517,9.430758829039323,1.273853262188489,6.607750759738732,13.911181168028905,0.0,0.0,1.0,0.998,0.0,0.4787974468424899,0.0001599551786190384,0.15282728946467786,5.182127685720586e-05,0.0,1.0,0.48121061212083066,0.00024000887488159956,0.15361086533181498,7.714155368975855e-05,0.3147660064516148,0.0,0.47880787874559283,0.00016000073924261942,0.1528314830627228,5.186845226199978e-05,0.019084820841181183,0.998,0.47880787874559283,0.00016000073924261942,0.1528314830627228,5.186845226199978e-05,0.019084820841181183,0.998,0.4787974468424899,0.0001599551786190384,0.15282728946467786,5.182127685720586e-05,0.0,1.0,0.4795909915396493,0.0001968098557696335,0.1530894840539296,6.321943931305903e-05,0.18077189803279706,0.73,0.058,0.0,0.0,0.008,0.0,0.0,-1.043190310283626e-05,1.043190310283626e-05,0.4787974468424899
normal,200,0.2,0.5,1.25,500,"[20260825, 152]",-1.3151834292549882,3,11.782765115882695,11.707406095345922,1.4307161702476996,8.346417892880295,15.98790919904241,0.7364228197426684,0.0,1.0,0.962,0.0,0.46762484411513444,0.0001695762729610463,0.14897124244097593,5.811319127383482e-05,0.0,1.0,0.4690712930210999,0.0002588178070020083,0.1493780594396896,8.285073522741768e-05,0.34860724532713555,0.0,0.46760743933717774,0.00017002471907948678,0.1489679910388566,5.84530616473361e-05,0.06212282707077888,0.976,0.46760743933717774,0.00017002471907948678,0.1489679910388566,5.84530616473361e-05,0.06212282707077888,0.976,0.46765354117957664,0.00017040372431317654,0.14897790370110264,5.810799634031855e-05,0.08105546901451761,0.98,0.468121843982082,0.00020995627167351349,0.14909740410452763,6.778084352436646e-05,0.2714512836959127,0.542,0.552,0.022,0.022,0.302,0.0,0.0,4.610184239888071e-05,2.721231062598967e-05,0.46762484411513444
normal,200,0.2,0.5,1.5,500,"[20260825, 153]",-1.1350484931431324,3,13.481898537089798,13.477671837324682,1.466652231851146,9.396239077310263,17.43557756492801,3.3704746342724494,0.0,1.0,0.93,0.0,0.4568212228364965,0.00014350046613819151,0.14518607831903502,5.684489470885571e-05,0.0,1.0,0.4540618072056398,0.0002313529329724518,0.14408881079630265,7.544379246949472e-05,0.34917817097436665,0.0,0.456635530571558,0.0001473209906783723,0.14512081481455544,5.896826686856172e-05,0.1432524453502747,0.948,0.456635530571558,0.0001473209906783723,0.14512081481455544,5.896826686856172e-05,0.1432524453502747,0.948,0.456703045737623,0.00015155269937532746,0.14514534503909413,5.988214796970136e-05,0.12147390720227491,0.962,0.4545414507030156,0.00019550497252146832,0.14433331739618277,6.844758887074492e-05,0.34407071738077766,0.308,0.842,0.048,0.048,0.64,0.0,0.0,6.75151660650376e-05,5.618503783216453e-05,0.4540618072056398
normal,200,0.2,0.5,2.0,500,"[20260825, 154]",-0.9200381244090019,3,15.549567732355904,15.505051569926929,1.680938011034,11.153384683714084,20.835268699318913,15.549567732355904,0.0,1.0,0.668,0.0,0.43828710954899897,0.00012950475093986556,0.13849031228714334,6.724594074043336e-05,0.0,1.0,0.42085074217752744,0.0002423707775803317,0.13237591935291043,6.766540238510277e-05,0.3720932239521682,0.0,0.43523726498182136,0.0003186919338770586,0.13744163853564118,0.00012010049171498761,0.3195721228344579,0.812,0.43523726498182136,0.0003186919338770586,0.13744163853564118,0.00012010049171498761,0.3195721228344579,0.812,0.4344022578238836,0.000347384754131631,0.13716214403447793,0.00013068417465330102,0.3279901986798513,0.754,0.42168224278977107,0.0002700182344307663,0.13273132378470595,8.730907392594093e-05,0.40753324355209153,0.016,0.992,0.186,0.186,0.976,0.0,0.0,-0.0008350071579377508,0.0003959623003814087,0.42085074217752744
normal,200,0.2,1.0,0.7,500,"[20260825, 155]",-2.397425653558516,3,20.844864506970335,20.503855556181946,3.3484055398290686,12.975036725298072,30.136263301398024,1.8760378056273306,0.0,1.0,0.896,0.0,0.4653999901699156,0.00015649741345239395,0.14743204253172634,6.189423945977612e-05,0.0,1.0,0.46010428386912244,0.00023649254278230295,0.14624713184171476,7.564062385278202e-05,0.17575894755969151,0.0,0.4649497731171516,0.0001784507656835736,0.14733882439899712,6.519400475825966e-05,0.11917186012481171,0.92,0.4649497731171516,0.0001784507656835736,0.14733882439899712,6.519400475825966e-05,0.11917186012481171,0.92,0.46495470432238395,0.00017332289449888708,0.14733650658161654,6.386423707615395e-05,0.11184709139320549,0.926,0.4611190646552718,0.00022546776198996036,0.14645902038889982,7.252353714514748e-05,0.18264686146561446,0.258,0.908,0.076,0.076,0.712,0.0,0.0,4.931205232405311e-06,0.00010693720810853133,0.46010428386912244
normal,200,0.2,1.0,1.0,500,"[20260825, 156]",-1.8400762488180038,3,29.909510197613862,29.848511999548016,3.710192622375304,19.486593397272436,41.70210036811807,0.0,0.0,1.0,0.986,0.0,0.41838833806732934,0.0001833020388780701,0.13179327257488552,6.238501023433063e-05,0.0,1.0,0.42155788838826924,0.000303506982557624,0.13250816349717895,7.873368876011268e-05,0.2016076918000886,0.0,0.4184239470555492,0.0001859718102722129,0.1318004585432609,6.277818855425695e-05,0.020157674485737676,0.994,0.4184239470555492,0.0001859718102722129,0.1318004585432609,6.277818855425695e-05,0.020157674485737676,0.994,0.4184891429546261,0.00019064211253934726,0.13181269985618155,6.306927773972474e-05,0.037411892952188344,0.992,0.4195893463780149,0.00024686641397803994,0.13207067090026203,6.990972520053211e-05,0.12427364765209326,0.676,0.056,0.0,0.0,0.014,0.0,0.0,6.519589907680113e-05,6.137128811395929e-05,0.41838833806732934
normal,200,0.2,1.0,1.25,500,"[20260825, 157]",-1.5976099851054766,3,34.404204985856566,34.21537527309766,3.8827284951667864,22.28218628222298,43.74487364996368,2.1502628116160354,0.0,1.0,0.934,0.0,0.3878833485008048,0.0001571033456325524,0.12099707181538741,6.548889182328402e-05,0.0,1.0,0.38695420672197545,0.0002775864124781534,0.12049484239852913,6.971907821216736e-05,0.21613573247723428,0.0,0.3877797462510513,0.0001597565749774447,0.12095689679020621,6.580861248725416e-05,0.08332878078342057,0.952,0.3877797462510513,0.0001597565749774447,0.12095689679020621,6.580861248725416e-05,0.08332878078342057,0.952,0.3878171122120127,0.00015978065985331952,0.12097247798884297,6.593544625040361e-05,0.0793481392606063,0.966,0.3868110262196162,0.00022315192273413454,0.12057179180445285,6.467750658405074e-05,0.20345512493977508,0.346,0.748,0.04,0.04,0.556,0.0,0.0,3.736596096133982e-05,3.314187497741545e-05,0.38695420672197545
normal,200,0.2,1.0,1.5,500,"[20260825, 158]",-1.4444456194816935,3,36.48189954500664,36.225062987919685,3.5871486733271647,26.540033361046028,46.0304998039537,9.12047488625166,0.0,1.0,0.818,0.0,0.3641790380803735,0.00016046157479634594,0.11224941634869867,8.066034497710671e-05,0.0,1.0,0.35351890853822726,0.0002902443307096967,0.10919526798062634,7.459716871075587e-05,0.2345980261389282,0.0,0.3623665542333199,0.0002601740062738502,0.11176659370016095,9.442613207305267e-05,0.1787250309150883,0.854,0.3623665542333199,0.0002601740062738502,0.11176659370016095,9.442613207305267e-05,0.1787250309150883,0.854,0.36252182522283016,0.0002519923955311193,0.11183441031347721,9.476055757416579e-05,0.16271820150292338,0.87,0.35436402714770143,0.00028781245831416285,0.1095136544536347,8.443024255891516e-05,0.2514844100553943,0.076,0.97,0.144,0.144,0.906,0.0,0.0,0.00015527098951018402,0.00024345592048468132,0.35351890853822726
normal,200,0.2,1.0,2.0,500,"[20260825, 159]",-1.2644735812685899,3,39.5753894557998,39.33022673353901,3.7140091259198678,28.741780783574786,50.817992137924286,39.5753894557998,0.0,1.0,0.57,0.0,0.332166947036995,0.00011801455253635025,0.09997973241464263,8.549785616400163e-05,0.0,1.0,0.29611862407592165,0.0002824681216940921,0.09013050181213156,5.458852294190934e-05,0.3317435629758309,0.0,0.31264362226132913,0.0007913887661470114,0.09474445288919878,0.00022403927129405988,0.39872659203404054,0.442,0.31264362226132913,0.0007913887661470114,0.09474445288919878,0.00022403927129405988,0.39872659203404054,0.442,0.31171108157185884,0.000788402819478856,0.09444434973039942,0.0002207367922728022,0.39098386851204375,0.412,0.29598411709448874,0.00025242257751397173,0.09017625759330909,5.587964572350302e-05,0.32824520303502497,0.0,0.996,0.558,0.558,0.998,0.0,0.0,-0.0009325406894703246,0.0009027033461850604,0.29611862407592165
normal,200,0.2,2.0,0.7,500,"[20260825, 160]",-2.9965641637977907,3,40.31496343422217,40.5081809557219,4.221333447578083,28.049966240193708,51.38387460818397,3.6283467090799966,0.0,1.0,0.804,0.0,0.3814091737712055,0.0002254083040430049,0.1154458681811763,5.972795616335729e-05,0.0,1.0,0.36678828065449215,0.00029636719961823065,0.11354322575710428,7.083238694340419e-05,0.12157673996899582,0.0,0.3780936802860784,0.0003668865423791988,0.11504197307513443,7.19880761002965e-05,0.14429849717327312,0.796,0.3780936802860784,0.0003668865423791988,0.11504197307513443,7.19880761002965e-05,0.14429849717327312,0.796,0.37852252220909427,0.0003384599674961057,0.115100130527116,6.942719879158229e-05,0.1351477109621431,0.828,0.368657649749701,0.0003350825053655758,0.11378345817141283,7.318179395759336e-05,0.13708863706649596,0.134,0.98,0.204,0.204,0.864,0.0,0.0,0.00042884192301580746,0.0003419952729670303,0.36678828065449215
normal,200,0.2,2.0,1.0,500,"[20260825, 161]",-2.5289471625371798,3,46.288519462141295,46.41909636303751,3.8464372362078323,34.89291177559106,58.47485433148874,0.0,0.0,1.0,0.984,0.0,0.2933240606460072,0.00018601621070636843,0.08982717696251456,6.107764536390247e-05,0.0,1.0,0.29711143881064195,0.00040017154933920054,0.09033619069518346,7.568854208700339e-05,0.18161146479192322,0.0,0.29344870014968455,0.00019372174964763094,0.08984699035866345,6.175566149871528e-05,0.03241469759873231,0.988,0.29344870014968455,0.00019372174964763094,0.08984699035866345,6.175566149871528e-05,0.03241469759873231,0.988,0.29348241081332027,0.0002013720724531534,0.08984673956604583,6.27735250314796e-05,0.0419748518470938,0.988,0.29485803866722293,0.00031047484422664615,0.0900212438724817,6.872047467923432e-05,0.11910861096536199,0.684,0.048,0.0,0.0,0.012,0.0,0.0,3.3710663635646674e-05,7.242013443108404e-05,0.2933240606460072
normal,200,0.2,2.0,1.25,500,"[20260825, 162]",-2.327313172361551,3,48.259707529896694,48.30371499181458,3.7952323603181424,36.98909516734273,59.28268411481728,3.0162317206185434,0.0,1.0,0.908,0.0,0.2528746689276279,0.00013183426284669805,0.0763434076335698,5.144032423164636e-05,0.0,1.0,0.2521848674612034,0.00039135161086412693,0.07593549422716236,6.517747392982578e-05,0.23453244334586312,0.0,0.2528461709922798,0.00015908440892418885,0.07631387064772485,5.256144484208555e-05,0.10803277968566243,0.946,0.2528461709922798,0.00015908440892418885,0.07631387064772485,5.256144484208555e-05,0.10803277968566243,0.946,0.2528420322838566,0.00017202206513736298,0.07629524743696607,5.371431594077189e-05,0.12248131638257072,0.93,0.2517275994828311,0.00030560817900303756,0.07596512583121294,6.152804675548051e-05,0.2235586006160122,0.282,0.76,0.042,0.042,0.608,0.0,0.0,-4.138708423193693e-06,6.969977020461486e-05,0.2521848674612034
normal,200,0.2,2.0,1.5,500,"[20260825, 163]",-2.199840903225337,3,50.121412461943954,50.20913244227853,3.5890711743055457,38.69143958982778,59.81610732242279,12.530353115485989,0.0,1.0,0.764,0.0,0.2279646684782731,0.00012097816842839854,0.0673002137526108,5.309980209317358e-05,0.0,1.0,0.21660327161913395,0.00031227035606144727,0.0650263001841049,6.03872141933225e-05,0.26820013539977766,0.0,0.2250814590005634,0.00029323498451779424,0.06675749356681501,7.098838706531817e-05,0.21944543460742844,0.782,0.2250814590005634,0.00029323498451779424,0.06675749356681501,7.098838706531817e-05,0.21944543460742844,0.782,0.22542445078045342,0.00027485797628597203,0.06681563915028337,6.769692709524687e-05,0.2009214442344084,0.812,0.2168106601650709,0.0002718992971313372,0.06513160616499622,6.047938251759887e-05,0.2689339318902475,0.03,0.952,0.212,0.212,0.944,0.0,0.0,0.00034299177989001586,0.0003033019353617322,0.21660327161913395
normal,200,0.2,2.0,2.0,500,"[20260825, 164]",-2.0504151541172417,3,51.23110593543642,51.45085260625379,3.659797860804855,39.669464496227405,61.43161553881727,51.23110593543642,0.0,1.0,0.572,0.0,0.20084459731009394,0.00010833799292177074,0.056894777834529085,6.684742004023674e-05,0.0,1.0,0.16971268183017593,0.0005558705591155856,0.04996622243020418,5.534675927753467e-05,0.4672890331259939,0.0,0.1813168042830397,0.0007197083273000926,0.0527990542231676,0.0001563981181236064,0.4473779829341533,0.376,0.1813168042830397,0.0007197083273000926,0.0527990542231676,0.0001563981181236064,0.4473779829341533,0.376,0.18092935331853927,0.0007136409919786723,0.052702050188966384,0.00015086077616805295,0.4366401892675269,0.366,0.16869418429367652,0.0004087910387252122,0.04996913017047217,5.4379581162924556e-05,0.42757758581076816,0.0,0.984,0.622,0.622,0.988,0.0,0.0,-0.0003874509645004743,0.0007823630794961582,0.16971268183017593
normal,200,0.5,0.5,0.7,500,"[20260825, 165]",-0.5481596042002601,3,18.921987655702672,18.96088845670245,1.7505583001382212,14.582770269717251,25.72664947389985,1.702978889013241,0.0,1.0,0.782,0.0,0.6726231450815813,0.00016812478133741165,0.23932724837179026,6.795894619034488e-05,0.0,1.0,0.6700015723517615,0.00022760889178219883,0.23852000045886615,9.844678809344734e-05,0.20898719143640573,0.0,0.6719701614198,0.00018965742876863784,0.23910776423407049,7.602464735140056e-05,0.15609503822844764,0.828,0.6719701614198,0.00018965742876863784,0.23910776423407049,7.602464735140056e-05,0.15609503822844764,0.828,0.6718246495423068,0.00018819253828943926,0.23906236503712,7.619554891289455e-05,0.16012198659952928,0.804,0.6704425160459051,0.0002049818879233581,0.2386143231998555,8.637118741111124e-05,0.2023330524658551,0.316,0.85,0.164,0.164,0.634,0.0,0.0,-0.0001455118774933122,9.859687193182598e-05,0.6700015723517615
normal,200,0.5,0.5,1.0,500,"[20260825, 166]",-0.39866968039243333,3,20.23855357463463,20.229484794311855,1.736346558882898,15.019010933029023,25.965986929902463,0.0,0.0,1.0,0.96,0.0,0.6415062950235135,0.0001426608362027749,0.22544844832783525,6.35792967875823e-05,0.0,1.0,0.6442734033067691,0.0002317133918539619,0.22641175085739626,9.05823700310445e-05,0.2304480498282404,0.0,0.641644704611115,0.0001465996858253541,0.22549460040578378,6.423491479724557e-05,0.05171833443705435,0.968,0.641644704611115,0.0001465996858253541,0.22549460040578378,6.423491479724557e-05,0.05171833443705435,0.968,0.6416273445529855,0.00015050546829836403,0.22549366580429406,6.63656144182834e-05,0.04767189131705968,0.98,0.6424396088879046,0.0001856185241532295,0.22577256265477996,7.664641779871183e-05,0.1335541292658715,0.678,0.048,0.0,0.0,0.01,0.0,0.0,-1.7360058129399335e-05,4.490915656440663e-05,0.6415062950235135
normal,200,0.5,0.5,1.25,500,"[20260825, 167]",-0.3299502508062101,3,20.76622564307999,20.773939331529427,1.7856565624454448,15.71734581330005,26.600732620371453,1.2978891026924995,0.0,1.0,0.914,0.0,0.618844882763005,0.00013689456276947794,0.21525191658317122,6.401567761897373e-05,0.0,1.0,0.6190666768805326,0.0002597292840317842,0.21510044727439623,8.691275259074925e-05,0.2576061213198912,0.0,0.6188071727618483,0.00014039677245958318,0.21522176206138988,6.41498638908167e-05,0.0959815614608913,0.95,0.6188071727618483,0.00014039677245958318,0.21522176206138988,6.41498638908167e-05,0.0959815614608913,0.95,0.6188395743364034,0.00014749185986053038,0.21523980692107186,6.524149812638914e-05,0.09704372814485039,0.95,0.6186522219879437,0.00020372096390145034,0.21504434248613036,7.297382560753575e-05,0.22829871791452425,0.44,0.686,0.038,0.038,0.432,0.0,0.0,3.240157455486625e-05,5.875420249440392e-05,0.618844882763005
normal,200,0.5,0.5,1.5,500,"[20260825, 168]",-0.2842134249531738,3,21.044876041231053,20.980218777583808,1.832087157645551,16.051350366788675,26.931652557615784,5.261219010307763,0.0,1.0,0.77,0.0,0.5994268223631696,0.00014565193160410975,0.20645324633080378,7.213179975772905e-05,0.0,1.0,0.5916636484325338,0.0002498116856043622,0.2033745804903913,7.984793895763923e-05,0.2588873900601224,0.0,0.5980050893533772,0.0002144522204722695,0.20591517349477442,9.084214272224972e-05,0.19205779022542835,0.846,0.5980050893533772,0.0002144522204722695,0.20591517349477442,9.084214272224972e-05,0.19205779022542835,0.846,0.597829041890885,0.00022464748750461216,0.20587028965325344,9.525352581660974e-05,0.1786248729958107,0.838,0.5926688542421669,0.0002515426882411507,0.20383512262520687,9.150783955647708e-05,0.2843451902618544,0.124,0.944,0.148,0.148,0.844,0.0,0.0,-0.00017604746249207825,0.00021412921750106734,0.5916636484325338
normal,200,0.5,0.5,2.0,500,"[20260825, 169]",-0.22604298351630997,3,21.35530510188011,21.416826466858456,1.752016857308278,16.085370946250322,26.47501523473572,21.35530510188011,0.0,1.0,0.554,0.0,0.5685736576167467,0.00012576525811275235,0.19229525853172094,6.852546050463833e-05,0.0,1.0,0.5369551858676309,0.00024446614053823837,0.18103611924693086,6.877967701195638e-05,0.3151940474894784,0.0,0.5515195199681195,0.000693518513709482,0.1863050657813731,0.000247588039122598,0.3922142731666336,0.434,0.5515195199681195,0.000693518513709482,0.1863050657813731,0.000247588039122598,0.3922142731666336,0.434,0.5509225796056945,0.0006875229437870519,0.1860949954984106,0.00024726795488690887,0.3773234045616089,0.414,0.5372119797629915,0.00024281776312580491,0.18118985661259945,7.588465738496167e-05,0.32597841661927046,0.0,0.998,0.566,0.566,0.998,0.0,0.0,-0.000596940362425023,0.0007658785812888721,0.5369551858676309
normal,200,0.5,1.0,0.7,500,"[20260825, 170]",-0.6011472245998741,3,46.54609365312747,46.45150697998905,3.0596145154420245,37.23490027190651,54.71877446591888,4.189148428781474,0.0,1.0,0.754,0.0,0.6147245183105019,0.00020124750927181606,0.21086852427204975,7.46211914526914e-05,0.0,1.0,0.6027889868057513,0.000260195124844538,0.20805345419714064,8.256918742724433e-05,0.12749831057456473,0.0,0.6111539154571703,0.0003505159576972067,0.2099931985953807,0.00010115972502308318,0.16015032346119973,0.73,0.6111539154571703,0.0003505159576972067,0.2099931985953807,0.00010115972502308318,0.16015032346119973,0.73,0.6111938235255123,0.0003387432360132395,0.20999862585708826,9.70712690428908e-05,0.1571183505807421,0.738,0.6043144503057801,0.000297723648707995,0.20837418736674146,8.780714032096395e-05,0.14329812915824242,0.132,0.976,0.27,0.27,0.866,0.0,0.0,3.9908068342071834e-05,0.00031414618388068456,0.6027889868057513
normal,200,0.5,1.0,1.0,500,"[20260825, 171]",-0.45208596703261994,3,46.8079432710536,46.975268826273016,2.959476696004958,35.641524051299285,54.99634825991825,0.0,0.0,1.0,0.972,0.0,0.5342374597596931,0.00015681466403914886,0.1804362288509471,5.894592165082482e-05,0.0,1.0,0.5372064715358624,0.0002603230589754943,0.18113960400384835,7.483510694062715e-05,0.15640979505994362,0.0,0.5343281510222698,0.0001605167868857414,0.18045968402879664,5.951971597207792e-05,0.027301893019944675,0.986,0.5343281510222698,0.0001605167868857414,0.18045968402879664,5.951971597207792e-05,0.027301893019944675,0.986,0.5343938963544973,0.00016414082747402264,0.18047261263971803,5.959216443273435e-05,0.036543061874207805,0.982,0.5352897567108896,0.00020677861999020527,0.18068234568128536,6.643095427626871e-05,0.0930995877563749,0.682,0.052,0.0,0.0,0.01,0.0,0.0,6.574533222741974e-05,6.425345234163166e-05,0.5342374597596931
normal,200,0.5,1.0,1.25,500,"[20260825, 172]",-0.37897254629952803,3,47.26361108386238,47.36497075513479,2.855949181431513,38.43089798822834,54.717481940495055,2.9539756927413987,0.0,1.0,0.914,0.0,0.4888759288640547,0.00013402536771298706,0.1623249012391617,5.7901778234666976e-05,0.0,1.0,0.486038707452155,0.00025710052357415665,0.16135100545447859,6.388940607876065e-05,0.17391426855166572,0.0,0.48871835230477406,0.0001446027815063546,0.162262590141121,5.8431322426113827e-05,0.09355534381415195,0.944,0.48871835230477406,0.0001446027815063546,0.162262590141121,5.8431322426113827e-05,0.09355534381415195,0.944,0.48868110126057523,0.0001413817369531796,0.16226486576638222,5.9676562476841074e-05,0.08853571058043044,0.946,0.4863517568463116,0.0002191677432874281,0.16152614709186053,6.325252745013074e-05,0.17920225386415375,0.25,0.86,0.046,0.046,0.686,0.0,0.0,-3.725104419875192e-05,5.9147547216731416e-05,0.486038707452155
normal,200,0.5,1.0,1.5,500,"[20260825, 173]",-0.3274508960443001,3,46.78194977520987,46.813858314033624,2.987728050518711,37.42988927828044,55.25506547124542,11.695487443802467,0.0,1.0,0.702,0.0,0.4567356984739954,0.00012769592934363272,0.14899863320302148,6.304489186841068e-05,0.0,1.0,0.44144981177441694,0.00029561174196543103,0.14467646377840115,6.962655269235445e-05,0.21270391937048302,0.0,0.45164840640411286,0.00038623124584491063,0.1476511425769343,0.0001157469020492913,0.22277652965239017,0.712,0.45164840640411286,0.00038623124584491063,0.1476511425769343,0.0001157469020492913,0.22277652965239017,0.712,0.45216229866671837,0.0003686177771025736,0.14777998183784072,0.00011089507029869964,0.22405959908811718,0.734,0.44182487449944663,0.00028681324364634834,0.14486167771789663,7.765879940924431e-05,0.22381409399475302,0.022,0.98,0.288,0.288,0.968,0.0,0.0,0.0005138922626054038,0.00041944631357450807,0.44144981177441694
normal,200,0.5,1.0,2.0,500,"[20260825, 174]",-0.25812333977812374,3,47.027732356966936,47.104251472767714,2.815766945044498,38.86249315504857,55.11873699443115,47.027732356966936,0.0,1.0,0.6,0.0,0.4159343858490389,0.0001251118634003113,0.13143483590653834,7.14065043393315e-05,0.0,1.0,0.36915447941389495,0.00028289246172872055,0.11874345103997483,6.992707897830455e-05,0.29157227823555676,0.0,0.3827486731277438,0.0009219762724977474,0.12250189712381088,0.0002543782898128373,0.3609517702890213,0.268,0.3827486731277438,0.0009219762724977474,0.12250189712381088,0.0002543782898128373,0.3609517702890213,0.268,0.38163210915672996,0.0009018282979913657,0.12224103296021133,0.00025290757660443414,0.3449424377609116,0.244,0.3690078380761758,0.0002656287680052126,0.11877191558677481,7.170304279368499e-05,0.28924186721794737,0.0,0.998,0.732,0.732,1.0,0.0,0.0,-0.0011165639710138734,0.0011014980085871833,0.36915447941389495
normal,200,0.5,2.0,0.7,500,"[20260825, 175]",-0.6923660444400166,3,56.070005112919326,56.044521286325036,2.846193981752777,46.887782652813456,65.35275663826516,5.04630046016274,0.0,1.0,0.758,0.0,0.47846831839813775,0.00022825159154343946,0.15436267864752615,7.870660399160245e-05,0.0,1.0,0.4586480310029884,0.00023613587031819715,0.1510582479075868,6.188041133291826e-05,0.0985228370802111,0.0,0.4730391492626819,0.00046694920855822975,0.15340319147826198,9.818483977293224e-05,0.15286955825764012,0.742,0.4730391492626819,0.00046694920855822975,0.15340319147826198,9.818483977293224e-05,0.15286955825764012,0.742,0.4731649694677568,0.0004691473864103804,0.1534542987933106,0.00010039925227328151,0.14920474267727438,0.744,0.4606302846959857,0.00032892769650383146,0.15135308196117964,6.955458744515977e-05,0.11793716496709356,0.076,0.996,0.258,0.258,0.924,0.0,0.0,0.00012582020507484947,0.00047677313898549726,0.4586480310029884
normal,200,0.5,2.0,1.0,500,"[20260825, 176]",-0.5162466795562475,3,55.548839555061974,55.52556327354325,2.977132139322611,46.7258647293956,62.75485624284614,0.0,0.0,1.0,0.976,0.0,0.3661725359138653,0.0001672411720089745,0.11823908720785228,5.3799972790690975e-05,0.0,1.0,0.36935531773229485,0.0003395066400247495,0.11875755901481228,6.516827480462886e-05,0.15066314183660262,0.0,0.3663224022662896,0.00018168384514954258,0.11826018744834903,5.433456344631225e-05,0.03321089192319333,0.984,0.3663224022662896,0.00018168384514954258,0.11826018744834903,5.433456344631225e-05,0.03321089192319333,0.984,0.3664745341771821,0.00023909224801000445,0.11828258171967501,5.644846068008008e-05,0.05060693866824825,0.988,0.36739024416942584,0.0002739457410388631,0.11844109882937762,5.995260502248973e-05,0.09665738121623707,0.716,0.056,0.002,0.002,0.02,0.0,0.0,0.00015213191089259048,0.0001846344764166029,0.3661725359138653
normal,200,0.5,2.0,1.25,500,"[20260825, 177]",-0.4259336570781149,3,55.29000734283353,55.346306643167374,2.8164906642703342,47.77802494181509,63.37804225293158,3.455625458927096,0.0,1.0,0.906,0.0,0.31758180269854547,0.00014201431920079791,0.10068938305250143,5.5663648551796616e-05,0.0,1.0,0.31529918457493605,0.00032903581504906875,0.10001485505456148,6.770280490396456e-05,0.1918647124542025,0.0,0.3174462046654246,0.00015119529903172415,0.10064107230046272,5.6398310950295926e-05,0.1067510670908903,0.934,0.3174462046654246,0.00015119529903172415,0.10064107230046272,5.6398310950295926e-05,0.1067510670908903,0.934,0.317417758819911,0.0001527567409619336,0.10063968827854723,5.6775535900028995e-05,0.10249000893322431,0.932,0.3154607368847936,0.0002648223943646007,0.10014355142447792,6.43930532395496e-05,0.19350000767268727,0.242,0.832,0.048,0.048,0.68,0.0,0.0,-2.8445845513674238e-05,5.879336758027173e-05,0.31529918457493605
normal,200,0.5,2.0,1.5,500,"[20260825, 178]",-0.3622576368137276,3,54.85355680443808,54.84385645315666,2.744458865562726,46.00580684876679,63.65204715512968,13.71338920110952,0.0,1.0,0.706,0.0,0.2877079066082439,0.00012019003556220085,0.08911631733868838,5.445140520575054e-05,0.0,1.0,0.2744232976676011,0.0004389720115790518,0.08603453086530767,6.717161229794504e-05,0.26575389983496367,0.0,0.28374117803413934,0.0003616160770330578,0.08826066697032411,8.533657302134732e-05,0.23711913538507584,0.746,0.28374117803413934,0.0003616160770330578,0.08826066697032411,8.533657302134732e-05,0.23711913538507584,0.746,0.2838707839011397,0.0003621069644506494,0.0882944181611068,8.581853936437273e-05,0.236505380780736,0.748,0.274420923725638,0.00037763334631825944,0.08614212010516392,6.75623011697386e-05,0.2671187200039156,0.014,0.958,0.25,0.25,0.958,0.0,0.0,0.00012960586700031828,0.0004013093700784559,0.2744232976676011
normal,200,0.5,2.0,2.0,500,"[20260825, 179]",-0.2771520089265439,3,54.380289997698966,54.37719662975436,3.0192870719873843,45.47574868780643,62.996071015472694,54.380289997698966,0.0,1.0,0.574,0.0,0.25466057480731,9.604466632721605e-05,0.07565263497515261,4.9162700864494006e-05,0.0,1.0,0.21535377980140258,0.0002902928529418194,0.06728999978780788,6.326540727218651e-05,0.35182573419739194,0.0,0.2286049086485652,0.0007993705242737793,0.07010262138012413,0.00017585390152489403,0.36814507183593115,0.312,0.2286049086485652,0.0007993705242737793,0.07010262138012413,0.00017585390152489403,0.36814507183593115,0.312,0.22827787689763873,0.0007912722353504109,0.07002181166514833,0.00017400085798550862,0.38524059330232235,0.302,0.21513247591698814,0.000258633443161754,0.06728469298786968,6.103048873410581e-05,0.3380998393406233,0.0,1.0,0.688,0.688,1.0,0.0,0.0,-0.0003270317509264607,0.0009198253418928541,0.21535377980140258
normal,400,0.05,0.5,0.7,500,"[20260825, 180]",-4.3258707416264475,3,1.472626123078991,1.4559686180426732,0.16719948487261785,1.0571311925940223,2.2530369474180487,0.13253635107710923,0.0,1.0,0.988,0.126,0.19730154843992898,8.098109978104912e-05,0.047403009023447094,9.751597189991982e-06,0.0,1.0,0.20057608360240659,0.000370872412301674,0.04754586730821737,1.8540204148090402e-05,0.3547463736732918,0.0,0.19731726637738212,8.723796748062535e-05,0.047402963230207346,9.743255831483556e-06,0.06879933737195847,0.996,0.19731726637738212,8.723796748062535e-05,0.047402963230207346,9.743255831483556e-06,0.06879933737195847,0.996,0.19729723654909118,8.083943739534796e-05,0.04740242781768895,9.708947444241982e-06,0.03852221129928319,0.992,0.19728851341549006,8.511719482179497e-05,0.04739219744088746,9.331250561265745e-06,0.259208736488169,0.618,0.468,0.002,0.002,0.29,0.0,0.0,-2.0029828290938856e-05,1.839096066281575e-05,0.19730154843992898
normal,400,0.05,0.5,1.0,500,"[20260825, 181]",-3.087946961997922,3,4.9444299569358074,4.9200978005703035,0.4944745599939665,3.668045070016663,6.809045452305881,0.0,0.0,1.0,0.99,0.0,0.1936671265286202,8.353826950203218e-05,0.04699570677684399,9.039310409966776e-06,0.0,1.0,0.19518099628742067,0.0001373268075343011,0.04718879989065437,1.6679911539372582e-05,0.4937621035172589,0.0,0.19367385347135285,8.35351136594769e-05,0.04699615368526209,9.035128042418718e-06,0.03155390821800085,0.994,0.19367385347135285,8.35351136594769e-05,0.04699615368526209,9.035128042418718e-06,0.03155390821800085,0.994,0.193667771448912,8.354044470185873e-05,0.046995812131297623,9.033892246265668e-06,0.012993515285717214,0.996,0.19424008809505525,0.00011210736675346565,0.04706597554096757,1.2617795068262718e-05,0.30485602422611985,0.656,0.022,0.0,0.0,0.01,0.0,0.0,-6.082022440837942e-06,4.01841567455306e-06,0.1936671265286202
normal,400,0.05,0.5,1.25,500,"[20260825, 182]",-2.522696094161743,3,8.383133585518586,8.31131608720841,0.825658625770335,6.427289658814221,10.99573416354285,0.5239458490949116,0.0,1.0,0.988,0.0,0.1906159622957471,9.386191920352218e-05,0.04663345019254153,9.519644073334852e-06,0.0,1.0,0.1915444337857257,0.00012777587393507676,0.04679559933449039,1.901220842965863e-05,0.462445921219045,0.0,0.19062412462325665,9.436667685622439e-05,0.0466370621282685,1.0142080563570301e-05,0.05155161103089537,0.994,0.19062412462325665,9.436667685622439e-05,0.0466370621282685,1.0142080563570301e-05,0.05155161103089537,0.994,0.1906182132518844,9.384239050843735e-05,0.046634289193556125,9.565436476554138e-06,0.04424474586311072,0.994,0.19087559939020132,0.00010471506070491218,0.046686264283911476,1.420060685489143e-05,0.3030253472157158,0.612,0.414,0.004,0.004,0.2,0.0,0.0,-5.911371372261054e-06,9.889111901428299e-06,0.1906159622957471
normal,400,0.05,0.5,1.5,500,"[20260825, 183]",-2.154955254404358,3,11.734923976922337,11.63293179020078,1.1839791183439166,7.881777740130335,15.608454378078953,2.9337309942305843,0.0,1.0,0.98,0.0,0.18759234610925232,8.587651936596697e-05,0.04626299277336047,1.0870725598810256e-05,0.0,1.0,0.18749460869888876,0.00013364831986414742,0.04627482654927666,2.112810635550586e-05,0.48717667130307946,0.0,0.18762204884393624,8.786567963775634e-05,0.046273607481861004,1.3027174506646749e-05,0.13999006226214147,0.986,0.18762204884393624,8.786567963775634e-05,0.046273607481861004,1.3027174506646749e-05,0.13999006226214147,0.986,0.18760235859546978,8.755992354299785e-05,0.0462678333657784,1.2770781587043654e-05,0.1108328276825411,0.988,0.18731768108024888,0.00010966115285206176,0.04623653954220778,1.7272108683714026e-05,0.4253053577760327,0.432,0.704,0.004,0.004,0.474,0.0,0.0,-1.9690248466461723e-05,1.428985006008273e-05,0.18749460869888876
normal,400,0.05,0.5,2.0,500,"[20260825, 184]",-1.7143274073490882,3,17.09179314694,17.06471143289059,1.475085162253402,12.682594690710493,22.536575756682183,17.09179314694,0.0,1.0,0.9,0.0,0.18184923389825605,8.619643007476923e-05,0.04552455497958063,1.5138621026999463e-05,0.0,1.0,0.17730478864324709,0.00012732554932005192,0.04475131908974009,2.4322094977389497e-05,0.47613534293864057,0.0,0.18157326331514426,0.00010037258859710889,0.04548071232435207,1.741842229191677e-05,0.2103780699932093,0.94,0.18157326331514426,0.00010037258859710889,0.04548071232435207,1.741842229191677e-05,0.2103780699932093,0.94,0.18163993009178664,9.705042622626944e-05,0.04548495057525965,1.720461122689788e-05,0.2046251417994549,0.95,0.17788214792418688,0.0001389956548747744,0.04485481168715616,2.5864620873091524e-05,0.5261999396028374,0.124,0.958,0.06,0.06,0.862,0.0,0.0,6.666677664239117e-05,6.190585088265491e-05,0.17730478864324709
normal,400,0.05,1.0,0.7,500,"[20260825, 185]",-4.5702985313936075,3,6.491116165770929,6.255493025362615,1.3508155622422862,3.792277552028386,13.8335512871583,0.5842004549193838,0.0,1.0,0.974,0.0,0.18990862687746296,7.487572390714524e-05,0.04672791837061699,2.363188801714347e-05,0.0,1.0,0.18895977350539528,0.00011436833404553097,0.04647764897951274,1.75917562823086e-05,0.22993526616165325,0.0,0.18987378202734373,7.595255503832095e-05,0.0467207790907125,2.3640075552411848e-05,0.055783340533179064,0.982,0.18987378202734373,7.595255503832095e-05,0.0467207790907125,2.3640075552411848e-05,0.055783340533179064,0.982,0.1898891000506844,7.574047938064707e-05,0.04672508319546681,2.3671267477746817e-05,0.04388033860860395,0.988,0.1891268606220516,9.292047239653026e-05,0.04653650769031605,1.895283694177048e-05,0.21322587065703008,0.392,0.814,0.018,0.018,0.546,0.0,0.0,1.5318023340706644e-05,1.407996334019598e-05,0.18895977350539528
normal,400,0.05,1.0,1.0,500,"[20260825, 186]",-3.4286548146981763,3,18.45644747846002,18.183755770449533,3.0194220925965034,11.325228343200443,29.41518350582617,0.0,0.0,1.0,0.992,0.0,0.17587924207822805,8.27257992435051e-05,0.04449448243762417,1.4929460874111116e-05,0.0,1.0,0.17732411748759577,0.0001399926500824417,0.044784414283490365,2.772290501253593e-05,0.2478993913944645,0.0,0.1758867601795008,8.307957348993875e-05,0.044495057319456945,1.4943512280004223e-05,0.016688247415845837,0.998,0.1758867601795008,8.307957348993875e-05,0.044495057319456945,1.4943512280004223e-05,0.016688247415845837,0.998,0.17588803167685158,8.303158053385708e-05,0.044496559956360884,1.5043533890903597e-05,0.019900781178094247,0.994,0.1764008834055154,0.00011345821546612756,0.04460319412056428,2.1387553131495695e-05,0.14902791098720203,0.71,0.06,0.0,0.0,0.002,0.0,0.0,1.2714973507559347e-06,9.664910220324424e-06,0.17587924207822805
normal,400,0.05,1.0,1.25,500,"[20260825, 187]",-2.93543695923504,3,27.97790164155824,27.706829754092183,3.8521016233418024,16.382659700052756,41.260166096465994,1.74861885259739,0.0,1.0,0.982,0.0,0.1653971531896284,7.740216364391721e-05,0.04261200689523843,1.8394259980080565e-05,0.0,1.0,0.1655849762241924,0.00013724899851650594,0.04264455700153767,3.0426159118859686e-05,0.2654064325668121,0.0,0.16538661539546734,7.770671485421898e-05,0.042612282643092275,1.8412457736629652e-05,0.03979827029137573,0.988,0.16538661539546734,7.770671485421898e-05,0.042612282643092275,1.8412457736629652e-05,0.03979827029137573,0.988,0.1654152626812133,7.931789774525937e-05,0.0426219271080206,1.9341245133492342e-05,0.05611529826411936,0.99,0.16529043711271652,0.00010475263319501961,0.04259633258608145,2.4121461664967294e-05,0.21879230117723628,0.454,0.658,0.012,0.012,0.418,0.0,0.0,2.8647285745940664e-05,1.6851834108301548e-05,0.1653971531896284
normal,400,0.05,1.0,1.5,500,"[20260825, 188]",-2.6303738883853205,3,35.41747903713226,35.06395511973027,4.497322263110393,21.61143582205355,49.94183244514491,8.854369759283065,0.0,1.0,0.9,0.0,0.1563974095942835,8.091745532427985e-05,0.040855016104078,2.850229158183679e-05,0.0,1.0,0.1530774190485713,0.00015150286989320608,0.04002952681159664,3.301812077300727e-05,0.28918484021270835,0.0,0.1560781078542604,9.774229871417673e-05,0.0407778825254494,3.074223545111441e-05,0.14926648336631942,0.922,0.1560781078542604,9.774229871417673e-05,0.0407778825254494,3.074223545111441e-05,0.14926648336631942,0.922,0.15617057298342746,9.896735158065301e-05,0.04078915958388752,3.0457943872415685e-05,0.13268808223156994,0.944,0.1534056423354598,0.00013894223449993867,0.04013476948599235,3.3621141114954705e-05,0.3030414184099947,0.14,0.928,0.076,0.076,0.834,0.0,0.0,9.246512916709537e-05,7.300026807664014e-05,0.1530774190485713
normal,400,0.05,1.0,2.0,500,"[20260825, 189]",-2.2867119154145863,3,45.3976071639826,44.99191378588462,4.50095514634941,34.69286665760933,59.998182921268985,45.3976071639826,0.0,1.0,0.662,0.0,0.14291182554207313,9.192661607281782e-05,0.03815521120383095,4.8302492144905963e-05,0.0,1.0,0.12892679643268118,0.00019002241097715322,0.03445489269787917,3.323665235329757e-05,0.3632240469913561,0.0,0.13850523733821216,0.00030212415574452114,0.03706392233424107,8.716267758461014e-05,0.36786794986947463,0.68,0.13850523733821216,0.00030212415574452114,0.03706392233424107,8.716267758461014e-05,0.36786794986947463,0.68,0.13867668140012385,0.0003000614246656727,0.037081437736633374,8.623204415649169e-05,0.3832380476382533,0.69,0.1290315512737821,0.000180479995474514,0.03453813573998193,3.8250780463084976e-05,0.36784698012968803,0.01,0.99,0.32,0.32,0.984,0.0,0.0,0.00017144406191165596,0.0003312349086371692,0.12892679643268118
normal,400,0.05,2.0,0.7,500,"[20260825, 190]",-5.473343871696933,3,23.66839343846385,23.54470283209443,5.13892714696014,10.311845206772674,39.41219000704473,2.130155409461747,0.0,1.0,0.896,0.0,0.16341805319723687,0.00010057814335579586,0.04179451859482057,3.941822807565493e-05,0.0,1.0,0.15816639747052164,0.0001550060349910195,0.04108952184871436,2.9402341704768062e-05,0.14678490827988058,0.0,0.16295264134179127,0.0001255409685112998,0.04174896380096776,4.029849068400795e-05,0.10286788634223988,0.924,0.16295264134179127,0.0001255409685112998,0.04174896380096776,4.029849068400795e-05,0.10286788634223988,0.924,0.1628407887358489,0.00012386201899649722,0.04171462093223497,3.854021805742706e-05,0.11415975523742303,0.908,0.15874741119684113,0.00014594035392562966,0.041167801778379955,3.089711358892895e-05,0.15385933139944907,0.146,0.942,0.076,0.076,0.836,0.0,0.0,-0.00011185260594238039,9.571097953602036e-05,0.15816639747052164
normal,400,0.05,2.0,1.0,500,"[20260825, 191]",-4.573423830829173,3,40.36340149287513,40.256830136066824,5.738104380609682,24.429317995871852,61.805364178945325,0.0,0.0,1.0,0.986,0.0,0.12711656625202625,7.610206105012792e-05,0.034195634296224055,2.01978170506371e-05,0.0,1.0,0.12874396312912723,0.00016277090136917162,0.03441787208286678,2.93094339051394e-05,0.17891094620403591,0.0,0.12716002393241463,7.921466772702504e-05,0.034202297413750686,2.061894827105282e-05,0.02876222320274488,0.992,0.12716002393241463,7.921466772702504e-05,0.034202297413750686,2.061894827105282e-05,0.02876222320274488,0.992,0.12713915578737237,7.863725850406975e-05,0.034196874188903804,2.0121230371157222e-05,0.02140856141343789,0.994,0.12767502741133652,0.00011875247062740446,0.034264430929385976,2.3234283725302528e-05,0.1079462543177307,0.71,0.062,0.0,0.0,0.014,0.0,0.0,-2.0868145042253982e-05,2.7310977314400938e-05,0.12711656625202625
normal,400,0.05,2.0,1.25,500,"[20260825, 192]",-4.212240843450699,3,48.910982792335815,48.56459431401323,6.36505059454814,30.93321037049113,68.73780389910812,3.0569364245209885,0.0,1.0,0.942,0.0,0.10913077187249311,0.00010074086817121534,0.0297053332313516,3.5754384047420076e-05,0.0,1.0,0.10859234460508722,0.0002181030662761067,0.02947823751500296,3.226258066089508e-05,0.2304798206757368,0.0,0.10913546192100984,0.00011024710338987751,0.029693622855796575,3.4989207042974555e-05,0.09032612297213889,0.966,0.10913546192100984,0.00011024710338987751,0.029693622855796575,3.4989207042974555e-05,0.09032612297213889,0.966,0.10910146683062763,0.00010559905488146365,0.029690880172838788,3.508131707075109e-05,0.0823544265125162,0.962,0.10855956070941644,0.00017291197934061106,0.02954172705033425,3.2347665086196234e-05,0.2156569438641975,0.326,0.784,0.022,0.022,0.592,0.0,0.0,-3.3995090382208745e-05,3.5003944207031345e-05,0.10859234460508722
normal,400,0.05,2.0,1.5,500,"[20260825, 193]",-3.996928064001466,3,54.14273132247137,54.07349686144817,5.842391032297011,36.49650754636696,72.53830078279245,13.535682830617842,0.0,1.0,0.828,0.0,0.09751141745666646,6.183253853783745e-05,0.02656942217062838,3.894809057505187e-05,0.0,1.0,0.09245461870922786,0.00019475407837622513,0.025403251753426778,3.133737297676601e-05,0.285570047890312,0.0,0.09674213963574929,0.00012211613814707475,0.02641917869428256,4.258126843316644e-05,0.19968388192455477,0.864,0.09674213963574929,0.00012211613814707475,0.02641917869428256,4.258126843316644e-05,0.19968388192455477,0.864,0.09660096594267081,0.00012117089762626896,0.02639189052118668,4.3108140420723756e-05,0.1718199719768527,0.858,0.09261547282707826,0.0001611238294805588,0.025504910308996542,3.358319443739589e-05,0.2842803432339882,0.036,0.944,0.132,0.132,0.934,0.0,0.0,-0.00014117369307846764,0.00012848133197856484,0.09245461870922786
normal,400,0.05,2.0,2.0,500,"[20260825, 194]",-3.7595591506239066,3,60.51644665609888,60.63990083186518,5.985066965569679,42.3858909517993,76.81857300158718,60.51644665609888,0.0,1.0,0.56,0.0,0.085290844314473,6.328691439242012e-05,0.02296515127412986,5.6596028106408305e-05,0.0,1.0,0.07113106228583234,0.00030968525360852906,0.01972111292840896,3.4019865934029174e-05,0.554585563604617,0.0,0.0770671913009804,0.0003397950701464997,0.02124101995720682,8.696511955412038e-05,0.4458050040273008,0.434,0.0770671913009804,0.0003397950701464997,0.02124101995720682,8.696511955412038e-05,0.4458050040273008,0.434,0.07678321081546756,0.00033249524348664267,0.02114971698015416,8.202485065681036e-05,0.4395687748343764,0.416,0.07065318450044947,0.00023319926277381718,0.01972854264167342,3.442596793711812e-05,0.4984368762625374,0.0,0.966,0.564,0.564,0.98,0.0,0.0,-0.000283980485512856,0.0003521845639559165,0.07113106228583234
normal,400,0.2,0.5,0.7,500,"[20260825, 195]",-2.209673061709373,3,11.210873866357211,11.246332135531304,1.1328299411697365,7.9360226089307,14.78840016435995,1.0089786479721492,0.0,1.0,0.958,0.0,0.4918455891021101,8.396039079787303e-05,0.15720121262891518,3.094547282246292e-05,0.0,1.0,0.49093645219401866,0.00011143705147965413,0.15691247651762805,3.75043831334689e-05,0.23031611851895828,0.0,0.4918104248534406,8.534155915042119e-05,0.15719115791895724,3.130695910690877e-05,0.06961312747073901,0.976,0.4918104248534406,8.534155915042119e-05,0.15719115791895724,3.130695910690877e-05,0.06961312747073901,0.976,0.49181679044245674,8.544076399691327e-05,0.1571894301293943,3.106624443464275e-05,0.05716536133175581,0.982,0.49101229387060064,9.819693731198308e-05,0.15694200763697683,3.4341865196729373e-05,0.21233194308490086,0.37,0.79,0.022,0.022,0.566,0.0,0.0,6.365589016152806e-06,1.702059461644523e-05,0.49093645219401866
normal,400,0.2,0.5,1.0,500,"[20260825, 196]",-1.5938999129583271,3,18.978043658501313,18.883933256611886,1.717549110230144,14.306442900912515,24.29581107940649,0.0,0.0,1.0,0.992,0.0,0.4777247341369261,8.832032212475444e-05,0.15247061076344579,2.9257144538709812e-05,0.0,1.0,0.4790542401522628,0.00012366900435341368,0.15288114655434656,3.980412762542744e-05,0.23505987627910765,0.0,0.47774012335348404,8.909013879506826e-05,0.15247615531951678,2.9587403557450047e-05,0.025523338456012006,0.996,0.47774012335348404,8.909013879506826e-05,0.15247615531951678,2.9587403557450047e-05,0.025523338456012006,0.996,0.4777314649485865,8.838473635563912e-05,0.1524721101167712,2.924988291160642e-05,0.016817191458117418,0.996,0.4781736705820703,0.00010541861217865302,0.15260617056909667,3.420462589472186e-05,0.1364081351500535,0.672,0.03,0.0,0.0,0.006,0.0,0.0,-8.65840489751113e-06,1.4254431025897741e-05,0.4777247341369261
normal,400,0.2,0.5,1.25,500,"[20260825, 197]",-1.3151834292549882,3,23.6778240376753,23.654674175988507,1.891748202537143,18.494097623943063,29.8192041776847,1.4798640023547063,0.0,1.0,0.982,0.0,0.46635890912513434,9.0462221239575e-05,0.14854473108202457,3.3020024658919504e-05,0.0,1.0,0.4662872652850482,0.00012776087450209935,0.14847668954647628,4.281104483931489e-05,0.24037403313813815,0.0,0.46635928648192077,9.062084036722711e-05,0.1485426044833242,3.306147453263464e-05,0.05827232265692026,0.986,0.46635928648192077,9.062084036722711e-05,0.1485426044833242,3.306147453263464e-05,0.05827232265692026,0.986,0.466357009543895,9.048602219763968e-05,0.1485431063175917,3.3062999776064965e-05,0.05069149360426014,0.988,0.4661253917052314,0.00010718641931219052,0.14844563621764587,3.729488080674505e-05,0.2049999231465385,0.418,0.71,0.008,0.008,0.474,0.0,0.0,-2.276938025903008e-06,4.88320965051163e-06,0.4662872652850482
normal,400,0.2,0.5,1.5,500,"[20260825, 198]",-1.1350484931431324,3,26.87277544451756,26.671466803098788,2.085699545488124,21.745380192052334,35.67139032407171,6.71819386112939,0.0,1.0,0.904,0.0,0.4557905449041759,8.162308236370542e-05,0.14481541408709944,3.464063459728807e-05,0.0,1.0,0.45156342139231564,0.00011558448095505606,0.14332987233578032,3.825899530974235e-05,0.24545481327597582,0.0,0.4554274499670861,9.91131110076666e-05,0.14469360658379277,3.926349935237121e-05,0.13536472856302936,0.93,0.4554274499670861,9.91131110076666e-05,0.14469360658379277,3.926349935237121e-05,0.13536472856302936,0.93,0.4555045591760893,9.580798383016459e-05,0.144731800465542,3.849349201701118e-05,0.11851404628242035,0.946,0.45207346748609917,0.00012369980892722735,0.14352483370964034,4.266706584598869e-05,0.2676850030682295,0.138,0.96,0.07,0.07,0.852,0.0,0.0,7.710920900318352e-05,7.21026868175635e-05,0.45156342139231564
normal,400,0.2,0.5,2.0,500,"[20260825, 199]",-0.9200381244090019,3,31.063841826647412,31.023544010283377,2.2603604546749883,25.09974411771859,37.86260768425516,31.063841826647412,0.0,1.0,0.564,0.0,0.43721691387694,7.214336718412022e-05,0.13806364270049545,4.444356415121754e-05,0.0,1.0,0.4182694946211609,0.0001071519022479224,0.13163516812672937,3.365124667533504e-05,0.25370604753091197,0.0,0.43104069651149723,0.00039174650050996144,0.13599418269022512,0.00013767989787180307,0.35662906090987573,0.66,0.43104069651149723,0.00039174650050996144,0.13599418269022512,0.00013767989787180307,0.35662906090987573,0.66,0.4299753156928425,0.00040634455263320943,0.1356208416655658,0.0001424995154658241,0.365197835678591,0.602,0.41844903163131786,0.00011616623754267013,0.13171189707654615,3.915856219631984e-05,0.26662827770450537,0.0,1.0,0.34,0.34,1.0,0.0,0.0,-0.0010653808186547513,0.0005052461670476435,0.4182694946211609
normal,400,0.2,1.0,0.7,500,"[20260825, 200]",-2.397425653558516,3,42.40924520518052,42.547934459851646,4.799789007926385,29.495936333469757,56.077048090966265,3.8168320684662476,0.0,1.0,0.864,0.0,0.4642098493299401,8.834969399913465e-05,0.14703492196145448,3.63282733705368e-05,0.0,1.0,0.4575663320112332,0.00012233603072071486,0.14541749729178186,4.005874776425838e-05,0.12381767575827927,0.0,0.46338285353402364,0.0001322306816955568,0.14682890961028114,4.2162660438449006e-05,0.12925129732058438,0.878,0.46338285353402364,0.0001322306816955568,0.14682890961028114,4.2162660438449006e-05,0.12925129732058438,0.878,0.4636133555807482,0.00012531429231982144,0.14688777393891483,4.174763960465181e-05,0.1119118349833896,0.914,0.458274581729739,0.0001381177668594559,0.14557873825358877,4.2301147240168314e-05,0.1407089368530788,0.088,0.98,0.122,0.122,0.906,0.0,0.0,0.00023050204672450648,0.00012068805523941658,0.4575663320112332
normal,400,0.2,1.0,1.0,500,"[20260825, 201]",-1.8400762488180038,3,60.12343300913211,60.3504968531136,4.8734928049184525,44.995728348489074,74.93454499867727,0.0,0.0,1.0,0.996,0.0,0.4171347313356677,8.83603272750743e-05,0.13135690621500726,3.1936585143722335e-05,0.0,1.0,0.4184574557079761,0.00012798811991485083,0.13168195410009048,4.0603883922490565e-05,0.1310841062208744,0.0,0.41715531719345084,9.364650336925748e-05,0.13136281789131238,3.33569518357586e-05,0.015204315020469558,0.998,0.41715531719345084,9.364650336925748e-05,0.13136281789131238,3.33569518357586e-05,0.015204315020469558,0.998,0.4171394976109966,8.863171659371262e-05,0.1313573927522558,3.19554690244303e-05,0.00804622796895383,0.998,0.4176003431007817,0.00010835447474812535,0.13147365364817012,3.64392281001557e-05,0.07758098017561459,0.702,0.03,0.0,0.0,0.008,0.0,0.0,-1.5819582454220216e-05,2.113972987436309e-05,0.4171347313356677
normal,400,0.2,1.0,1.25,500,"[20260825, 202]",-1.5976099851054766,3,68.3415430279852,68.620261265317,5.227477730384015,53.97309693355301,81.94834614084618,4.271346439249075,0.0,1.0,0.928,0.0,0.38661726557450926,7.92688171833113e-05,0.12054794757679715,3.6266414723425084e-05,0.0,1.0,0.3841126522588102,0.00015392219946012544,0.11975423865155731,4.183251979536999e-05,0.15301338174031354,0.0,0.3865124206532138,9.009631716388444e-05,0.12052476055982456,3.888403237174248e-05,0.09085226929496754,0.944,0.3865124206532138,9.009631716388444e-05,0.12052476055982456,3.888403237174248e-05,0.09085226929496754,0.944,0.3865865072302689,8.707641014231316e-05,0.12053339479398593,3.7750856190978395e-05,0.0776286569036991,0.968,0.38455934032392614,0.00014078460956606364,0.11991915605894576,4.322590253398947e-05,0.16450731199847551,0.208,0.916,0.048,0.048,0.754,0.0,0.0,7.408657705503041e-05,3.57861449788753e-05,0.3841126522588102
normal,400,0.2,1.0,1.5,500,"[20260825, 203]",-1.4444456194816935,3,73.30774968761261,73.45272485156585,5.1694742914001015,57.720242192275876,88.71132415175845,18.326937421903153,0.0,1.0,0.728,0.0,0.3629822496235115,8.046530739985813e-05,0.11169570565712686,4.062473735379882e-05,0.0,1.0,0.3508283460931198,0.00014613979069129975,0.10846313501118254,3.7276041636202495e-05,0.17085003650853509,0.0,0.35989563344364817,0.0002618653005799052,0.11089647585069176,7.52572153617323e-05,0.22460458451396997,0.762,0.35989563344364817,0.0002618653005799052,0.11089647585069176,7.52572153617323e-05,0.22460458451396997,0.762,0.3602226955370145,0.00024573669160322405,0.11099246704954513,7.17086572810619e-05,0.2177707493691957,0.786,0.35099902482001494,0.00014575704991859174,0.10852582479189425,3.909600481071602e-05,0.17993870482168647,0.004,0.99,0.238,0.238,0.988,0.0,0.0,0.00032706209336636936,0.0003079241150055026,0.3508283460931198
normal,400,0.2,1.0,2.0,500,"[20260825, 204]",-1.2644735812685899,3,79.18699066328385,79.31889402146838,4.936325358462511,62.2466203162122,93.55739964138013,79.18699066328385,0.0,1.0,0.692,0.0,0.3310783423088743,5.391483033673583e-05,0.09949986440394676,5.378316227574627e-05,0.0,1.0,0.2931243183603606,0.0001251067437406609,0.08952203297910274,2.996782020864601e-05,0.20968436796453996,0.0,0.3022993437593418,0.0007006860025708709,0.09197292279809141,0.00018973444447302205,0.3366101149677015,0.226,0.3022993437593418,0.0007006860025708709,0.09197292279809141,0.00018973444447302205,0.3366101149677015,0.226,0.30228469530653307,0.0006972555401896298,0.0919421377394179,0.00018593445057839375,0.3363331900949542,0.224,0.29310811683246063,0.00011852358125442247,0.08953408540147467,2.972970948272768e-05,0.20940777691522444,0.0,1.0,0.774,0.774,1.0,0.0,0.0,-1.4648452808811552e-05,0.0008540578354804288,0.2931243183603606
normal,400,0.2,2.0,0.7,500,"[20260825, 205]",-2.9965641637977907,3,80.91555821765427,80.95048787493548,5.642485146504218,63.01223981883396,96.95103633409249,7.282400239588886,0.0,1.0,0.688,0.0,0.37968836601314626,0.00011456696650521477,0.11501626315583902,3.480935282750327e-05,0.0,1.0,0.363766770859605,0.00012608825157421844,0.11285390679066128,3.5605117071057745e-05,0.07824225003518566,0.0,0.374593722996754,0.00035526046706896227,0.11434504474508286,5.841876892473457e-05,0.157258759334386,0.686,0.374593722996754,0.00035526046706896227,0.11434504474508286,5.841876892473457e-05,0.157258759334386,0.686,0.3750375923700659,0.0003364542866043252,0.11440318380457253,5.410146154475291e-05,0.1556917457877152,0.714,0.36435298406661637,0.0001671499787902066,0.11293340735895831,3.898384122525185e-05,0.09047525015536109,0.012,1.0,0.314,0.314,0.988,0.0,0.0,0.00044386937331193,0.0004176186965183275,0.363766770859605
normal,400,0.2,2.0,1.0,500,"[20260825, 206]",-2.5289471625371798,3,92.93554337013084,93.09098712964203,5.721701903259598,74.28211946384995,110.76217783173072,0.0,0.0,1.0,0.986,0.0,0.2918618875732182,7.735648228826668e-05,0.08934385911198,2.5750875108261747e-05,0.0,1.0,0.293355767671429,0.0001374410406410366,0.08956074539054079,3.0270473571429416e-05,0.11124786643833033,0.0,0.29194129526579676,8.729865320299034e-05,0.08935494929594692,2.618677012212735e-05,0.02707916455462504,0.99,0.29194129526579676,8.729865320299034e-05,0.08935494929594692,2.618677012212735e-05,0.02707916455462504,0.99,0.29194353726407535,8.766339282776598e-05,0.0893544505744503,2.6110933587386633e-05,0.028038570418137218,0.992,0.2924078461337175,0.00011063839799700194,0.08942566767709079,2.814803392281133e-05,0.06782179531948312,0.72,0.054,0.0,0.0,0.008,0.0,0.0,2.2419982785788494e-06,3.802147315506703e-05,0.2918618875732182
normal,400,0.2,2.0,1.25,500,"[20260825, 207]",-2.327313172361551,3,97.26529251685392,97.46260034869132,5.563035454096158,78.27431556980099,112.93181780224401,6.07908078230337,0.0,1.0,0.904,0.0,0.25178129747456257,6.878916702972055e-05,0.07589303007334113,2.741661387127017e-05,0.0,1.0,0.2482041263011019,0.00012215623242792624,0.07521955491048712,2.9697521093810026e-05,0.13627538153380436,0.0,0.2516094827311373,7.456155842404096e-05,0.075857765581155,2.7127344678181077e-05,0.07059978001783684,0.956,0.2516094827311373,7.456155842404096e-05,0.075857765581155,2.7127344678181077e-05,0.07059978001783684,0.956,0.25158300364211306,8.072644995166454e-05,0.07585968055028458,2.873721119232123e-05,0.08119209043878568,0.944,0.2485348448912057,0.00011474619130915633,0.0752999374821824,2.9955188258943167e-05,0.14474923837352768,0.124,0.934,0.044,0.044,0.848,0.0,0.0,-2.6479089024239344e-05,5.508511113540423e-05,0.2482041263011019
normal,400,0.2,2.0,1.5,500,"[20260825, 208]",-2.199840903225337,3,100.11889974891837,100.11754079056702,5.163383559066012,86.75870354931958,114.33849776738525,25.02972493722959,0.0,1.0,0.642,0.0,0.2271304944586802,6.32136884184821e-05,0.06700362230467627,3.1582014768624586e-05,0.0,1.0,0.21352364622926234,0.00012379312897360363,0.06445242476449695,2.9130303427878598e-05,0.1673948771371429,0.0,0.2226287844455636,0.00030794877802426724,0.06618159718143604,6.277578526245984e-05,0.23398200247403184,0.688,0.2226287844455636,0.00030794877802426724,0.06618159718143604,6.277578526245984e-05,0.23398200247403184,0.688,0.2222082985189717,0.00031339796572840093,0.0660922046176907,6.292063666043584e-05,0.23584217777672573,0.66,0.21358128288405395,0.00012123016844229237,0.06447825703792018,2.9601571541196816e-05,0.16963612440920628,0.002,0.998,0.312,0.312,0.996,0.0,0.0,-0.0004204859265918829,0.0003859597069056529,0.21352364622926234
normal,400,0.2,2.0,2.0,500,"[20260825, 209]",-2.0504151541172417,3,102.78499999036373,102.82433245982509,4.9363274695667,85.79731611519,119.72730467210684,102.78499999036373,0.0,1.0,0.702,0.0,0.19998643432200552,5.794019295600226e-05,0.05656518271945731,4.228432370115327e-05,0.0,1.0,0.16533062236144178,0.00017818259441161334,0.04938715698680773,2.985818994819795e-05,0.27285266205215947,0.0,0.171772332314012,0.0005893355705731632,0.05080333652972816,0.00012458396332498982,0.3188197061185983,0.174,0.171772332314012,0.0005893355705731632,0.05080333652972816,0.00012458396332498982,0.3188197061185983,0.174,0.17155147154392755,0.0005708994774742583,0.050748531707961404,0.00012033236850078085,0.31978312696821226,0.162,0.16519441910314303,0.00015849390329302878,0.04939514590570095,2.9677634030883463e-05,0.26511664750367003,0.0,1.0,0.826,0.826,1.0,0.0,0.0,-0.000220860770084455,0.0006962882283228443,0.16533062236144178
normal,400,0.5,0.5,0.7,500,"[20260825, 210]",-0.5481596042002601,3,38.125200104802104,38.18892027993962,2.503071605064168,28.88465139060041,45.424134477177276,3.4312680094321903,0.0,1.0,0.786,0.0,0.671563018528043,8.787424801313686e-05,0.23889861764231982,3.751521517919123e-05,0.0,1.0,0.6679613998039075,0.0001233728700967751,0.23763200878932275,5.478309332973245e-05,0.15662999824934176,0.0,0.6706769020483452,0.00012059367049773047,0.23858741488766663,4.909035117653393e-05,0.1608709917768981,0.786,0.6706769020483452,0.00012059367049773047,0.23858741488766663,4.909035117653393e-05,0.1608709917768981,0.786,0.670692244908451,0.0001245054824140458,0.23858653292340176,5.0349990424664884e-05,0.15724719983632712,0.79,0.6686652653062128,0.00012761409646164126,0.2378700637173618,5.42781341916114e-05,0.1705940281053535,0.2,0.952,0.21,0.21,0.784,0.0,0.0,1.5342860105928e-05,9.620081612872694e-05,0.6679613998039075
normal,400,0.5,0.5,1.0,500,"[20260825, 211]",-0.39866968039243333,3,40.43153823128547,40.5252378479595,2.5382333710407585,33.0163013484245,48.400509655355464,0.0,0.0,1.0,0.97,0.0,0.6403539116172844,7.651110632015815e-05,0.22493458111507147,3.397318489805251e-05,0.0,1.0,0.6417463102669824,0.0001311096279618562,0.2254386017419245,5.1486463400346065e-05,0.16554632746475997,0.0,0.6404565999975971,8.514218129503886e-05,0.22497213214365686,3.666715168382786e-05,0.043609036147455725,0.978,0.6404565999975971,8.514218129503886e-05,0.22497213214365686,3.666715168382786e-05,0.043609036147455725,0.978,0.6404481216477389,8.394630372209428e-05,0.2249743299889659,3.706571685682196e-05,0.04241589993336522,0.98,0.6408966197308018,0.00011028176057654408,0.2251317517066521,4.492956606727535e-05,0.103474696479231,0.678,0.022,0.0,0.0,0.006,0.0,0.0,-8.478349858409784e-06,3.8076000750695824e-05,0.6403539116172844
normal,400,0.5,0.5,1.25,500,"[20260825, 212]",-0.3299502508062101,3,41.78589330129875,41.629733686707475,2.7885050883991447,34.533775657724284,52.58350628245907,2.611618331331172,0.0,1.0,0.894,0.0,0.6178097558889288,8.001903141195699e-05,0.21477760678168709,3.7711532890253156e-05,0.0,1.0,0.6163208188064748,0.00012636601087273906,0.21411912912385178,4.386866280280595e-05,0.17089101486156733,0.0,0.6177004833838471,8.41591342359101e-05,0.2147242761644512,3.812291182516381e-05,0.10414218673922017,0.928,0.6177004833838471,8.41591342359101e-05,0.2147242761644512,3.812291182516381e-05,0.10414218673922017,0.928,0.6177218230125124,8.366005590849187e-05,0.21473954799705824,3.8871695490986275e-05,0.08835431885086109,0.946,0.616493525909119,0.00011149759687123366,0.2142228531103998,4.1988607929051567e-05,0.1742032857136761,0.248,0.852,0.06,0.06,0.696,0.0,0.0,2.1339628665494327e-05,3.4555548910625595e-05,0.6163208188064748
normal,400,0.5,0.5,1.5,500,"[20260825, 213]",-0.2842134249531738,3,42.39326800759706,42.39174621491806,2.50064904220097,35.311495831305876,49.77384268427761,10.598317001899265,0.0,1.0,0.664,0.0,0.5981459122491399,6.166678765791753e-05,0.20582166023592607,3.0522978742444435e-05,0.0,1.0,0.589073381956589,0.00012343483336910561,0.20248958197890687,3.920171719485585e-05,0.19306998310649398,0.0,0.5952379627211637,0.00021072619627325703,0.20477605029907278,7.749899893689228e-05,0.23677155165937253,0.71,0.5952379627211637,0.00021072619627325703,0.20477605029907278,7.749899893689228e-05,0.23677155165937253,0.71,0.5953300386909665,0.00020800534855704384,0.20481213275482218,7.67225171923171e-05,0.23195934881758845,0.718,0.5893923705189232,0.00013126938129827525,0.20262923003575975,4.53382531057952e-05,0.21085667847602488,0.016,0.994,0.29,0.29,0.98,0.0,0.0,9.207596980277976e-05,0.0002608583784396468,0.589073381956589
normal,400,0.5,0.5,2.0,500,"[20260825, 214]",-0.22604298351630997,3,42.87841399855212,42.85568600133349,2.594419691425478,35.572072813181904,50.41985841793571,42.87841399855212,0.0,1.0,0.684,0.0,0.5676921019317515,6.315857026555031e-05,0.19183536818633884,3.500533687409293e-05,0.0,1.0,0.5342488559684155,0.0001169614735431187,0.1802731539634002,3.692355075371755e-05,0.2073777654445649,0.0,0.5421487367144455,0.0005963187649654746,0.18301175148208307,0.0002061261999948441,0.3349618114702361,0.212,0.5421487367144455,0.0005963187649654746,0.18301175148208307,0.0002061261999948441,0.3349618114702361,0.212,0.5414221962962392,0.0005753735523687097,0.1827528899567607,0.00019916100277416547,0.32094709816833816,0.188,0.5343158405354208,0.00011617405947889975,0.18030876757421582,3.783775141262851e-05,0.2109375821616215,0.0,1.0,0.788,0.788,1.0,0.0,0.0,-0.0007265404182062479,0.0007077673606745475,0.5342488559684155
normal,400,0.5,1.0,0.7,500,"[20260825, 215]",-0.6011472245998741,3,93.18886505802573,93.64341938689215,4.05727877448779,79.86224287665436,103.00597505480586,8.386997855222317,0.0,1.0,0.676,0.0,0.6130256119996835,8.931023792668826e-05,0.2103183976679635,3.732974746867298e-05,0.0,1.0,0.599969427111891,0.00012044622428105397,0.20711737435642047,4.190434610364321e-05,0.08856392773334185,0.0,0.6078088560757244,0.0003140926679330523,0.20902798962961355,8.250830703799022e-05,0.16766375640784573,0.614,0.6078088560757244,0.0003140926679330523,0.20902798962961355,8.250830703799022e-05,0.16766375640784573,0.614,0.6076960381920722,0.00031689258481573006,0.20899571987408708,8.310688671952912e-05,0.1671814520976129,0.606,0.6005497388506417,0.00016206425562003503,0.20724578362624088,4.889901430105558e-05,0.10164377046149331,0.03,1.0,0.386,0.386,0.97,0.0,0.0,-0.00011281788365226375,0.0003545001304241928,0.599969427111891
normal,400,0.5,1.0,1.0,500,"[20260825, 216]",-0.45208596703261994,3,93.72914365265545,93.74327255349866,4.1010512336874285,82.34900216998068,108.49357258369474,0.0,0.0,1.0,0.984,0.0,0.5330810348615593,9.04130271216137e-05,0.1800003860330658,3.422079205732868e-05,0.0,1.0,0.5347258586334874,0.0001612585302403672,0.18037730834057214,4.2198483099958114e-05,0.11559850637637244,0.0,0.5332364948825657,0.00012200238818411219,0.18003019748936783,3.686171478067622e-05,0.0349662032576401,0.986,0.5332364948825657,0.00012200238818411219,0.18003019748936783,3.686171478067622e-05,0.0349662032576401,0.986,0.5330890833383525,9.061505432588727e-05,0.18000265026377285,3.425191578338785e-05,0.008346074517604616,0.998,0.5337373825005464,0.00013842369336048482,0.18014357334261885,3.8647124664675804e-05,0.07260779735773813,0.672,0.04,0.0,0.0,0.004,0.0,0.0,-0.0001474115442132411,7.024161782028859e-05,0.5330810348615593
normal,400,0.5,1.0,1.25,500,"[20260825, 217]",-0.37897254629952803,3,94.4885999404662,94.53457774812088,3.927301206734287,81.9632187055913,106.42437514906406,5.905537496279138,0.0,1.0,0.902,0.0,0.48772940990246993,7.041848261134863e-05,0.1618497005155656,3.2590978903571495e-05,0.0,1.0,0.48323935891329833,0.00011152145019529355,0.16060771667160206,3.221878818837442e-05,0.11893540976528168,0.0,0.487378788573282,9.256200401739514e-05,0.1617545810189666,3.652486343888493e-05,0.10002390408526271,0.918,0.487378788573282,9.256200401739514e-05,0.1617545810189666,3.652486343888493e-05,0.10002390408526271,0.918,0.4873799718506201,9.398378884920288e-05,0.16175024809044555,3.6789462157649555e-05,0.0962996094278802,0.92,0.4837670733176113,0.00011839212825549952,0.16077178816491342,3.6690455322574935e-05,0.13168630541297466,0.114,0.968,0.08,0.08,0.872,0.0,0.0,1.1832773381017514e-06,6.912677715958139e-05,0.48323935891329833
normal,400,0.5,1.0,1.5,500,"[20260825, 218]",-0.3274508960443001,3,94.30577510584747,94.35792808124882,3.64312087618847,82.57111807790452,108.08975572533848,23.57644377646187,0.0,1.0,0.62,0.0,0.45585004946550706,7.120080949717125e-05,0.14860064182451435,3.636447739933787e-05,0.0,1.0,0.43876838622177033,0.00013318564142397138,0.14403363966330307,3.6439198083038126e-05,0.1503527198470367,0.0,0.4488702544920386,0.0004004651609927335,0.14676938003544282,0.00011015343239404737,0.24739709866204637,0.606,0.4488702544920386,0.0004004651609927335,0.14676938003544282,0.00011015343239404737,0.24739709866204637,0.606,0.44965332399561475,0.000386301991893226,0.14696003249024325,0.00010558233655340757,0.24319574839791983,0.65,0.4389367630473226,0.00013553614765439198,0.14409422883885176,3.858583391079893e-05,0.15565033464488462,0.0,0.996,0.394,0.394,0.998,0.0,0.0,0.0007830695035761692,0.0004903603300444901,0.43876838622177033
normal,400,0.5,1.0,2.0,500,"[20260825, 219]",-0.25812333977812374,3,94.2505044510302,94.18989227917001,3.679447228182219,82.63830074540208,104.56523152069457,94.2505044510302,0.0,1.0,0.822,0.0,0.41489404356918147,5.376839697577285e-05,0.13092562259672855,3.587804032873219e-05,0.0,1.0,0.3660933122849589,0.00012676861903208794,0.11798403522101782,2.8321320418365667e-05,0.19459838016610287,0.0,0.3702019657066282,0.0005506559137209683,0.11909166399517054,0.00014680506196296808,0.23533223035252956,0.068,0.3702019657066282,0.0005506559137209683,0.11909166399517054,0.00014680506196296808,0.23533223035252956,0.068,0.3711746682531619,0.0006179191675251849,0.11935326377345525,0.00016368811277908587,0.2524703653477814,0.09,0.3660494835644147,0.00011939144337359376,0.11798855253705852,2.8161008688601047e-05,0.1938589237797831,0.0,1.0,0.932,0.932,1.0,0.0,0.0,0.000972702546533752,0.0007265759980549909,0.3660933122849589
normal,400,0.5,2.0,0.7,500,"[20260825, 220]",-0.6923660444400166,3,112.62029554435463,112.62582718795305,3.955430821624416,100.3674049274591,124.37431858885233,10.135826598991919,0.0,1.0,0.664,0.0,0.4765332573924656,0.00012616569442494953,0.1538196065594526,4.9094977711680674e-05,0.0,1.0,0.4558493202263054,0.0001245560333350671,0.15032099414398398,3.2269899215632875e-05,0.06895986989617006,0.0,0.46758331749977233,0.00047814470497094307,0.1522726046265787,8.697561490627077e-05,0.16318705959634602,0.576,0.46758331749977233,0.00047814470497094307,0.1522726046265787,8.697561490627077e-05,0.16318705959634602,0.576,0.4682650269399425,0.0004748800893464968,0.15236684673135373,8.488869526961772e-05,0.16151483891952756,0.608,0.4562937721874212,0.00015109176663894705,0.15038959126552828,3.503713352536819e-05,0.07655345905758403,0.004,0.998,0.424,0.424,0.996,0.0,0.0,0.0006817094401700978,0.0005541507998246249,0.4558493202263054
normal,400,0.5,2.0,1.0,500,"[20260825, 221]",-0.5162466795562475,3,111.30217135421812,111.28154207006722,4.061127624108035,100.73166871656605,122.18632777924077,0.0,0.0,1.0,0.98,0.0,0.36480077076495615,8.385500753073578e-05,0.1177867590327635,2.7411116059639393e-05,0.0,1.0,0.366245589511395,0.00013000527841399467,0.11804628620602992,3.2553014483734814e-05,0.10291704640550088,0.0,0.3648582164244912,8.735923236445607e-05,0.1177990962166044,2.7826280168787022e-05,0.019681582835126357,0.99,0.3648582164244912,8.735923236445607e-05,0.1177990962166044,2.7826280168787022e-05,0.019681582835126357,0.99,0.3648897176845925,9.125664842709562e-05,0.11780331950039073,2.8206265414488948e-05,0.026019947654091605,0.986,0.3653272192641623,0.0001092029643913897,0.11788083123775571,3.0019653151201325e-05,0.06279660016103386,0.678,0.03,0.0,0.0,0.018,0.0,0.0,3.15012601013116e-05,4.2090310486930496e-05,0.36480077076495615
normal,400,0.5,2.0,1.25,500,"[20260825, 222]",-0.4259336570781149,3,110.57374969022104,110.58547293852962,4.060602467545424,98.18914319044032,122.53288971824146,6.910859355638815,0.0,1.0,0.872,0.0,0.3163317977335255,6.585512523454063e-05,0.10021601800667589,2.646404339356955e-05,0.0,1.0,0.3120131829801232,0.000146863165300556,0.09928628186310832,3.14952921753471e-05,0.13778046616175738,0.0,0.3160354267464669,8.710727465283593e-05,0.10014755527906984,2.83267388171733e-05,0.09354326871307553,0.93,0.3160354267464669,8.710727465283593e-05,0.10014755527906984,2.83267388171733e-05,0.09354326871307553,0.93,0.316011027522167,8.618501981767935e-05,0.10013640304143448,2.8351664827684133e-05,0.1173517750088539,0.906,0.3124528087828206,0.00014189740086512727,0.09940013388030285,3.31168073167869e-05,0.14801633514390225,0.106,0.938,0.068,0.068,0.86,0.0,0.0,-2.4399224299949675e-05,7.574167470439478e-05,0.3120131829801232
normal,400,0.5,2.0,1.5,500,"[20260825, 223]",-0.3622576368137276,3,109.99317553971615,110.0496783263946,4.2077139593525805,97.95635752113397,123.19500007803373,27.498293884929037,0.0,1.0,0.634,0.0,0.286728168574336,6.410744328955133e-05,0.08870395734190305,3.0875646211033745e-05,0.0,1.0,0.27079945950573164,0.00014097739984736507,0.08534027632999036,3.105699323964832e-05,0.16325164395203134,0.0,0.27995835698325383,0.00038063455233702077,0.08730647923341013,8.222413917874744e-05,0.25347047508642884,0.6,0.27995835698325383,0.00038063455233702077,0.08730647923341013,8.222413917874744e-05,0.25347047508642884,0.6,0.2797818695111409,0.00038544851878061735,0.08726854323651458,8.359427598907372e-05,0.25793591423704215,0.592,0.27073586591894205,0.00013066794154477092,0.08535313401564316,3.146169787690829e-05,0.16505344837730646,0.0,0.998,0.4,0.4,0.998,0.0,0.0,-0.00017648747211295313,0.00045779677035683204,0.27079945950573164
normal,400,0.5,2.0,2.0,500,"[20260825, 224]",-0.2771520089265439,3,109.02237040491158,108.85470903393313,4.1511777110659684,98.47270407554183,124.5614926564005,109.02237040491158,0.0,1.0,0.794,0.0,0.25385471831004536,4.6641800718386374e-05,0.07529629484160659,2.6904653109334208e-05,0.0,1.0,0.21225024370453643,0.00011673098875058514,0.06664540612117832,2.8393164806452608e-05,0.2191354512429047,0.0,0.21799993162670514,0.0005826375852885693,0.06780476922303526,0.00012339662805330894,0.2665990830476457,0.114,0.21799993162670514,0.0005826375852885693,0.06780476922303526,0.00012339662805330894,0.2665990830476457,0.114,0.21725949596763644,0.0005417447726373642,0.06764381167679413,0.00011479306095629358,0.2459469289008196,0.096,0.21222242381867581,0.00011062948554466871,0.06664698073133578,2.790957301785275e-05,0.21511463145801818,0.0,1.0,0.886,0.886,1.0,0.0,0.0,-0.000740435659068712,0.0006968466294249112,0.21225024370453643
